//===- bert_unicode_tables.hpp ------------------------------*- C++ -*-===//
//
// GENERATED by tools/gen_tokenizer_tables.py -- DO NOT EDIT.
// SPDX-License-Identifier: MIT
//
// The Unicode facts BERT's BasicTokenizer is defined in terms of, computed
// from Python 3.13.15's unicodedata (UCD 15.1.0) so the C++ agrees with HuggingFace by
// construction rather than by careful reading.
//
//   fold      16253 codepoints whose lower()+NFD-drop-Mn differs
//   punct     186 ranges
//   control   714 ranges
//   space     9 ranges

#pragma once
#include <cstdint>

namespace bert_uni {

inline constexpr const char *kUnicodeVersion = "15.1.0";
inline constexpr uint32_t kGreekCapitalSigma = 0x3A3;
inline constexpr uint32_t kGreekSmallSigma = 0x3C3;
inline constexpr uint32_t kGreekFinalSigma = 0x3C2;

struct CpRange { uint32_t lo, hi; };
struct FoldEntry { uint32_t cp; uint32_t off; uint32_t len; };

inline constexpr uint32_t kFoldData[] = {
    0x61, 0x62, 0x63, 0x64, 0x65, 0x66, 0x67, 0x68, 0x69, 0x6A, 0x6B, 0x6C,
    0x6D, 0x6E, 0x6F, 0x70, 0x71, 0x72, 0x73, 0x74, 0x75, 0x76, 0x77, 0x78,
    0x79, 0x7A, 0x61, 0x61, 0x61, 0x61, 0x61, 0x61, 0xE6, 0x63, 0x65, 0x65,
    0x65, 0x65, 0x69, 0x69, 0x69, 0x69, 0xF0, 0x6E, 0x6F, 0x6F, 0x6F, 0x6F,
    0x6F, 0xF8, 0x75, 0x75, 0x75, 0x75, 0x79, 0xFE, 0x61, 0x61, 0x61, 0x61,
    0x61, 0x61, 0x63, 0x65, 0x65, 0x65, 0x65, 0x69, 0x69, 0x69, 0x69, 0x6E,
    0x6F, 0x6F, 0x6F, 0x6F, 0x6F, 0x75, 0x75, 0x75, 0x75, 0x79, 0x79, 0x61,
    0x61, 0x61, 0x61, 0x61, 0x61, 0x63, 0x63, 0x63, 0x63, 0x63, 0x63, 0x63,
    0x63, 0x64, 0x64, 0x111, 0x65, 0x65, 0x65, 0x65, 0x65, 0x65, 0x65, 0x65,
    0x65, 0x65, 0x67, 0x67, 0x67, 0x67, 0x67, 0x67, 0x67, 0x67, 0x68, 0x68,
    0x127, 0x69, 0x69, 0x69, 0x69, 0x69, 0x69, 0x69, 0x69, 0x69, 0x133, 0x6A,
    0x6A, 0x6B, 0x6B, 0x6C, 0x6C, 0x6C, 0x6C, 0x6C, 0x6C, 0x140, 0x142, 0x6E,
    0x6E, 0x6E, 0x6E, 0x6E, 0x6E, 0x14B, 0x6F, 0x6F, 0x6F, 0x6F, 0x6F, 0x6F,
    0x153, 0x72, 0x72, 0x72, 0x72, 0x72, 0x72, 0x73, 0x73, 0x73, 0x73, 0x73,
    0x73, 0x73, 0x73, 0x74, 0x74, 0x74, 0x74, 0x167, 0x75, 0x75, 0x75, 0x75,
    0x75, 0x75, 0x75, 0x75, 0x75, 0x75, 0x75, 0x75, 0x77, 0x77, 0x79, 0x79,
    0x79, 0x7A, 0x7A, 0x7A, 0x7A, 0x7A, 0x7A, 0x253, 0x183, 0x185, 0x254, 0x188,
    0x256, 0x257, 0x18C, 0x1DD, 0x259, 0x25B, 0x192, 0x260, 0x263, 0x269, 0x268, 0x199,
    0x26F, 0x272, 0x275, 0x6F, 0x6F, 0x1A3, 0x1A5, 0x280, 0x1A8, 0x283, 0x1AD, 0x288,
    0x75, 0x75, 0x28A, 0x28B, 0x1B4, 0x1B6, 0x292, 0x1B9, 0x1BD, 0x1C6, 0x1C6, 0x1C9,
    0x1C9, 0x1CC, 0x1CC, 0x61, 0x61, 0x69, 0x69, 0x6F, 0x6F, 0x75, 0x75, 0x75,
    0x75, 0x75, 0x75, 0x75, 0x75, 0x75, 0x75, 0x61, 0x61, 0x61, 0x61, 0xE6,
    0xE6, 0x1E5, 0x67, 0x67, 0x6B, 0x6B, 0x6F, 0x6F, 0x6F, 0x6F, 0x292, 0x292,
    0x6A, 0x1F3, 0x1F3, 0x67, 0x67, 0x195, 0x1BF, 0x6E, 0x6E, 0x61, 0x61, 0xE6,
    0xE6, 0xF8, 0xF8, 0x61, 0x61, 0x61, 0x61, 0x65, 0x65, 0x65, 0x65, 0x69,
    0x69, 0x69, 0x69, 0x6F, 0x6F, 0x6F, 0x6F, 0x72, 0x72, 0x72, 0x72, 0x75,
    0x75, 0x75, 0x75, 0x73, 0x73, 0x74, 0x74, 0x21D, 0x68, 0x68, 0x19E, 0x223,
    0x225, 0x61, 0x61, 0x65, 0x65, 0x6F, 0x6F, 0x6F, 0x6F, 0x6F, 0x6F, 0x6F,
    0x6F, 0x79, 0x79, 0x2C65, 0x23C, 0x19A, 0x2C66, 0x242, 0x180, 0x289, 0x28C, 0x247,
    0x249, 0x24B, 0x24D, 0x24F, 0x371, 0x373, 0x2B9, 0x377, 0x3B, 0x3F3, 0xA8, 0x3B1,
    0xB7, 0x3B5, 0x3B7, 0x3B9, 0x3BF, 0x3C5, 0x3C9, 0x3B9, 0x3B1, 0x3B2, 0x3B3, 0x3B4,
    0x3B5, 0x3B6, 0x3B7, 0x3B8, 0x3B9, 0x3BA, 0x3BB, 0x3BC, 0x3BD, 0x3BE, 0x3BF, 0x3C0,
    0x3C1, 0x3C3, 0x3C4, 0x3C5, 0x3C6, 0x3C7, 0x3C8, 0x3C9, 0x3B9, 0x3C5, 0x3B1, 0x3B5,
    0x3B7, 0x3B9, 0x3C5, 0x3B9, 0x3C5, 0x3BF, 0x3C5, 0x3C9, 0x3D7, 0x3D2, 0x3D2, 0x3D9,
    0x3DB, 0x3DD, 0x3DF, 0x3E1, 0x3E3, 0x3E5, 0x3E7, 0x3E9, 0x3EB, 0x3ED, 0x3EF, 0x3B8,
    0x3F8, 0x3F2, 0x3FB, 0x37B, 0x37C, 0x37D, 0x435, 0x435, 0x452, 0x433, 0x454, 0x455,
    0x456, 0x456, 0x458, 0x459, 0x45A, 0x45B, 0x43A, 0x438, 0x443, 0x45F, 0x430, 0x431,
    0x432, 0x433, 0x434, 0x435, 0x436, 0x437, 0x438, 0x438, 0x43A, 0x43B, 0x43C, 0x43D,
    0x43E, 0x43F, 0x440, 0x441, 0x442, 0x443, 0x444, 0x445, 0x446, 0x447, 0x448, 0x449,
    0x44A, 0x44B, 0x44C, 0x44D, 0x44E, 0x44F, 0x438, 0x435, 0x435, 0x433, 0x456, 0x43A,
    0x438, 0x443, 0x461, 0x463, 0x465, 0x467, 0x469, 0x46B, 0x46D, 0x46F, 0x471, 0x473,
    0x475, 0x475, 0x475, 0x479, 0x47B, 0x47D, 0x47F, 0x481, 0x48B, 0x48D, 0x48F, 0x491,
    0x493, 0x495, 0x497, 0x499, 0x49B, 0x49D, 0x49F, 0x4A1, 0x4A3, 0x4A5, 0x4A7, 0x4A9,
    0x4AB, 0x4AD, 0x4AF, 0x4B1, 0x4B3, 0x4B5, 0x4B7, 0x4B9, 0x4BB, 0x4BD, 0x4BF, 0x4CF,
    0x436, 0x436, 0x4C4, 0x4C6, 0x4C8, 0x4CA, 0x4CC, 0x4CE, 0x430, 0x430, 0x430, 0x430,
    0x4D5, 0x435, 0x435, 0x4D9, 0x4D9, 0x4D9, 0x436, 0x436, 0x437, 0x437, 0x4E1, 0x438,
    0x438, 0x438, 0x438, 0x43E, 0x43E, 0x4E9, 0x4E9, 0x4E9, 0x44D, 0x44D, 0x443, 0x443,
    0x443, 0x443, 0x443, 0x443, 0x447, 0x447, 0x4F7, 0x44B, 0x44B, 0x4FB, 0x4FD, 0x4FF,
    0x501, 0x503, 0x505, 0x507, 0x509, 0x50B, 0x50D, 0x50F, 0x511, 0x513, 0x515, 0x517,
    0x519, 0x51B, 0x51D, 0x51F, 0x521, 0x523, 0x525, 0x527, 0x529, 0x52B, 0x52D, 0x52F,
    0x561, 0x562, 0x563, 0x564, 0x565, 0x566, 0x567, 0x568, 0x569, 0x56A, 0x56B, 0x56C,
    0x56D, 0x56E, 0x56F, 0x570, 0x571, 0x572, 0x573, 0x574, 0x575, 0x576, 0x577, 0x578,
    0x579, 0x57A, 0x57B, 0x57C, 0x57D, 0x57E, 0x57F, 0x580, 0x581, 0x582, 0x583, 0x584,
    0x585, 0x586, 0x627, 0x627, 0x648, 0x627, 0x64A, 0x6D5, 0x6C1, 0x6D2, 0x928, 0x930,
    0x933, 0x915, 0x916, 0x917, 0x91C, 0x921, 0x922, 0x92B, 0x92F, 0x9C7, 0x9BE, 0x9C7,
    0x9D7, 0x9A1, 0x9A2, 0x9AF, 0xA32, 0xA38, 0xA16, 0xA17, 0xA1C, 0xA2B, 0xB47, 0xB47,
    0xB3E, 0xB47, 0xB57, 0xB21, 0xB22, 0xB92, 0xBD7, 0xBC6, 0xBBE, 0xBC7, 0xBBE, 0xBC6,
    0xBD7, 0xCD5, 0xCD5, 0xCD6, 0xCC2, 0xCC2, 0xCD5, 0xD46, 0xD3E, 0xD47, 0xD3E, 0xD46,
    0xD57, 0xDD9, 0xDD9, 0xDCF, 0xDD9, 0xDCF, 0xDD9, 0xDDF, 0xF42, 0xF4C, 0xF51, 0xF56,
    0xF5B, 0xF40, 0x1025, 0x2D00, 0x2D01, 0x2D02, 0x2D03, 0x2D04, 0x2D05, 0x2D06, 0x2D07, 0x2D08,
    0x2D09, 0x2D0A, 0x2D0B, 0x2D0C, 0x2D0D, 0x2D0E, 0x2D0F, 0x2D10, 0x2D11, 0x2D12, 0x2D13, 0x2D14,
    0x2D15, 0x2D16, 0x2D17, 0x2D18, 0x2D19, 0x2D1A, 0x2D1B, 0x2D1C, 0x2D1D, 0x2D1E, 0x2D1F, 0x2D20,
    0x2D21, 0x2D22, 0x2D23, 0x2D24, 0x2D25, 0x2D27, 0x2D2D, 0xAB70, 0xAB71, 0xAB72, 0xAB73, 0xAB74,
    0xAB75, 0xAB76, 0xAB77, 0xAB78, 0xAB79, 0xAB7A, 0xAB7B, 0xAB7C, 0xAB7D, 0xAB7E, 0xAB7F, 0xAB80,
    0xAB81, 0xAB82, 0xAB83, 0xAB84, 0xAB85, 0xAB86, 0xAB87, 0xAB88, 0xAB89, 0xAB8A, 0xAB8B, 0xAB8C,
    0xAB8D, 0xAB8E, 0xAB8F, 0xAB90, 0xAB91, 0xAB92, 0xAB93, 0xAB94, 0xAB95, 0xAB96, 0xAB97, 0xAB98,
    0xAB99, 0xAB9A, 0xAB9B, 0xAB9C, 0xAB9D, 0xAB9E, 0xAB9F, 0xABA0, 0xABA1, 0xABA2, 0xABA3, 0xABA4,
    0xABA5, 0xABA6, 0xABA7, 0xABA8, 0xABA9, 0xABAA, 0xABAB, 0xABAC, 0xABAD, 0xABAE, 0xABAF, 0xABB0,
    0xABB1, 0xABB2, 0xABB3, 0xABB4, 0xABB5, 0xABB6, 0xABB7, 0xABB8, 0xABB9, 0xABBA, 0xABBB, 0xABBC,
    0xABBD, 0xABBE, 0xABBF, 0x13F8, 0x13F9, 0x13FA, 0x13FB, 0x13FC, 0x13FD, 0x1B05, 0x1B35, 0x1B07,
    0x1B35, 0x1B09, 0x1B35, 0x1B0B, 0x1B35, 0x1B0D, 0x1B35, 0x1B11, 0x1B35, 0x1B35, 0x1B35, 0x1B3E,
    0x1B35, 0x1B3F, 0x1B35, 0x1B35, 0x10D0, 0x10D1, 0x10D2, 0x10D3, 0x10D4, 0x10D5, 0x10D6, 0x10D7,
    0x10D8, 0x10D9, 0x10DA, 0x10DB, 0x10DC, 0x10DD, 0x10DE, 0x10DF, 0x10E0, 0x10E1, 0x10E2, 0x10E3,
    0x10E4, 0x10E5, 0x10E6, 0x10E7, 0x10E8, 0x10E9, 0x10EA, 0x10EB, 0x10EC, 0x10ED, 0x10EE, 0x10EF,
    0x10F0, 0x10F1, 0x10F2, 0x10F3, 0x10F4, 0x10F5, 0x10F6, 0x10F7, 0x10F8, 0x10F9, 0x10FA, 0x10FD,
    0x10FE, 0x10FF, 0x61, 0x61, 0x62, 0x62, 0x62, 0x62, 0x62, 0x62, 0x63, 0x63,
    0x64, 0x64, 0x64, 0x64, 0x64, 0x64, 0x64, 0x64, 0x64, 0x64, 0x65, 0x65,
    0x65, 0x65, 0x65, 0x65, 0x65, 0x65, 0x65, 0x65, 0x66, 0x66, 0x67, 0x67,
    0x68, 0x68, 0x68, 0x68, 0x68, 0x68, 0x68, 0x68, 0x68, 0x68, 0x69, 0x69,
    0x69, 0x69, 0x6B, 0x6B, 0x6B, 0x6B, 0x6B, 0x6B, 0x6C, 0x6C, 0x6C, 0x6C,
    0x6C, 0x6C, 0x6C, 0x6C, 0x6D, 0x6D, 0x6D, 0x6D, 0x6D, 0x6D, 0x6E, 0x6E,
    0x6E, 0x6E, 0x6E, 0x6E, 0x6E, 0x6E, 0x6F, 0x6F, 0x6F, 0x6F, 0x6F, 0x6F,
    0x6F, 0x6F, 0x70, 0x70, 0x70, 0x70, 0x72, 0x72, 0x72, 0x72, 0x72, 0x72,
    0x72, 0x72, 0x73, 0x73, 0x73, 0x73, 0x73, 0x73, 0x73, 0x73, 0x73, 0x73,
    0x74, 0x74, 0x74, 0x74, 0x74, 0x74, 0x74, 0x74, 0x75, 0x75, 0x75, 0x75,
    0x75, 0x75, 0x75, 0x75, 0x75, 0x75, 0x76, 0x76, 0x76, 0x76, 0x77, 0x77,
    0x77, 0x77, 0x77, 0x77, 0x77, 0x77, 0x77, 0x77, 0x78, 0x78, 0x78, 0x78,
    0x79, 0x79, 0x7A, 0x7A, 0x7A, 0x7A, 0x7A, 0x7A, 0x68, 0x74, 0x77, 0x79,
    0x17F, 0xDF, 0x61, 0x61, 0x61, 0x61, 0x61, 0x61, 0x61, 0x61, 0x61, 0x61,
    0x61, 0x61, 0x61, 0x61, 0x61, 0x61, 0x61, 0x61, 0x61, 0x61, 0x61, 0x61,
    0x61, 0x61, 0x65, 0x65, 0x65, 0x65, 0x65, 0x65, 0x65, 0x65, 0x65, 0x65,
    0x65, 0x65, 0x65, 0x65, 0x65, 0x65, 0x69, 0x69, 0x69, 0x69, 0x6F, 0x6F,
    0x6F, 0x6F, 0x6F, 0x6F, 0x6F, 0x6F, 0x6F, 0x6F, 0x6F, 0x6F, 0x6F, 0x6F,
    0x6F, 0x6F, 0x6F, 0x6F, 0x6F, 0x6F, 0x6F, 0x6F, 0x6F, 0x6F, 0x75, 0x75,
    0x75, 0x75, 0x75, 0x75, 0x75, 0x75, 0x75, 0x75, 0x75, 0x75, 0x75, 0x75,
    0x79, 0x79, 0x79, 0x79, 0x79, 0x79, 0x79, 0x79, 0x1EFB, 0x1EFD, 0x1EFF, 0x3B1,
    0x3B1, 0x3B1, 0x3B1, 0x3B1, 0x3B1, 0x3B1, 0x3B1, 0x3B1, 0x3B1, 0x3B1, 0x3B1, 0x3B1,
    0x3B1, 0x3B1, 0x3B1, 0x3B5, 0x3B5, 0x3B5, 0x3B5, 0x3B5, 0x3B5, 0x3B5, 0x3B5, 0x3B5,
    0x3B5, 0x3B5, 0x3B5, 0x3B7, 0x3B7, 0x3B7, 0x3B7, 0x3B7, 0x3B7, 0x3B7, 0x3B7, 0x3B7,
    0x3B7, 0x3B7, 0x3B7, 0x3B7, 0x3B7, 0x3B7, 0x3B7, 0x3B9, 0x3B9, 0x3B9, 0x3B9, 0x3B9,
    0x3B9, 0x3B9, 0x3B9, 0x3B9, 0x3B9, 0x3B9, 0x3B9, 0x3B9, 0x3B9, 0x3B9, 0x3B9, 0x3BF,
    0x3BF, 0x3BF, 0x3BF, 0x3BF, 0x3BF, 0x3BF, 0x3BF, 0x3BF, 0x3BF, 0x3BF, 0x3BF, 0x3C5,
    0x3C5, 0x3C5, 0x3C5, 0x3C5, 0x3C5, 0x3C5, 0x3C5, 0x3C5, 0x3C5, 0x3C5, 0x3C5, 0x3C9,
    0x3C9, 0x3C9, 0x3C9, 0x3C9, 0x3C9, 0x3C9, 0x3C9, 0x3C9, 0x3C9, 0x3C9, 0x3C9, 0x3C9,
    0x3C9, 0x3C9, 0x3C9, 0x3B1, 0x3B1, 0x3B5, 0x3B5, 0x3B7, 0x3B7, 0x3B9, 0x3B9, 0x3BF,
    0x3BF, 0x3C5, 0x3C5, 0x3C9, 0x3C9, 0x3B1, 0x3B1, 0x3B1, 0x3B1, 0x3B1, 0x3B1, 0x3B1,
    0x3B1, 0x3B1, 0x3B1, 0x3B1, 0x3B1, 0x3B1, 0x3B1, 0x3B1, 0x3B1, 0x3B7, 0x3B7, 0x3B7,
    0x3B7, 0x3B7, 0x3B7, 0x3B7, 0x3B7, 0x3B7, 0x3B7, 0x3B7, 0x3B7, 0x3B7, 0x3B7, 0x3B7,
    0x3B7, 0x3C9, 0x3C9, 0x3C9, 0x3C9, 0x3C9, 0x3C9, 0x3C9, 0x3C9, 0x3C9, 0x3C9, 0x3C9,
    0x3C9, 0x3C9, 0x3C9, 0x3C9, 0x3C9, 0x3B1, 0x3B1, 0x3B1, 0x3B1, 0x3B1, 0x3B1, 0x3B1,
    0x3B1, 0x3B1, 0x3B1, 0x3B1, 0x3B1, 0x3B9, 0xA8, 0x3B7, 0x3B7, 0x3B7, 0x3B7, 0x3B7,
    0x3B5, 0x3B5, 0x3B7, 0x3B7, 0x3B7, 0x1FBF, 0x1FBF, 0x1FBF, 0x3B9, 0x3B9, 0x3B9, 0x3B9,
    0x3B9, 0x3B9, 0x3B9, 0x3B9, 0x3B9, 0x3B9, 0x1FFE, 0x1FFE, 0x1FFE, 0x3C5, 0x3C5, 0x3C5,
    0x3C5, 0x3C1, 0x3C1, 0x3C5, 0x3C5, 0x3C5, 0x3C5, 0x3C5, 0x3C5, 0x3C1, 0xA8, 0xA8,
    0x60, 0x3C9, 0x3C9, 0x3C9, 0x3C9, 0x3C9, 0x3BF, 0x3BF, 0x3C9, 0x3C9, 0x3C9, 0xB4,
    0x2002, 0x2003, 0x3C9, 0x6B, 0x61, 0x214E, 0x2170, 0x2171, 0x2172, 0x2173, 0x2174, 0x2175,
    0x2176, 0x2177, 0x2178, 0x2179, 0x217A, 0x217B, 0x217C, 0x217D, 0x217E, 0x217F, 0x2184, 0x2190,
    0x2192, 0x2194, 0x21D0, 0x21D4, 0x21D2, 0x2203, 0x2208, 0x220B, 0x2223, 0x2225, 0x223C, 0x2243,
    0x2245, 0x2248, 0x3D, 0x2261, 0x224D, 0x3C, 0x3E, 0x2264, 0x2265, 0x2272, 0x2273, 0x2276,
    0x2277, 0x227A, 0x227B, 0x2282, 0x2283, 0x2286, 0x2287, 0x22A2, 0x22A8, 0x22A9, 0x22AB, 0x227C,
    0x227D, 0x2291, 0x2292, 0x22B2, 0x22B3, 0x22B4, 0x22B5, 0x3008, 0x3009, 0x24D0, 0x24D1, 0x24D2,
    0x24D3, 0x24D4, 0x24D5, 0x24D6, 0x24D7, 0x24D8, 0x24D9, 0x24DA, 0x24DB, 0x24DC, 0x24DD, 0x24DE,
    0x24DF, 0x24E0, 0x24E1, 0x24E2, 0x24E3, 0x24E4, 0x24E5, 0x24E6, 0x24E7, 0x24E8, 0x24E9, 0x2ADD,
    0x2C30, 0x2C31, 0x2C32, 0x2C33, 0x2C34, 0x2C35, 0x2C36, 0x2C37, 0x2C38, 0x2C39, 0x2C3A, 0x2C3B,
    0x2C3C, 0x2C3D, 0x2C3E, 0x2C3F, 0x2C40, 0x2C41, 0x2C42, 0x2C43, 0x2C44, 0x2C45, 0x2C46, 0x2C47,
    0x2C48, 0x2C49, 0x2C4A, 0x2C4B, 0x2C4C, 0x2C4D, 0x2C4E, 0x2C4F, 0x2C50, 0x2C51, 0x2C52, 0x2C53,
    0x2C54, 0x2C55, 0x2C56, 0x2C57, 0x2C58, 0x2C59, 0x2C5A, 0x2C5B, 0x2C5C, 0x2C5D, 0x2C5E, 0x2C5F,
    0x2C61, 0x26B, 0x1D7D, 0x27D, 0x2C68, 0x2C6A, 0x2C6C, 0x251, 0x271, 0x250, 0x252, 0x2C73,
    0x2C76, 0x23F, 0x240, 0x2C81, 0x2C83, 0x2C85, 0x2C87, 0x2C89, 0x2C8B, 0x2C8D, 0x2C8F, 0x2C91,
    0x2C93, 0x2C95, 0x2C97, 0x2C99, 0x2C9B, 0x2C9D, 0x2C9F, 0x2CA1, 0x2CA3, 0x2CA5, 0x2CA7, 0x2CA9,
    0x2CAB, 0x2CAD, 0x2CAF, 0x2CB1, 0x2CB3, 0x2CB5, 0x2CB7, 0x2CB9, 0x2CBB, 0x2CBD, 0x2CBF, 0x2CC1,
    0x2CC3, 0x2CC5, 0x2CC7, 0x2CC9, 0x2CCB, 0x2CCD, 0x2CCF, 0x2CD1, 0x2CD3, 0x2CD5, 0x2CD7, 0x2CD9,
    0x2CDB, 0x2CDD, 0x2CDF, 0x2CE1, 0x2CE3, 0x2CEC, 0x2CEE, 0x2CF3, 0x304B, 0x304D, 0x304F, 0x3051,
    0x3053, 0x3055, 0x3057, 0x3059, 0x305B, 0x305D, 0x305F, 0x3061, 0x3064, 0x3066, 0x3068, 0x306F,
    0x306F, 0x3072, 0x3072, 0x3075, 0x3075, 0x3078, 0x3078, 0x307B, 0x307B, 0x3046, 0x309D, 0x30AB,
    0x30AD, 0x30AF, 0x30B1, 0x30B3, 0x30B5, 0x30B7, 0x30B9, 0x30BB, 0x30BD, 0x30BF, 0x30C1, 0x30C4,
    0x30C6, 0x30C8, 0x30CF, 0x30CF, 0x30D2, 0x30D2, 0x30D5, 0x30D5, 0x30D8, 0x30D8, 0x30DB, 0x30DB,
    0x30A6, 0x30EF, 0x30F0, 0x30F1, 0x30F2, 0x30FD, 0xA641, 0xA643, 0xA645, 0xA647, 0xA649, 0xA64B,
    0xA64D, 0xA64F, 0xA651, 0xA653, 0xA655, 0xA657, 0xA659, 0xA65B, 0xA65D, 0xA65F, 0xA661, 0xA663,
    0xA665, 0xA667, 0xA669, 0xA66B, 0xA66D, 0xA681, 0xA683, 0xA685, 0xA687, 0xA689, 0xA68B, 0xA68D,
    0xA68F, 0xA691, 0xA693, 0xA695, 0xA697, 0xA699, 0xA69B, 0xA723, 0xA725, 0xA727, 0xA729, 0xA72B,
    0xA72D, 0xA72F, 0xA733, 0xA735, 0xA737, 0xA739, 0xA73B, 0xA73D, 0xA73F, 0xA741, 0xA743, 0xA745,
    0xA747, 0xA749, 0xA74B, 0xA74D, 0xA74F, 0xA751, 0xA753, 0xA755, 0xA757, 0xA759, 0xA75B, 0xA75D,
    0xA75F, 0xA761, 0xA763, 0xA765, 0xA767, 0xA769, 0xA76B, 0xA76D, 0xA76F, 0xA77A, 0xA77C, 0x1D79,
    0xA77F, 0xA781, 0xA783, 0xA785, 0xA787, 0xA78C, 0x265, 0xA791, 0xA793, 0xA797, 0xA799, 0xA79B,
    0xA79D, 0xA79F, 0xA7A1, 0xA7A3, 0xA7A5, 0xA7A7, 0xA7A9, 0x266, 0x25C, 0x261, 0x26C, 0x26A,
    0x29E, 0x287, 0x29D, 0xAB53, 0xA7B5, 0xA7B7, 0xA7B9, 0xA7BB, 0xA7BD, 0xA7BF, 0xA7C1, 0xA7C3,
    0xA794, 0x282, 0x1D8E, 0xA7C8, 0xA7CA, 0xA7D1, 0xA7D7, 0xA7D9, 0xA7F6, 0x1100, 0x1161, 0x1100,
    0x1161, 0x11A8, 0x1100, 0x1161, 0x11A9, 0x1100, 0x1161, 0x11AA, 0x1100, 0x1161, 0x11AB, 0x1100,
    0x1161, 0x11AC, 0x1100, 0x1161, 0x11AD, 0x1100, 0x1161, 0x11AE, 0x1100, 0x1161, 0x11AF, 0x1100,
    0x1161, 0x11B0, 0x1100, 0x1161, 0x11B1, 0x1100, 0x1161, 0x11B2, 0x1100, 0x1161, 0x11B3, 0x1100,
    0x1161, 0x11B4, 0x1100, 0x1161, 0x11B5, 0x1100, 0x1161, 0x11B6, 0x1100, 0x1161, 0x11B7, 0x1100,
    0x1161, 0x11B8, 0x1100, 0x1161, 0x11B9, 0x1100, 0x1161, 0x11BA, 0x1100, 0x1161, 0x11BB, 0x1100,
    0x1161, 0x11BC, 0x1100, 0x1161, 0x11BD, 0x1100, 0x1161, 0x11BE, 0x1100, 0x1161, 0x11BF, 0x1100,
    0x1161, 0x11C0, 0x1100, 0x1161, 0x11C1, 0x1100, 0x1161, 0x11C2, 0x1100, 0x1162, 0x1100, 0x1162,
    0x11A8, 0x1100, 0x1162, 0x11A9, 0x1100, 0x1162, 0x11AA, 0x1100, 0x1162, 0x11AB, 0x1100, 0x1162,
    0x11AC, 0x1100, 0x1162, 0x11AD, 0x1100, 0x1162, 0x11AE, 0x1100, 0x1162, 0x11AF, 0x1100, 0x1162,
    0x11B0, 0x1100, 0x1162, 0x11B1, 0x1100, 0x1162, 0x11B2, 0x1100, 0x1162, 0x11B3, 0x1100, 0x1162,
    0x11B4, 0x1100, 0x1162, 0x11B5, 0x1100, 0x1162, 0x11B6, 0x1100, 0x1162, 0x11B7, 0x1100, 0x1162,
    0x11B8, 0x1100, 0x1162, 0x11B9, 0x1100, 0x1162, 0x11BA, 0x1100, 0x1162, 0x11BB, 0x1100, 0x1162,
    0x11BC, 0x1100, 0x1162, 0x11BD, 0x1100, 0x1162, 0x11BE, 0x1100, 0x1162, 0x11BF, 0x1100, 0x1162,
    0x11C0, 0x1100, 0x1162, 0x11C1, 0x1100, 0x1162, 0x11C2, 0x1100, 0x1163, 0x1100, 0x1163, 0x11A8,
    0x1100, 0x1163, 0x11A9, 0x1100, 0x1163, 0x11AA, 0x1100, 0x1163, 0x11AB, 0x1100, 0x1163, 0x11AC,
    0x1100, 0x1163, 0x11AD, 0x1100, 0x1163, 0x11AE, 0x1100, 0x1163, 0x11AF, 0x1100, 0x1163, 0x11B0,
    0x1100, 0x1163, 0x11B1, 0x1100, 0x1163, 0x11B2, 0x1100, 0x1163, 0x11B3, 0x1100, 0x1163, 0x11B4,
    0x1100, 0x1163, 0x11B5, 0x1100, 0x1163, 0x11B6, 0x1100, 0x1163, 0x11B7, 0x1100, 0x1163, 0x11B8,
    0x1100, 0x1163, 0x11B9, 0x1100, 0x1163, 0x11BA, 0x1100, 0x1163, 0x11BB, 0x1100, 0x1163, 0x11BC,
    0x1100, 0x1163, 0x11BD, 0x1100, 0x1163, 0x11BE, 0x1100, 0x1163, 0x11BF, 0x1100, 0x1163, 0x11C0,
    0x1100, 0x1163, 0x11C1, 0x1100, 0x1163, 0x11C2, 0x1100, 0x1164, 0x1100, 0x1164, 0x11A8, 0x1100,
    0x1164, 0x11A9, 0x1100, 0x1164, 0x11AA, 0x1100, 0x1164, 0x11AB, 0x1100, 0x1164, 0x11AC, 0x1100,
    0x1164, 0x11AD, 0x1100, 0x1164, 0x11AE, 0x1100, 0x1164, 0x11AF, 0x1100, 0x1164, 0x11B0, 0x1100,
    0x1164, 0x11B1, 0x1100, 0x1164, 0x11B2, 0x1100, 0x1164, 0x11B3, 0x1100, 0x1164, 0x11B4, 0x1100,
    0x1164, 0x11B5, 0x1100, 0x1164, 0x11B6, 0x1100, 0x1164, 0x11B7, 0x1100, 0x1164, 0x11B8, 0x1100,
    0x1164, 0x11B9, 0x1100, 0x1164, 0x11BA, 0x1100, 0x1164, 0x11BB, 0x1100, 0x1164, 0x11BC, 0x1100,
    0x1164, 0x11BD, 0x1100, 0x1164, 0x11BE, 0x1100, 0x1164, 0x11BF, 0x1100, 0x1164, 0x11C0, 0x1100,
    0x1164, 0x11C1, 0x1100, 0x1164, 0x11C2, 0x1100, 0x1165, 0x1100, 0x1165, 0x11A8, 0x1100, 0x1165,
    0x11A9, 0x1100, 0x1165, 0x11AA, 0x1100, 0x1165, 0x11AB, 0x1100, 0x1165, 0x11AC, 0x1100, 0x1165,
    0x11AD, 0x1100, 0x1165, 0x11AE, 0x1100, 0x1165, 0x11AF, 0x1100, 0x1165, 0x11B0, 0x1100, 0x1165,
    0x11B1, 0x1100, 0x1165, 0x11B2, 0x1100, 0x1165, 0x11B3, 0x1100, 0x1165, 0x11B4, 0x1100, 0x1165,
    0x11B5, 0x1100, 0x1165, 0x11B6, 0x1100, 0x1165, 0x11B7, 0x1100, 0x1165, 0x11B8, 0x1100, 0x1165,
    0x11B9, 0x1100, 0x1165, 0x11BA, 0x1100, 0x1165, 0x11BB, 0x1100, 0x1165, 0x11BC, 0x1100, 0x1165,
    0x11BD, 0x1100, 0x1165, 0x11BE, 0x1100, 0x1165, 0x11BF, 0x1100, 0x1165, 0x11C0, 0x1100, 0x1165,
    0x11C1, 0x1100, 0x1165, 0x11C2, 0x1100, 0x1166, 0x1100, 0x1166, 0x11A8, 0x1100, 0x1166, 0x11A9,
    0x1100, 0x1166, 0x11AA, 0x1100, 0x1166, 0x11AB, 0x1100, 0x1166, 0x11AC, 0x1100, 0x1166, 0x11AD,
    0x1100, 0x1166, 0x11AE, 0x1100, 0x1166, 0x11AF, 0x1100, 0x1166, 0x11B0, 0x1100, 0x1166, 0x11B1,
    0x1100, 0x1166, 0x11B2, 0x1100, 0x1166, 0x11B3, 0x1100, 0x1166, 0x11B4, 0x1100, 0x1166, 0x11B5,
    0x1100, 0x1166, 0x11B6, 0x1100, 0x1166, 0x11B7, 0x1100, 0x1166, 0x11B8, 0x1100, 0x1166, 0x11B9,
    0x1100, 0x1166, 0x11BA, 0x1100, 0x1166, 0x11BB, 0x1100, 0x1166, 0x11BC, 0x1100, 0x1166, 0x11BD,
    0x1100, 0x1166, 0x11BE, 0x1100, 0x1166, 0x11BF, 0x1100, 0x1166, 0x11C0, 0x1100, 0x1166, 0x11C1,
    0x1100, 0x1166, 0x11C2, 0x1100, 0x1167, 0x1100, 0x1167, 0x11A8, 0x1100, 0x1167, 0x11A9, 0x1100,
    0x1167, 0x11AA, 0x1100, 0x1167, 0x11AB, 0x1100, 0x1167, 0x11AC, 0x1100, 0x1167, 0x11AD, 0x1100,
    0x1167, 0x11AE, 0x1100, 0x1167, 0x11AF, 0x1100, 0x1167, 0x11B0, 0x1100, 0x1167, 0x11B1, 0x1100,
    0x1167, 0x11B2, 0x1100, 0x1167, 0x11B3, 0x1100, 0x1167, 0x11B4, 0x1100, 0x1167, 0x11B5, 0x1100,
    0x1167, 0x11B6, 0x1100, 0x1167, 0x11B7, 0x1100, 0x1167, 0x11B8, 0x1100, 0x1167, 0x11B9, 0x1100,
    0x1167, 0x11BA, 0x1100, 0x1167, 0x11BB, 0x1100, 0x1167, 0x11BC, 0x1100, 0x1167, 0x11BD, 0x1100,
    0x1167, 0x11BE, 0x1100, 0x1167, 0x11BF, 0x1100, 0x1167, 0x11C0, 0x1100, 0x1167, 0x11C1, 0x1100,
    0x1167, 0x11C2, 0x1100, 0x1168, 0x1100, 0x1168, 0x11A8, 0x1100, 0x1168, 0x11A9, 0x1100, 0x1168,
    0x11AA, 0x1100, 0x1168, 0x11AB, 0x1100, 0x1168, 0x11AC, 0x1100, 0x1168, 0x11AD, 0x1100, 0x1168,
    0x11AE, 0x1100, 0x1168, 0x11AF, 0x1100, 0x1168, 0x11B0, 0x1100, 0x1168, 0x11B1, 0x1100, 0x1168,
    0x11B2, 0x1100, 0x1168, 0x11B3, 0x1100, 0x1168, 0x11B4, 0x1100, 0x1168, 0x11B5, 0x1100, 0x1168,
    0x11B6, 0x1100, 0x1168, 0x11B7, 0x1100, 0x1168, 0x11B8, 0x1100, 0x1168, 0x11B9, 0x1100, 0x1168,
    0x11BA, 0x1100, 0x1168, 0x11BB, 0x1100, 0x1168, 0x11BC, 0x1100, 0x1168, 0x11BD, 0x1100, 0x1168,
    0x11BE, 0x1100, 0x1168, 0x11BF, 0x1100, 0x1168, 0x11C0, 0x1100, 0x1168, 0x11C1, 0x1100, 0x1168,
    0x11C2, 0x1100, 0x1169, 0x1100, 0x1169, 0x11A8, 0x1100, 0x1169, 0x11A9, 0x1100, 0x1169, 0x11AA,
    0x1100, 0x1169, 0x11AB, 0x1100, 0x1169, 0x11AC, 0x1100, 0x1169, 0x11AD, 0x1100, 0x1169, 0x11AE,
    0x1100, 0x1169, 0x11AF, 0x1100, 0x1169, 0x11B0, 0x1100, 0x1169, 0x11B1, 0x1100, 0x1169, 0x11B2,
    0x1100, 0x1169, 0x11B3, 0x1100, 0x1169, 0x11B4, 0x1100, 0x1169, 0x11B5, 0x1100, 0x1169, 0x11B6,
    0x1100, 0x1169, 0x11B7, 0x1100, 0x1169, 0x11B8, 0x1100, 0x1169, 0x11B9, 0x1100, 0x1169, 0x11BA,
    0x1100, 0x1169, 0x11BB, 0x1100, 0x1169, 0x11BC, 0x1100, 0x1169, 0x11BD, 0x1100, 0x1169, 0x11BE,
    0x1100, 0x1169, 0x11BF, 0x1100, 0x1169, 0x11C0, 0x1100, 0x1169, 0x11C1, 0x1100, 0x1169, 0x11C2,
    0x1100, 0x116A, 0x1100, 0x116A, 0x11A8, 0x1100, 0x116A, 0x11A9, 0x1100, 0x116A, 0x11AA, 0x1100,
    0x116A, 0x11AB, 0x1100, 0x116A, 0x11AC, 0x1100, 0x116A, 0x11AD, 0x1100, 0x116A, 0x11AE, 0x1100,
    0x116A, 0x11AF, 0x1100, 0x116A, 0x11B0, 0x1100, 0x116A, 0x11B1, 0x1100, 0x116A, 0x11B2, 0x1100,
    0x116A, 0x11B3, 0x1100, 0x116A, 0x11B4, 0x1100, 0x116A, 0x11B5, 0x1100, 0x116A, 0x11B6, 0x1100,
    0x116A, 0x11B7, 0x1100, 0x116A, 0x11B8, 0x1100, 0x116A, 0x11B9, 0x1100, 0x116A, 0x11BA, 0x1100,
    0x116A, 0x11BB, 0x1100, 0x116A, 0x11BC, 0x1100, 0x116A, 0x11BD, 0x1100, 0x116A, 0x11BE, 0x1100,
    0x116A, 0x11BF, 0x1100, 0x116A, 0x11C0, 0x1100, 0x116A, 0x11C1, 0x1100, 0x116A, 0x11C2, 0x1100,
    0x116B, 0x1100, 0x116B, 0x11A8, 0x1100, 0x116B, 0x11A9, 0x1100, 0x116B, 0x11AA, 0x1100, 0x116B,
    0x11AB, 0x1100, 0x116B, 0x11AC, 0x1100, 0x116B, 0x11AD, 0x1100, 0x116B, 0x11AE, 0x1100, 0x116B,
    0x11AF, 0x1100, 0x116B, 0x11B0, 0x1100, 0x116B, 0x11B1, 0x1100, 0x116B, 0x11B2, 0x1100, 0x116B,
    0x11B3, 0x1100, 0x116B, 0x11B4, 0x1100, 0x116B, 0x11B5, 0x1100, 0x116B, 0x11B6, 0x1100, 0x116B,
    0x11B7, 0x1100, 0x116B, 0x11B8, 0x1100, 0x116B, 0x11B9, 0x1100, 0x116B, 0x11BA, 0x1100, 0x116B,
    0x11BB, 0x1100, 0x116B, 0x11BC, 0x1100, 0x116B, 0x11BD, 0x1100, 0x116B, 0x11BE, 0x1100, 0x116B,
    0x11BF, 0x1100, 0x116B, 0x11C0, 0x1100, 0x116B, 0x11C1, 0x1100, 0x116B, 0x11C2, 0x1100, 0x116C,
    0x1100, 0x116C, 0x11A8, 0x1100, 0x116C, 0x11A9, 0x1100, 0x116C, 0x11AA, 0x1100, 0x116C, 0x11AB,
    0x1100, 0x116C, 0x11AC, 0x1100, 0x116C, 0x11AD, 0x1100, 0x116C, 0x11AE, 0x1100, 0x116C, 0x11AF,
    0x1100, 0x116C, 0x11B0, 0x1100, 0x116C, 0x11B1, 0x1100, 0x116C, 0x11B2, 0x1100, 0x116C, 0x11B3,
    0x1100, 0x116C, 0x11B4, 0x1100, 0x116C, 0x11B5, 0x1100, 0x116C, 0x11B6, 0x1100, 0x116C, 0x11B7,
    0x1100, 0x116C, 0x11B8, 0x1100, 0x116C, 0x11B9, 0x1100, 0x116C, 0x11BA, 0x1100, 0x116C, 0x11BB,
    0x1100, 0x116C, 0x11BC, 0x1100, 0x116C, 0x11BD, 0x1100, 0x116C, 0x11BE, 0x1100, 0x116C, 0x11BF,
    0x1100, 0x116C, 0x11C0, 0x1100, 0x116C, 0x11C1, 0x1100, 0x116C, 0x11C2, 0x1100, 0x116D, 0x1100,
    0x116D, 0x11A8, 0x1100, 0x116D, 0x11A9, 0x1100, 0x116D, 0x11AA, 0x1100, 0x116D, 0x11AB, 0x1100,
    0x116D, 0x11AC, 0x1100, 0x116D, 0x11AD, 0x1100, 0x116D, 0x11AE, 0x1100, 0x116D, 0x11AF, 0x1100,
    0x116D, 0x11B0, 0x1100, 0x116D, 0x11B1, 0x1100, 0x116D, 0x11B2, 0x1100, 0x116D, 0x11B3, 0x1100,
    0x116D, 0x11B4, 0x1100, 0x116D, 0x11B5, 0x1100, 0x116D, 0x11B6, 0x1100, 0x116D, 0x11B7, 0x1100,
    0x116D, 0x11B8, 0x1100, 0x116D, 0x11B9, 0x1100, 0x116D, 0x11BA, 0x1100, 0x116D, 0x11BB, 0x1100,
    0x116D, 0x11BC, 0x1100, 0x116D, 0x11BD, 0x1100, 0x116D, 0x11BE, 0x1100, 0x116D, 0x11BF, 0x1100,
    0x116D, 0x11C0, 0x1100, 0x116D, 0x11C1, 0x1100, 0x116D, 0x11C2, 0x1100, 0x116E, 0x1100, 0x116E,
    0x11A8, 0x1100, 0x116E, 0x11A9, 0x1100, 0x116E, 0x11AA, 0x1100, 0x116E, 0x11AB, 0x1100, 0x116E,
    0x11AC, 0x1100, 0x116E, 0x11AD, 0x1100, 0x116E, 0x11AE, 0x1100, 0x116E, 0x11AF, 0x1100, 0x116E,
    0x11B0, 0x1100, 0x116E, 0x11B1, 0x1100, 0x116E, 0x11B2, 0x1100, 0x116E, 0x11B3, 0x1100, 0x116E,
    0x11B4, 0x1100, 0x116E, 0x11B5, 0x1100, 0x116E, 0x11B6, 0x1100, 0x116E, 0x11B7, 0x1100, 0x116E,
    0x11B8, 0x1100, 0x116E, 0x11B9, 0x1100, 0x116E, 0x11BA, 0x1100, 0x116E, 0x11BB, 0x1100, 0x116E,
    0x11BC, 0x1100, 0x116E, 0x11BD, 0x1100, 0x116E, 0x11BE, 0x1100, 0x116E, 0x11BF, 0x1100, 0x116E,
    0x11C0, 0x1100, 0x116E, 0x11C1, 0x1100, 0x116E, 0x11C2, 0x1100, 0x116F, 0x1100, 0x116F, 0x11A8,
    0x1100, 0x116F, 0x11A9, 0x1100, 0x116F, 0x11AA, 0x1100, 0x116F, 0x11AB, 0x1100, 0x116F, 0x11AC,
    0x1100, 0x116F, 0x11AD, 0x1100, 0x116F, 0x11AE, 0x1100, 0x116F, 0x11AF, 0x1100, 0x116F, 0x11B0,
    0x1100, 0x116F, 0x11B1, 0x1100, 0x116F, 0x11B2, 0x1100, 0x116F, 0x11B3, 0x1100, 0x116F, 0x11B4,
    0x1100, 0x116F, 0x11B5, 0x1100, 0x116F, 0x11B6, 0x1100, 0x116F, 0x11B7, 0x1100, 0x116F, 0x11B8,
    0x1100, 0x116F, 0x11B9, 0x1100, 0x116F, 0x11BA, 0x1100, 0x116F, 0x11BB, 0x1100, 0x116F, 0x11BC,
    0x1100, 0x116F, 0x11BD, 0x1100, 0x116F, 0x11BE, 0x1100, 0x116F, 0x11BF, 0x1100, 0x116F, 0x11C0,
    0x1100, 0x116F, 0x11C1, 0x1100, 0x116F, 0x11C2, 0x1100, 0x1170, 0x1100, 0x1170, 0x11A8, 0x1100,
    0x1170, 0x11A9, 0x1100, 0x1170, 0x11AA, 0x1100, 0x1170, 0x11AB, 0x1100, 0x1170, 0x11AC, 0x1100,
    0x1170, 0x11AD, 0x1100, 0x1170, 0x11AE, 0x1100, 0x1170, 0x11AF, 0x1100, 0x1170, 0x11B0, 0x1100,
    0x1170, 0x11B1, 0x1100, 0x1170, 0x11B2, 0x1100, 0x1170, 0x11B3, 0x1100, 0x1170, 0x11B4, 0x1100,
    0x1170, 0x11B5, 0x1100, 0x1170, 0x11B6, 0x1100, 0x1170, 0x11B7, 0x1100, 0x1170, 0x11B8, 0x1100,
    0x1170, 0x11B9, 0x1100, 0x1170, 0x11BA, 0x1100, 0x1170, 0x11BB, 0x1100, 0x1170, 0x11BC, 0x1100,
    0x1170, 0x11BD, 0x1100, 0x1170, 0x11BE, 0x1100, 0x1170, 0x11BF, 0x1100, 0x1170, 0x11C0, 0x1100,
    0x1170, 0x11C1, 0x1100, 0x1170, 0x11C2, 0x1100, 0x1171, 0x1100, 0x1171, 0x11A8, 0x1100, 0x1171,
    0x11A9, 0x1100, 0x1171, 0x11AA, 0x1100, 0x1171, 0x11AB, 0x1100, 0x1171, 0x11AC, 0x1100, 0x1171,
    0x11AD, 0x1100, 0x1171, 0x11AE, 0x1100, 0x1171, 0x11AF, 0x1100, 0x1171, 0x11B0, 0x1100, 0x1171,
    0x11B1, 0x1100, 0x1171, 0x11B2, 0x1100, 0x1171, 0x11B3, 0x1100, 0x1171, 0x11B4, 0x1100, 0x1171,
    0x11B5, 0x1100, 0x1171, 0x11B6, 0x1100, 0x1171, 0x11B7, 0x1100, 0x1171, 0x11B8, 0x1100, 0x1171,
    0x11B9, 0x1100, 0x1171, 0x11BA, 0x1100, 0x1171, 0x11BB, 0x1100, 0x1171, 0x11BC, 0x1100, 0x1171,
    0x11BD, 0x1100, 0x1171, 0x11BE, 0x1100, 0x1171, 0x11BF, 0x1100, 0x1171, 0x11C0, 0x1100, 0x1171,
    0x11C1, 0x1100, 0x1171, 0x11C2, 0x1100, 0x1172, 0x1100, 0x1172, 0x11A8, 0x1100, 0x1172, 0x11A9,
    0x1100, 0x1172, 0x11AA, 0x1100, 0x1172, 0x11AB, 0x1100, 0x1172, 0x11AC, 0x1100, 0x1172, 0x11AD,
    0x1100, 0x1172, 0x11AE, 0x1100, 0x1172, 0x11AF, 0x1100, 0x1172, 0x11B0, 0x1100, 0x1172, 0x11B1,
    0x1100, 0x1172, 0x11B2, 0x1100, 0x1172, 0x11B3, 0x1100, 0x1172, 0x11B4, 0x1100, 0x1172, 0x11B5,
    0x1100, 0x1172, 0x11B6, 0x1100, 0x1172, 0x11B7, 0x1100, 0x1172, 0x11B8, 0x1100, 0x1172, 0x11B9,
    0x1100, 0x1172, 0x11BA, 0x1100, 0x1172, 0x11BB, 0x1100, 0x1172, 0x11BC, 0x1100, 0x1172, 0x11BD,
    0x1100, 0x1172, 0x11BE, 0x1100, 0x1172, 0x11BF, 0x1100, 0x1172, 0x11C0, 0x1100, 0x1172, 0x11C1,
    0x1100, 0x1172, 0x11C2, 0x1100, 0x1173, 0x1100, 0x1173, 0x11A8, 0x1100, 0x1173, 0x11A9, 0x1100,
    0x1173, 0x11AA, 0x1100, 0x1173, 0x11AB, 0x1100, 0x1173, 0x11AC, 0x1100, 0x1173, 0x11AD, 0x1100,
    0x1173, 0x11AE, 0x1100, 0x1173, 0x11AF, 0x1100, 0x1173, 0x11B0, 0x1100, 0x1173, 0x11B1, 0x1100,
    0x1173, 0x11B2, 0x1100, 0x1173, 0x11B3, 0x1100, 0x1173, 0x11B4, 0x1100, 0x1173, 0x11B5, 0x1100,
    0x1173, 0x11B6, 0x1100, 0x1173, 0x11B7, 0x1100, 0x1173, 0x11B8, 0x1100, 0x1173, 0x11B9, 0x1100,
    0x1173, 0x11BA, 0x1100, 0x1173, 0x11BB, 0x1100, 0x1173, 0x11BC, 0x1100, 0x1173, 0x11BD, 0x1100,
    0x1173, 0x11BE, 0x1100, 0x1173, 0x11BF, 0x1100, 0x1173, 0x11C0, 0x1100, 0x1173, 0x11C1, 0x1100,
    0x1173, 0x11C2, 0x1100, 0x1174, 0x1100, 0x1174, 0x11A8, 0x1100, 0x1174, 0x11A9, 0x1100, 0x1174,
    0x11AA, 0x1100, 0x1174, 0x11AB, 0x1100, 0x1174, 0x11AC, 0x1100, 0x1174, 0x11AD, 0x1100, 0x1174,
    0x11AE, 0x1100, 0x1174, 0x11AF, 0x1100, 0x1174, 0x11B0, 0x1100, 0x1174, 0x11B1, 0x1100, 0x1174,
    0x11B2, 0x1100, 0x1174, 0x11B3, 0x1100, 0x1174, 0x11B4, 0x1100, 0x1174, 0x11B5, 0x1100, 0x1174,
    0x11B6, 0x1100, 0x1174, 0x11B7, 0x1100, 0x1174, 0x11B8, 0x1100, 0x1174, 0x11B9, 0x1100, 0x1174,
    0x11BA, 0x1100, 0x1174, 0x11BB, 0x1100, 0x1174, 0x11BC, 0x1100, 0x1174, 0x11BD, 0x1100, 0x1174,
    0x11BE, 0x1100, 0x1174, 0x11BF, 0x1100, 0x1174, 0x11C0, 0x1100, 0x1174, 0x11C1, 0x1100, 0x1174,
    0x11C2, 0x1100, 0x1175, 0x1100, 0x1175, 0x11A8, 0x1100, 0x1175, 0x11A9, 0x1100, 0x1175, 0x11AA,
    0x1100, 0x1175, 0x11AB, 0x1100, 0x1175, 0x11AC, 0x1100, 0x1175, 0x11AD, 0x1100, 0x1175, 0x11AE,
    0x1100, 0x1175, 0x11AF, 0x1100, 0x1175, 0x11B0, 0x1100, 0x1175, 0x11B1, 0x1100, 0x1175, 0x11B2,
    0x1100, 0x1175, 0x11B3, 0x1100, 0x1175, 0x11B4, 0x1100, 0x1175, 0x11B5, 0x1100, 0x1175, 0x11B6,
    0x1100, 0x1175, 0x11B7, 0x1100, 0x1175, 0x11B8, 0x1100, 0x1175, 0x11B9, 0x1100, 0x1175, 0x11BA,
    0x1100, 0x1175, 0x11BB, 0x1100, 0x1175, 0x11BC, 0x1100, 0x1175, 0x11BD, 0x1100, 0x1175, 0x11BE,
    0x1100, 0x1175, 0x11BF, 0x1100, 0x1175, 0x11C0, 0x1100, 0x1175, 0x11C1, 0x1100, 0x1175, 0x11C2,
    0x1101, 0x1161, 0x1101, 0x1161, 0x11A8, 0x1101, 0x1161, 0x11A9, 0x1101, 0x1161, 0x11AA, 0x1101,
    0x1161, 0x11AB, 0x1101, 0x1161, 0x11AC, 0x1101, 0x1161, 0x11AD, 0x1101, 0x1161, 0x11AE, 0x1101,
    0x1161, 0x11AF, 0x1101, 0x1161, 0x11B0, 0x1101, 0x1161, 0x11B1, 0x1101, 0x1161, 0x11B2, 0x1101,
    0x1161, 0x11B3, 0x1101, 0x1161, 0x11B4, 0x1101, 0x1161, 0x11B5, 0x1101, 0x1161, 0x11B6, 0x1101,
    0x1161, 0x11B7, 0x1101, 0x1161, 0x11B8, 0x1101, 0x1161, 0x11B9, 0x1101, 0x1161, 0x11BA, 0x1101,
    0x1161, 0x11BB, 0x1101, 0x1161, 0x11BC, 0x1101, 0x1161, 0x11BD, 0x1101, 0x1161, 0x11BE, 0x1101,
    0x1161, 0x11BF, 0x1101, 0x1161, 0x11C0, 0x1101, 0x1161, 0x11C1, 0x1101, 0x1161, 0x11C2, 0x1101,
    0x1162, 0x1101, 0x1162, 0x11A8, 0x1101, 0x1162, 0x11A9, 0x1101, 0x1162, 0x11AA, 0x1101, 0x1162,
    0x11AB, 0x1101, 0x1162, 0x11AC, 0x1101, 0x1162, 0x11AD, 0x1101, 0x1162, 0x11AE, 0x1101, 0x1162,
    0x11AF, 0x1101, 0x1162, 0x11B0, 0x1101, 0x1162, 0x11B1, 0x1101, 0x1162, 0x11B2, 0x1101, 0x1162,
    0x11B3, 0x1101, 0x1162, 0x11B4, 0x1101, 0x1162, 0x11B5, 0x1101, 0x1162, 0x11B6, 0x1101, 0x1162,
    0x11B7, 0x1101, 0x1162, 0x11B8, 0x1101, 0x1162, 0x11B9, 0x1101, 0x1162, 0x11BA, 0x1101, 0x1162,
    0x11BB, 0x1101, 0x1162, 0x11BC, 0x1101, 0x1162, 0x11BD, 0x1101, 0x1162, 0x11BE, 0x1101, 0x1162,
    0x11BF, 0x1101, 0x1162, 0x11C0, 0x1101, 0x1162, 0x11C1, 0x1101, 0x1162, 0x11C2, 0x1101, 0x1163,
    0x1101, 0x1163, 0x11A8, 0x1101, 0x1163, 0x11A9, 0x1101, 0x1163, 0x11AA, 0x1101, 0x1163, 0x11AB,
    0x1101, 0x1163, 0x11AC, 0x1101, 0x1163, 0x11AD, 0x1101, 0x1163, 0x11AE, 0x1101, 0x1163, 0x11AF,
    0x1101, 0x1163, 0x11B0, 0x1101, 0x1163, 0x11B1, 0x1101, 0x1163, 0x11B2, 0x1101, 0x1163, 0x11B3,
    0x1101, 0x1163, 0x11B4, 0x1101, 0x1163, 0x11B5, 0x1101, 0x1163, 0x11B6, 0x1101, 0x1163, 0x11B7,
    0x1101, 0x1163, 0x11B8, 0x1101, 0x1163, 0x11B9, 0x1101, 0x1163, 0x11BA, 0x1101, 0x1163, 0x11BB,
    0x1101, 0x1163, 0x11BC, 0x1101, 0x1163, 0x11BD, 0x1101, 0x1163, 0x11BE, 0x1101, 0x1163, 0x11BF,
    0x1101, 0x1163, 0x11C0, 0x1101, 0x1163, 0x11C1, 0x1101, 0x1163, 0x11C2, 0x1101, 0x1164, 0x1101,
    0x1164, 0x11A8, 0x1101, 0x1164, 0x11A9, 0x1101, 0x1164, 0x11AA, 0x1101, 0x1164, 0x11AB, 0x1101,
    0x1164, 0x11AC, 0x1101, 0x1164, 0x11AD, 0x1101, 0x1164, 0x11AE, 0x1101, 0x1164, 0x11AF, 0x1101,
    0x1164, 0x11B0, 0x1101, 0x1164, 0x11B1, 0x1101, 0x1164, 0x11B2, 0x1101, 0x1164, 0x11B3, 0x1101,
    0x1164, 0x11B4, 0x1101, 0x1164, 0x11B5, 0x1101, 0x1164, 0x11B6, 0x1101, 0x1164, 0x11B7, 0x1101,
    0x1164, 0x11B8, 0x1101, 0x1164, 0x11B9, 0x1101, 0x1164, 0x11BA, 0x1101, 0x1164, 0x11BB, 0x1101,
    0x1164, 0x11BC, 0x1101, 0x1164, 0x11BD, 0x1101, 0x1164, 0x11BE, 0x1101, 0x1164, 0x11BF, 0x1101,
    0x1164, 0x11C0, 0x1101, 0x1164, 0x11C1, 0x1101, 0x1164, 0x11C2, 0x1101, 0x1165, 0x1101, 0x1165,
    0x11A8, 0x1101, 0x1165, 0x11A9, 0x1101, 0x1165, 0x11AA, 0x1101, 0x1165, 0x11AB, 0x1101, 0x1165,
    0x11AC, 0x1101, 0x1165, 0x11AD, 0x1101, 0x1165, 0x11AE, 0x1101, 0x1165, 0x11AF, 0x1101, 0x1165,
    0x11B0, 0x1101, 0x1165, 0x11B1, 0x1101, 0x1165, 0x11B2, 0x1101, 0x1165, 0x11B3, 0x1101, 0x1165,
    0x11B4, 0x1101, 0x1165, 0x11B5, 0x1101, 0x1165, 0x11B6, 0x1101, 0x1165, 0x11B7, 0x1101, 0x1165,
    0x11B8, 0x1101, 0x1165, 0x11B9, 0x1101, 0x1165, 0x11BA, 0x1101, 0x1165, 0x11BB, 0x1101, 0x1165,
    0x11BC, 0x1101, 0x1165, 0x11BD, 0x1101, 0x1165, 0x11BE, 0x1101, 0x1165, 0x11BF, 0x1101, 0x1165,
    0x11C0, 0x1101, 0x1165, 0x11C1, 0x1101, 0x1165, 0x11C2, 0x1101, 0x1166, 0x1101, 0x1166, 0x11A8,
    0x1101, 0x1166, 0x11A9, 0x1101, 0x1166, 0x11AA, 0x1101, 0x1166, 0x11AB, 0x1101, 0x1166, 0x11AC,
    0x1101, 0x1166, 0x11AD, 0x1101, 0x1166, 0x11AE, 0x1101, 0x1166, 0x11AF, 0x1101, 0x1166, 0x11B0,
    0x1101, 0x1166, 0x11B1, 0x1101, 0x1166, 0x11B2, 0x1101, 0x1166, 0x11B3, 0x1101, 0x1166, 0x11B4,
    0x1101, 0x1166, 0x11B5, 0x1101, 0x1166, 0x11B6, 0x1101, 0x1166, 0x11B7, 0x1101, 0x1166, 0x11B8,
    0x1101, 0x1166, 0x11B9, 0x1101, 0x1166, 0x11BA, 0x1101, 0x1166, 0x11BB, 0x1101, 0x1166, 0x11BC,
    0x1101, 0x1166, 0x11BD, 0x1101, 0x1166, 0x11BE, 0x1101, 0x1166, 0x11BF, 0x1101, 0x1166, 0x11C0,
    0x1101, 0x1166, 0x11C1, 0x1101, 0x1166, 0x11C2, 0x1101, 0x1167, 0x1101, 0x1167, 0x11A8, 0x1101,
    0x1167, 0x11A9, 0x1101, 0x1167, 0x11AA, 0x1101, 0x1167, 0x11AB, 0x1101, 0x1167, 0x11AC, 0x1101,
    0x1167, 0x11AD, 0x1101, 0x1167, 0x11AE, 0x1101, 0x1167, 0x11AF, 0x1101, 0x1167, 0x11B0, 0x1101,
    0x1167, 0x11B1, 0x1101, 0x1167, 0x11B2, 0x1101, 0x1167, 0x11B3, 0x1101, 0x1167, 0x11B4, 0x1101,
    0x1167, 0x11B5, 0x1101, 0x1167, 0x11B6, 0x1101, 0x1167, 0x11B7, 0x1101, 0x1167, 0x11B8, 0x1101,
    0x1167, 0x11B9, 0x1101, 0x1167, 0x11BA, 0x1101, 0x1167, 0x11BB, 0x1101, 0x1167, 0x11BC, 0x1101,
    0x1167, 0x11BD, 0x1101, 0x1167, 0x11BE, 0x1101, 0x1167, 0x11BF, 0x1101, 0x1167, 0x11C0, 0x1101,
    0x1167, 0x11C1, 0x1101, 0x1167, 0x11C2, 0x1101, 0x1168, 0x1101, 0x1168, 0x11A8, 0x1101, 0x1168,
    0x11A9, 0x1101, 0x1168, 0x11AA, 0x1101, 0x1168, 0x11AB, 0x1101, 0x1168, 0x11AC, 0x1101, 0x1168,
    0x11AD, 0x1101, 0x1168, 0x11AE, 0x1101, 0x1168, 0x11AF, 0x1101, 0x1168, 0x11B0, 0x1101, 0x1168,
    0x11B1, 0x1101, 0x1168, 0x11B2, 0x1101, 0x1168, 0x11B3, 0x1101, 0x1168, 0x11B4, 0x1101, 0x1168,
    0x11B5, 0x1101, 0x1168, 0x11B6, 0x1101, 0x1168, 0x11B7, 0x1101, 0x1168, 0x11B8, 0x1101, 0x1168,
    0x11B9, 0x1101, 0x1168, 0x11BA, 0x1101, 0x1168, 0x11BB, 0x1101, 0x1168, 0x11BC, 0x1101, 0x1168,
    0x11BD, 0x1101, 0x1168, 0x11BE, 0x1101, 0x1168, 0x11BF, 0x1101, 0x1168, 0x11C0, 0x1101, 0x1168,
    0x11C1, 0x1101, 0x1168, 0x11C2, 0x1101, 0x1169, 0x1101, 0x1169, 0x11A8, 0x1101, 0x1169, 0x11A9,
    0x1101, 0x1169, 0x11AA, 0x1101, 0x1169, 0x11AB, 0x1101, 0x1169, 0x11AC, 0x1101, 0x1169, 0x11AD,
    0x1101, 0x1169, 0x11AE, 0x1101, 0x1169, 0x11AF, 0x1101, 0x1169, 0x11B0, 0x1101, 0x1169, 0x11B1,
    0x1101, 0x1169, 0x11B2, 0x1101, 0x1169, 0x11B3, 0x1101, 0x1169, 0x11B4, 0x1101, 0x1169, 0x11B5,
    0x1101, 0x1169, 0x11B6, 0x1101, 0x1169, 0x11B7, 0x1101, 0x1169, 0x11B8, 0x1101, 0x1169, 0x11B9,
    0x1101, 0x1169, 0x11BA, 0x1101, 0x1169, 0x11BB, 0x1101, 0x1169, 0x11BC, 0x1101, 0x1169, 0x11BD,
    0x1101, 0x1169, 0x11BE, 0x1101, 0x1169, 0x11BF, 0x1101, 0x1169, 0x11C0, 0x1101, 0x1169, 0x11C1,
    0x1101, 0x1169, 0x11C2, 0x1101, 0x116A, 0x1101, 0x116A, 0x11A8, 0x1101, 0x116A, 0x11A9, 0x1101,
    0x116A, 0x11AA, 0x1101, 0x116A, 0x11AB, 0x1101, 0x116A, 0x11AC, 0x1101, 0x116A, 0x11AD, 0x1101,
    0x116A, 0x11AE, 0x1101, 0x116A, 0x11AF, 0x1101, 0x116A, 0x11B0, 0x1101, 0x116A, 0x11B1, 0x1101,
    0x116A, 0x11B2, 0x1101, 0x116A, 0x11B3, 0x1101, 0x116A, 0x11B4, 0x1101, 0x116A, 0x11B5, 0x1101,
    0x116A, 0x11B6, 0x1101, 0x116A, 0x11B7, 0x1101, 0x116A, 0x11B8, 0x1101, 0x116A, 0x11B9, 0x1101,
    0x116A, 0x11BA, 0x1101, 0x116A, 0x11BB, 0x1101, 0x116A, 0x11BC, 0x1101, 0x116A, 0x11BD, 0x1101,
    0x116A, 0x11BE, 0x1101, 0x116A, 0x11BF, 0x1101, 0x116A, 0x11C0, 0x1101, 0x116A, 0x11C1, 0x1101,
    0x116A, 0x11C2, 0x1101, 0x116B, 0x1101, 0x116B, 0x11A8, 0x1101, 0x116B, 0x11A9, 0x1101, 0x116B,
    0x11AA, 0x1101, 0x116B, 0x11AB, 0x1101, 0x116B, 0x11AC, 0x1101, 0x116B, 0x11AD, 0x1101, 0x116B,
    0x11AE, 0x1101, 0x116B, 0x11AF, 0x1101, 0x116B, 0x11B0, 0x1101, 0x116B, 0x11B1, 0x1101, 0x116B,
    0x11B2, 0x1101, 0x116B, 0x11B3, 0x1101, 0x116B, 0x11B4, 0x1101, 0x116B, 0x11B5, 0x1101, 0x116B,
    0x11B6, 0x1101, 0x116B, 0x11B7, 0x1101, 0x116B, 0x11B8, 0x1101, 0x116B, 0x11B9, 0x1101, 0x116B,
    0x11BA, 0x1101, 0x116B, 0x11BB, 0x1101, 0x116B, 0x11BC, 0x1101, 0x116B, 0x11BD, 0x1101, 0x116B,
    0x11BE, 0x1101, 0x116B, 0x11BF, 0x1101, 0x116B, 0x11C0, 0x1101, 0x116B, 0x11C1, 0x1101, 0x116B,
    0x11C2, 0x1101, 0x116C, 0x1101, 0x116C, 0x11A8, 0x1101, 0x116C, 0x11A9, 0x1101, 0x116C, 0x11AA,
    0x1101, 0x116C, 0x11AB, 0x1101, 0x116C, 0x11AC, 0x1101, 0x116C, 0x11AD, 0x1101, 0x116C, 0x11AE,
    0x1101, 0x116C, 0x11AF, 0x1101, 0x116C, 0x11B0, 0x1101, 0x116C, 0x11B1, 0x1101, 0x116C, 0x11B2,
    0x1101, 0x116C, 0x11B3, 0x1101, 0x116C, 0x11B4, 0x1101, 0x116C, 0x11B5, 0x1101, 0x116C, 0x11B6,
    0x1101, 0x116C, 0x11B7, 0x1101, 0x116C, 0x11B8, 0x1101, 0x116C, 0x11B9, 0x1101, 0x116C, 0x11BA,
    0x1101, 0x116C, 0x11BB, 0x1101, 0x116C, 0x11BC, 0x1101, 0x116C, 0x11BD, 0x1101, 0x116C, 0x11BE,
    0x1101, 0x116C, 0x11BF, 0x1101, 0x116C, 0x11C0, 0x1101, 0x116C, 0x11C1, 0x1101, 0x116C, 0x11C2,
    0x1101, 0x116D, 0x1101, 0x116D, 0x11A8, 0x1101, 0x116D, 0x11A9, 0x1101, 0x116D, 0x11AA, 0x1101,
    0x116D, 0x11AB, 0x1101, 0x116D, 0x11AC, 0x1101, 0x116D, 0x11AD, 0x1101, 0x116D, 0x11AE, 0x1101,
    0x116D, 0x11AF, 0x1101, 0x116D, 0x11B0, 0x1101, 0x116D, 0x11B1, 0x1101, 0x116D, 0x11B2, 0x1101,
    0x116D, 0x11B3, 0x1101, 0x116D, 0x11B4, 0x1101, 0x116D, 0x11B5, 0x1101, 0x116D, 0x11B6, 0x1101,
    0x116D, 0x11B7, 0x1101, 0x116D, 0x11B8, 0x1101, 0x116D, 0x11B9, 0x1101, 0x116D, 0x11BA, 0x1101,
    0x116D, 0x11BB, 0x1101, 0x116D, 0x11BC, 0x1101, 0x116D, 0x11BD, 0x1101, 0x116D, 0x11BE, 0x1101,
    0x116D, 0x11BF, 0x1101, 0x116D, 0x11C0, 0x1101, 0x116D, 0x11C1, 0x1101, 0x116D, 0x11C2, 0x1101,
    0x116E, 0x1101, 0x116E, 0x11A8, 0x1101, 0x116E, 0x11A9, 0x1101, 0x116E, 0x11AA, 0x1101, 0x116E,
    0x11AB, 0x1101, 0x116E, 0x11AC, 0x1101, 0x116E, 0x11AD, 0x1101, 0x116E, 0x11AE, 0x1101, 0x116E,
    0x11AF, 0x1101, 0x116E, 0x11B0, 0x1101, 0x116E, 0x11B1, 0x1101, 0x116E, 0x11B2, 0x1101, 0x116E,
    0x11B3, 0x1101, 0x116E, 0x11B4, 0x1101, 0x116E, 0x11B5, 0x1101, 0x116E, 0x11B6, 0x1101, 0x116E,
    0x11B7, 0x1101, 0x116E, 0x11B8, 0x1101, 0x116E, 0x11B9, 0x1101, 0x116E, 0x11BA, 0x1101, 0x116E,
    0x11BB, 0x1101, 0x116E, 0x11BC, 0x1101, 0x116E, 0x11BD, 0x1101, 0x116E, 0x11BE, 0x1101, 0x116E,
    0x11BF, 0x1101, 0x116E, 0x11C0, 0x1101, 0x116E, 0x11C1, 0x1101, 0x116E, 0x11C2, 0x1101, 0x116F,
    0x1101, 0x116F, 0x11A8, 0x1101, 0x116F, 0x11A9, 0x1101, 0x116F, 0x11AA, 0x1101, 0x116F, 0x11AB,
    0x1101, 0x116F, 0x11AC, 0x1101, 0x116F, 0x11AD, 0x1101, 0x116F, 0x11AE, 0x1101, 0x116F, 0x11AF,
    0x1101, 0x116F, 0x11B0, 0x1101, 0x116F, 0x11B1, 0x1101, 0x116F, 0x11B2, 0x1101, 0x116F, 0x11B3,
    0x1101, 0x116F, 0x11B4, 0x1101, 0x116F, 0x11B5, 0x1101, 0x116F, 0x11B6, 0x1101, 0x116F, 0x11B7,
    0x1101, 0x116F, 0x11B8, 0x1101, 0x116F, 0x11B9, 0x1101, 0x116F, 0x11BA, 0x1101, 0x116F, 0x11BB,
    0x1101, 0x116F, 0x11BC, 0x1101, 0x116F, 0x11BD, 0x1101, 0x116F, 0x11BE, 0x1101, 0x116F, 0x11BF,
    0x1101, 0x116F, 0x11C0, 0x1101, 0x116F, 0x11C1, 0x1101, 0x116F, 0x11C2, 0x1101, 0x1170, 0x1101,
    0x1170, 0x11A8, 0x1101, 0x1170, 0x11A9, 0x1101, 0x1170, 0x11AA, 0x1101, 0x1170, 0x11AB, 0x1101,
    0x1170, 0x11AC, 0x1101, 0x1170, 0x11AD, 0x1101, 0x1170, 0x11AE, 0x1101, 0x1170, 0x11AF, 0x1101,
    0x1170, 0x11B0, 0x1101, 0x1170, 0x11B1, 0x1101, 0x1170, 0x11B2, 0x1101, 0x1170, 0x11B3, 0x1101,
    0x1170, 0x11B4, 0x1101, 0x1170, 0x11B5, 0x1101, 0x1170, 0x11B6, 0x1101, 0x1170, 0x11B7, 0x1101,
    0x1170, 0x11B8, 0x1101, 0x1170, 0x11B9, 0x1101, 0x1170, 0x11BA, 0x1101, 0x1170, 0x11BB, 0x1101,
    0x1170, 0x11BC, 0x1101, 0x1170, 0x11BD, 0x1101, 0x1170, 0x11BE, 0x1101, 0x1170, 0x11BF, 0x1101,
    0x1170, 0x11C0, 0x1101, 0x1170, 0x11C1, 0x1101, 0x1170, 0x11C2, 0x1101, 0x1171, 0x1101, 0x1171,
    0x11A8, 0x1101, 0x1171, 0x11A9, 0x1101, 0x1171, 0x11AA, 0x1101, 0x1171, 0x11AB, 0x1101, 0x1171,
    0x11AC, 0x1101, 0x1171, 0x11AD, 0x1101, 0x1171, 0x11AE, 0x1101, 0x1171, 0x11AF, 0x1101, 0x1171,
    0x11B0, 0x1101, 0x1171, 0x11B1, 0x1101, 0x1171, 0x11B2, 0x1101, 0x1171, 0x11B3, 0x1101, 0x1171,
    0x11B4, 0x1101, 0x1171, 0x11B5, 0x1101, 0x1171, 0x11B6, 0x1101, 0x1171, 0x11B7, 0x1101, 0x1171,
    0x11B8, 0x1101, 0x1171, 0x11B9, 0x1101, 0x1171, 0x11BA, 0x1101, 0x1171, 0x11BB, 0x1101, 0x1171,
    0x11BC, 0x1101, 0x1171, 0x11BD, 0x1101, 0x1171, 0x11BE, 0x1101, 0x1171, 0x11BF, 0x1101, 0x1171,
    0x11C0, 0x1101, 0x1171, 0x11C1, 0x1101, 0x1171, 0x11C2, 0x1101, 0x1172, 0x1101, 0x1172, 0x11A8,
    0x1101, 0x1172, 0x11A9, 0x1101, 0x1172, 0x11AA, 0x1101, 0x1172, 0x11AB, 0x1101, 0x1172, 0x11AC,
    0x1101, 0x1172, 0x11AD, 0x1101, 0x1172, 0x11AE, 0x1101, 0x1172, 0x11AF, 0x1101, 0x1172, 0x11B0,
    0x1101, 0x1172, 0x11B1, 0x1101, 0x1172, 0x11B2, 0x1101, 0x1172, 0x11B3, 0x1101, 0x1172, 0x11B4,
    0x1101, 0x1172, 0x11B5, 0x1101, 0x1172, 0x11B6, 0x1101, 0x1172, 0x11B7, 0x1101, 0x1172, 0x11B8,
    0x1101, 0x1172, 0x11B9, 0x1101, 0x1172, 0x11BA, 0x1101, 0x1172, 0x11BB, 0x1101, 0x1172, 0x11BC,
    0x1101, 0x1172, 0x11BD, 0x1101, 0x1172, 0x11BE, 0x1101, 0x1172, 0x11BF, 0x1101, 0x1172, 0x11C0,
    0x1101, 0x1172, 0x11C1, 0x1101, 0x1172, 0x11C2, 0x1101, 0x1173, 0x1101, 0x1173, 0x11A8, 0x1101,
    0x1173, 0x11A9, 0x1101, 0x1173, 0x11AA, 0x1101, 0x1173, 0x11AB, 0x1101, 0x1173, 0x11AC, 0x1101,
    0x1173, 0x11AD, 0x1101, 0x1173, 0x11AE, 0x1101, 0x1173, 0x11AF, 0x1101, 0x1173, 0x11B0, 0x1101,
    0x1173, 0x11B1, 0x1101, 0x1173, 0x11B2, 0x1101, 0x1173, 0x11B3, 0x1101, 0x1173, 0x11B4, 0x1101,
    0x1173, 0x11B5, 0x1101, 0x1173, 0x11B6, 0x1101, 0x1173, 0x11B7, 0x1101, 0x1173, 0x11B8, 0x1101,
    0x1173, 0x11B9, 0x1101, 0x1173, 0x11BA, 0x1101, 0x1173, 0x11BB, 0x1101, 0x1173, 0x11BC, 0x1101,
    0x1173, 0x11BD, 0x1101, 0x1173, 0x11BE, 0x1101, 0x1173, 0x11BF, 0x1101, 0x1173, 0x11C0, 0x1101,
    0x1173, 0x11C1, 0x1101, 0x1173, 0x11C2, 0x1101, 0x1174, 0x1101, 0x1174, 0x11A8, 0x1101, 0x1174,
    0x11A9, 0x1101, 0x1174, 0x11AA, 0x1101, 0x1174, 0x11AB, 0x1101, 0x1174, 0x11AC, 0x1101, 0x1174,
    0x11AD, 0x1101, 0x1174, 0x11AE, 0x1101, 0x1174, 0x11AF, 0x1101, 0x1174, 0x11B0, 0x1101, 0x1174,
    0x11B1, 0x1101, 0x1174, 0x11B2, 0x1101, 0x1174, 0x11B3, 0x1101, 0x1174, 0x11B4, 0x1101, 0x1174,
    0x11B5, 0x1101, 0x1174, 0x11B6, 0x1101, 0x1174, 0x11B7, 0x1101, 0x1174, 0x11B8, 0x1101, 0x1174,
    0x11B9, 0x1101, 0x1174, 0x11BA, 0x1101, 0x1174, 0x11BB, 0x1101, 0x1174, 0x11BC, 0x1101, 0x1174,
    0x11BD, 0x1101, 0x1174, 0x11BE, 0x1101, 0x1174, 0x11BF, 0x1101, 0x1174, 0x11C0, 0x1101, 0x1174,
    0x11C1, 0x1101, 0x1174, 0x11C2, 0x1101, 0x1175, 0x1101, 0x1175, 0x11A8, 0x1101, 0x1175, 0x11A9,
    0x1101, 0x1175, 0x11AA, 0x1101, 0x1175, 0x11AB, 0x1101, 0x1175, 0x11AC, 0x1101, 0x1175, 0x11AD,
    0x1101, 0x1175, 0x11AE, 0x1101, 0x1175, 0x11AF, 0x1101, 0x1175, 0x11B0, 0x1101, 0x1175, 0x11B1,
    0x1101, 0x1175, 0x11B2, 0x1101, 0x1175, 0x11B3, 0x1101, 0x1175, 0x11B4, 0x1101, 0x1175, 0x11B5,
    0x1101, 0x1175, 0x11B6, 0x1101, 0x1175, 0x11B7, 0x1101, 0x1175, 0x11B8, 0x1101, 0x1175, 0x11B9,
    0x1101, 0x1175, 0x11BA, 0x1101, 0x1175, 0x11BB, 0x1101, 0x1175, 0x11BC, 0x1101, 0x1175, 0x11BD,
    0x1101, 0x1175, 0x11BE, 0x1101, 0x1175, 0x11BF, 0x1101, 0x1175, 0x11C0, 0x1101, 0x1175, 0x11C1,
    0x1101, 0x1175, 0x11C2, 0x1102, 0x1161, 0x1102, 0x1161, 0x11A8, 0x1102, 0x1161, 0x11A9, 0x1102,
    0x1161, 0x11AA, 0x1102, 0x1161, 0x11AB, 0x1102, 0x1161, 0x11AC, 0x1102, 0x1161, 0x11AD, 0x1102,
    0x1161, 0x11AE, 0x1102, 0x1161, 0x11AF, 0x1102, 0x1161, 0x11B0, 0x1102, 0x1161, 0x11B1, 0x1102,
    0x1161, 0x11B2, 0x1102, 0x1161, 0x11B3, 0x1102, 0x1161, 0x11B4, 0x1102, 0x1161, 0x11B5, 0x1102,
    0x1161, 0x11B6, 0x1102, 0x1161, 0x11B7, 0x1102, 0x1161, 0x11B8, 0x1102, 0x1161, 0x11B9, 0x1102,
    0x1161, 0x11BA, 0x1102, 0x1161, 0x11BB, 0x1102, 0x1161, 0x11BC, 0x1102, 0x1161, 0x11BD, 0x1102,
    0x1161, 0x11BE, 0x1102, 0x1161, 0x11BF, 0x1102, 0x1161, 0x11C0, 0x1102, 0x1161, 0x11C1, 0x1102,
    0x1161, 0x11C2, 0x1102, 0x1162, 0x1102, 0x1162, 0x11A8, 0x1102, 0x1162, 0x11A9, 0x1102, 0x1162,
    0x11AA, 0x1102, 0x1162, 0x11AB, 0x1102, 0x1162, 0x11AC, 0x1102, 0x1162, 0x11AD, 0x1102, 0x1162,
    0x11AE, 0x1102, 0x1162, 0x11AF, 0x1102, 0x1162, 0x11B0, 0x1102, 0x1162, 0x11B1, 0x1102, 0x1162,
    0x11B2, 0x1102, 0x1162, 0x11B3, 0x1102, 0x1162, 0x11B4, 0x1102, 0x1162, 0x11B5, 0x1102, 0x1162,
    0x11B6, 0x1102, 0x1162, 0x11B7, 0x1102, 0x1162, 0x11B8, 0x1102, 0x1162, 0x11B9, 0x1102, 0x1162,
    0x11BA, 0x1102, 0x1162, 0x11BB, 0x1102, 0x1162, 0x11BC, 0x1102, 0x1162, 0x11BD, 0x1102, 0x1162,
    0x11BE, 0x1102, 0x1162, 0x11BF, 0x1102, 0x1162, 0x11C0, 0x1102, 0x1162, 0x11C1, 0x1102, 0x1162,
    0x11C2, 0x1102, 0x1163, 0x1102, 0x1163, 0x11A8, 0x1102, 0x1163, 0x11A9, 0x1102, 0x1163, 0x11AA,
    0x1102, 0x1163, 0x11AB, 0x1102, 0x1163, 0x11AC, 0x1102, 0x1163, 0x11AD, 0x1102, 0x1163, 0x11AE,
    0x1102, 0x1163, 0x11AF, 0x1102, 0x1163, 0x11B0, 0x1102, 0x1163, 0x11B1, 0x1102, 0x1163, 0x11B2,
    0x1102, 0x1163, 0x11B3, 0x1102, 0x1163, 0x11B4, 0x1102, 0x1163, 0x11B5, 0x1102, 0x1163, 0x11B6,
    0x1102, 0x1163, 0x11B7, 0x1102, 0x1163, 0x11B8, 0x1102, 0x1163, 0x11B9, 0x1102, 0x1163, 0x11BA,
    0x1102, 0x1163, 0x11BB, 0x1102, 0x1163, 0x11BC, 0x1102, 0x1163, 0x11BD, 0x1102, 0x1163, 0x11BE,
    0x1102, 0x1163, 0x11BF, 0x1102, 0x1163, 0x11C0, 0x1102, 0x1163, 0x11C1, 0x1102, 0x1163, 0x11C2,
    0x1102, 0x1164, 0x1102, 0x1164, 0x11A8, 0x1102, 0x1164, 0x11A9, 0x1102, 0x1164, 0x11AA, 0x1102,
    0x1164, 0x11AB, 0x1102, 0x1164, 0x11AC, 0x1102, 0x1164, 0x11AD, 0x1102, 0x1164, 0x11AE, 0x1102,
    0x1164, 0x11AF, 0x1102, 0x1164, 0x11B0, 0x1102, 0x1164, 0x11B1, 0x1102, 0x1164, 0x11B2, 0x1102,
    0x1164, 0x11B3, 0x1102, 0x1164, 0x11B4, 0x1102, 0x1164, 0x11B5, 0x1102, 0x1164, 0x11B6, 0x1102,
    0x1164, 0x11B7, 0x1102, 0x1164, 0x11B8, 0x1102, 0x1164, 0x11B9, 0x1102, 0x1164, 0x11BA, 0x1102,
    0x1164, 0x11BB, 0x1102, 0x1164, 0x11BC, 0x1102, 0x1164, 0x11BD, 0x1102, 0x1164, 0x11BE, 0x1102,
    0x1164, 0x11BF, 0x1102, 0x1164, 0x11C0, 0x1102, 0x1164, 0x11C1, 0x1102, 0x1164, 0x11C2, 0x1102,
    0x1165, 0x1102, 0x1165, 0x11A8, 0x1102, 0x1165, 0x11A9, 0x1102, 0x1165, 0x11AA, 0x1102, 0x1165,
    0x11AB, 0x1102, 0x1165, 0x11AC, 0x1102, 0x1165, 0x11AD, 0x1102, 0x1165, 0x11AE, 0x1102, 0x1165,
    0x11AF, 0x1102, 0x1165, 0x11B0, 0x1102, 0x1165, 0x11B1, 0x1102, 0x1165, 0x11B2, 0x1102, 0x1165,
    0x11B3, 0x1102, 0x1165, 0x11B4, 0x1102, 0x1165, 0x11B5, 0x1102, 0x1165, 0x11B6, 0x1102, 0x1165,
    0x11B7, 0x1102, 0x1165, 0x11B8, 0x1102, 0x1165, 0x11B9, 0x1102, 0x1165, 0x11BA, 0x1102, 0x1165,
    0x11BB, 0x1102, 0x1165, 0x11BC, 0x1102, 0x1165, 0x11BD, 0x1102, 0x1165, 0x11BE, 0x1102, 0x1165,
    0x11BF, 0x1102, 0x1165, 0x11C0, 0x1102, 0x1165, 0x11C1, 0x1102, 0x1165, 0x11C2, 0x1102, 0x1166,
    0x1102, 0x1166, 0x11A8, 0x1102, 0x1166, 0x11A9, 0x1102, 0x1166, 0x11AA, 0x1102, 0x1166, 0x11AB,
    0x1102, 0x1166, 0x11AC, 0x1102, 0x1166, 0x11AD, 0x1102, 0x1166, 0x11AE, 0x1102, 0x1166, 0x11AF,
    0x1102, 0x1166, 0x11B0, 0x1102, 0x1166, 0x11B1, 0x1102, 0x1166, 0x11B2, 0x1102, 0x1166, 0x11B3,
    0x1102, 0x1166, 0x11B4, 0x1102, 0x1166, 0x11B5, 0x1102, 0x1166, 0x11B6, 0x1102, 0x1166, 0x11B7,
    0x1102, 0x1166, 0x11B8, 0x1102, 0x1166, 0x11B9, 0x1102, 0x1166, 0x11BA, 0x1102, 0x1166, 0x11BB,
    0x1102, 0x1166, 0x11BC, 0x1102, 0x1166, 0x11BD, 0x1102, 0x1166, 0x11BE, 0x1102, 0x1166, 0x11BF,
    0x1102, 0x1166, 0x11C0, 0x1102, 0x1166, 0x11C1, 0x1102, 0x1166, 0x11C2, 0x1102, 0x1167, 0x1102,
    0x1167, 0x11A8, 0x1102, 0x1167, 0x11A9, 0x1102, 0x1167, 0x11AA, 0x1102, 0x1167, 0x11AB, 0x1102,
    0x1167, 0x11AC, 0x1102, 0x1167, 0x11AD, 0x1102, 0x1167, 0x11AE, 0x1102, 0x1167, 0x11AF, 0x1102,
    0x1167, 0x11B0, 0x1102, 0x1167, 0x11B1, 0x1102, 0x1167, 0x11B2, 0x1102, 0x1167, 0x11B3, 0x1102,
    0x1167, 0x11B4, 0x1102, 0x1167, 0x11B5, 0x1102, 0x1167, 0x11B6, 0x1102, 0x1167, 0x11B7, 0x1102,
    0x1167, 0x11B8, 0x1102, 0x1167, 0x11B9, 0x1102, 0x1167, 0x11BA, 0x1102, 0x1167, 0x11BB, 0x1102,
    0x1167, 0x11BC, 0x1102, 0x1167, 0x11BD, 0x1102, 0x1167, 0x11BE, 0x1102, 0x1167, 0x11BF, 0x1102,
    0x1167, 0x11C0, 0x1102, 0x1167, 0x11C1, 0x1102, 0x1167, 0x11C2, 0x1102, 0x1168, 0x1102, 0x1168,
    0x11A8, 0x1102, 0x1168, 0x11A9, 0x1102, 0x1168, 0x11AA, 0x1102, 0x1168, 0x11AB, 0x1102, 0x1168,
    0x11AC, 0x1102, 0x1168, 0x11AD, 0x1102, 0x1168, 0x11AE, 0x1102, 0x1168, 0x11AF, 0x1102, 0x1168,
    0x11B0, 0x1102, 0x1168, 0x11B1, 0x1102, 0x1168, 0x11B2, 0x1102, 0x1168, 0x11B3, 0x1102, 0x1168,
    0x11B4, 0x1102, 0x1168, 0x11B5, 0x1102, 0x1168, 0x11B6, 0x1102, 0x1168, 0x11B7, 0x1102, 0x1168,
    0x11B8, 0x1102, 0x1168, 0x11B9, 0x1102, 0x1168, 0x11BA, 0x1102, 0x1168, 0x11BB, 0x1102, 0x1168,
    0x11BC, 0x1102, 0x1168, 0x11BD, 0x1102, 0x1168, 0x11BE, 0x1102, 0x1168, 0x11BF, 0x1102, 0x1168,
    0x11C0, 0x1102, 0x1168, 0x11C1, 0x1102, 0x1168, 0x11C2, 0x1102, 0x1169, 0x1102, 0x1169, 0x11A8,
    0x1102, 0x1169, 0x11A9, 0x1102, 0x1169, 0x11AA, 0x1102, 0x1169, 0x11AB, 0x1102, 0x1169, 0x11AC,
    0x1102, 0x1169, 0x11AD, 0x1102, 0x1169, 0x11AE, 0x1102, 0x1169, 0x11AF, 0x1102, 0x1169, 0x11B0,
    0x1102, 0x1169, 0x11B1, 0x1102, 0x1169, 0x11B2, 0x1102, 0x1169, 0x11B3, 0x1102, 0x1169, 0x11B4,
    0x1102, 0x1169, 0x11B5, 0x1102, 0x1169, 0x11B6, 0x1102, 0x1169, 0x11B7, 0x1102, 0x1169, 0x11B8,
    0x1102, 0x1169, 0x11B9, 0x1102, 0x1169, 0x11BA, 0x1102, 0x1169, 0x11BB, 0x1102, 0x1169, 0x11BC,
    0x1102, 0x1169, 0x11BD, 0x1102, 0x1169, 0x11BE, 0x1102, 0x1169, 0x11BF, 0x1102, 0x1169, 0x11C0,
    0x1102, 0x1169, 0x11C1, 0x1102, 0x1169, 0x11C2, 0x1102, 0x116A, 0x1102, 0x116A, 0x11A8, 0x1102,
    0x116A, 0x11A9, 0x1102, 0x116A, 0x11AA, 0x1102, 0x116A, 0x11AB, 0x1102, 0x116A, 0x11AC, 0x1102,
    0x116A, 0x11AD, 0x1102, 0x116A, 0x11AE, 0x1102, 0x116A, 0x11AF, 0x1102, 0x116A, 0x11B0, 0x1102,
    0x116A, 0x11B1, 0x1102, 0x116A, 0x11B2, 0x1102, 0x116A, 0x11B3, 0x1102, 0x116A, 0x11B4, 0x1102,
    0x116A, 0x11B5, 0x1102, 0x116A, 0x11B6, 0x1102, 0x116A, 0x11B7, 0x1102, 0x116A, 0x11B8, 0x1102,
    0x116A, 0x11B9, 0x1102, 0x116A, 0x11BA, 0x1102, 0x116A, 0x11BB, 0x1102, 0x116A, 0x11BC, 0x1102,
    0x116A, 0x11BD, 0x1102, 0x116A, 0x11BE, 0x1102, 0x116A, 0x11BF, 0x1102, 0x116A, 0x11C0, 0x1102,
    0x116A, 0x11C1, 0x1102, 0x116A, 0x11C2, 0x1102, 0x116B, 0x1102, 0x116B, 0x11A8, 0x1102, 0x116B,
    0x11A9, 0x1102, 0x116B, 0x11AA, 0x1102, 0x116B, 0x11AB, 0x1102, 0x116B, 0x11AC, 0x1102, 0x116B,
    0x11AD, 0x1102, 0x116B, 0x11AE, 0x1102, 0x116B, 0x11AF, 0x1102, 0x116B, 0x11B0, 0x1102, 0x116B,
    0x11B1, 0x1102, 0x116B, 0x11B2, 0x1102, 0x116B, 0x11B3, 0x1102, 0x116B, 0x11B4, 0x1102, 0x116B,
    0x11B5, 0x1102, 0x116B, 0x11B6, 0x1102, 0x116B, 0x11B7, 0x1102, 0x116B, 0x11B8, 0x1102, 0x116B,
    0x11B9, 0x1102, 0x116B, 0x11BA, 0x1102, 0x116B, 0x11BB, 0x1102, 0x116B, 0x11BC, 0x1102, 0x116B,
    0x11BD, 0x1102, 0x116B, 0x11BE, 0x1102, 0x116B, 0x11BF, 0x1102, 0x116B, 0x11C0, 0x1102, 0x116B,
    0x11C1, 0x1102, 0x116B, 0x11C2, 0x1102, 0x116C, 0x1102, 0x116C, 0x11A8, 0x1102, 0x116C, 0x11A9,
    0x1102, 0x116C, 0x11AA, 0x1102, 0x116C, 0x11AB, 0x1102, 0x116C, 0x11AC, 0x1102, 0x116C, 0x11AD,
    0x1102, 0x116C, 0x11AE, 0x1102, 0x116C, 0x11AF, 0x1102, 0x116C, 0x11B0, 0x1102, 0x116C, 0x11B1,
    0x1102, 0x116C, 0x11B2, 0x1102, 0x116C, 0x11B3, 0x1102, 0x116C, 0x11B4, 0x1102, 0x116C, 0x11B5,
    0x1102, 0x116C, 0x11B6, 0x1102, 0x116C, 0x11B7, 0x1102, 0x116C, 0x11B8, 0x1102, 0x116C, 0x11B9,
    0x1102, 0x116C, 0x11BA, 0x1102, 0x116C, 0x11BB, 0x1102, 0x116C, 0x11BC, 0x1102, 0x116C, 0x11BD,
    0x1102, 0x116C, 0x11BE, 0x1102, 0x116C, 0x11BF, 0x1102, 0x116C, 0x11C0, 0x1102, 0x116C, 0x11C1,
    0x1102, 0x116C, 0x11C2, 0x1102, 0x116D, 0x1102, 0x116D, 0x11A8, 0x1102, 0x116D, 0x11A9, 0x1102,
    0x116D, 0x11AA, 0x1102, 0x116D, 0x11AB, 0x1102, 0x116D, 0x11AC, 0x1102, 0x116D, 0x11AD, 0x1102,
    0x116D, 0x11AE, 0x1102, 0x116D, 0x11AF, 0x1102, 0x116D, 0x11B0, 0x1102, 0x116D, 0x11B1, 0x1102,
    0x116D, 0x11B2, 0x1102, 0x116D, 0x11B3, 0x1102, 0x116D, 0x11B4, 0x1102, 0x116D, 0x11B5, 0x1102,
    0x116D, 0x11B6, 0x1102, 0x116D, 0x11B7, 0x1102, 0x116D, 0x11B8, 0x1102, 0x116D, 0x11B9, 0x1102,
    0x116D, 0x11BA, 0x1102, 0x116D, 0x11BB, 0x1102, 0x116D, 0x11BC, 0x1102, 0x116D, 0x11BD, 0x1102,
    0x116D, 0x11BE, 0x1102, 0x116D, 0x11BF, 0x1102, 0x116D, 0x11C0, 0x1102, 0x116D, 0x11C1, 0x1102,
    0x116D, 0x11C2, 0x1102, 0x116E, 0x1102, 0x116E, 0x11A8, 0x1102, 0x116E, 0x11A9, 0x1102, 0x116E,
    0x11AA, 0x1102, 0x116E, 0x11AB, 0x1102, 0x116E, 0x11AC, 0x1102, 0x116E, 0x11AD, 0x1102, 0x116E,
    0x11AE, 0x1102, 0x116E, 0x11AF, 0x1102, 0x116E, 0x11B0, 0x1102, 0x116E, 0x11B1, 0x1102, 0x116E,
    0x11B2, 0x1102, 0x116E, 0x11B3, 0x1102, 0x116E, 0x11B4, 0x1102, 0x116E, 0x11B5, 0x1102, 0x116E,
    0x11B6, 0x1102, 0x116E, 0x11B7, 0x1102, 0x116E, 0x11B8, 0x1102, 0x116E, 0x11B9, 0x1102, 0x116E,
    0x11BA, 0x1102, 0x116E, 0x11BB, 0x1102, 0x116E, 0x11BC, 0x1102, 0x116E, 0x11BD, 0x1102, 0x116E,
    0x11BE, 0x1102, 0x116E, 0x11BF, 0x1102, 0x116E, 0x11C0, 0x1102, 0x116E, 0x11C1, 0x1102, 0x116E,
    0x11C2, 0x1102, 0x116F, 0x1102, 0x116F, 0x11A8, 0x1102, 0x116F, 0x11A9, 0x1102, 0x116F, 0x11AA,
    0x1102, 0x116F, 0x11AB, 0x1102, 0x116F, 0x11AC, 0x1102, 0x116F, 0x11AD, 0x1102, 0x116F, 0x11AE,
    0x1102, 0x116F, 0x11AF, 0x1102, 0x116F, 0x11B0, 0x1102, 0x116F, 0x11B1, 0x1102, 0x116F, 0x11B2,
    0x1102, 0x116F, 0x11B3, 0x1102, 0x116F, 0x11B4, 0x1102, 0x116F, 0x11B5, 0x1102, 0x116F, 0x11B6,
    0x1102, 0x116F, 0x11B7, 0x1102, 0x116F, 0x11B8, 0x1102, 0x116F, 0x11B9, 0x1102, 0x116F, 0x11BA,
    0x1102, 0x116F, 0x11BB, 0x1102, 0x116F, 0x11BC, 0x1102, 0x116F, 0x11BD, 0x1102, 0x116F, 0x11BE,
    0x1102, 0x116F, 0x11BF, 0x1102, 0x116F, 0x11C0, 0x1102, 0x116F, 0x11C1, 0x1102, 0x116F, 0x11C2,
    0x1102, 0x1170, 0x1102, 0x1170, 0x11A8, 0x1102, 0x1170, 0x11A9, 0x1102, 0x1170, 0x11AA, 0x1102,
    0x1170, 0x11AB, 0x1102, 0x1170, 0x11AC, 0x1102, 0x1170, 0x11AD, 0x1102, 0x1170, 0x11AE, 0x1102,
    0x1170, 0x11AF, 0x1102, 0x1170, 0x11B0, 0x1102, 0x1170, 0x11B1, 0x1102, 0x1170, 0x11B2, 0x1102,
    0x1170, 0x11B3, 0x1102, 0x1170, 0x11B4, 0x1102, 0x1170, 0x11B5, 0x1102, 0x1170, 0x11B6, 0x1102,
    0x1170, 0x11B7, 0x1102, 0x1170, 0x11B8, 0x1102, 0x1170, 0x11B9, 0x1102, 0x1170, 0x11BA, 0x1102,
    0x1170, 0x11BB, 0x1102, 0x1170, 0x11BC, 0x1102, 0x1170, 0x11BD, 0x1102, 0x1170, 0x11BE, 0x1102,
    0x1170, 0x11BF, 0x1102, 0x1170, 0x11C0, 0x1102, 0x1170, 0x11C1, 0x1102, 0x1170, 0x11C2, 0x1102,
    0x1171, 0x1102, 0x1171, 0x11A8, 0x1102, 0x1171, 0x11A9, 0x1102, 0x1171, 0x11AA, 0x1102, 0x1171,
    0x11AB, 0x1102, 0x1171, 0x11AC, 0x1102, 0x1171, 0x11AD, 0x1102, 0x1171, 0x11AE, 0x1102, 0x1171,
    0x11AF, 0x1102, 0x1171, 0x11B0, 0x1102, 0x1171, 0x11B1, 0x1102, 0x1171, 0x11B2, 0x1102, 0x1171,
    0x11B3, 0x1102, 0x1171, 0x11B4, 0x1102, 0x1171, 0x11B5, 0x1102, 0x1171, 0x11B6, 0x1102, 0x1171,
    0x11B7, 0x1102, 0x1171, 0x11B8, 0x1102, 0x1171, 0x11B9, 0x1102, 0x1171, 0x11BA, 0x1102, 0x1171,
    0x11BB, 0x1102, 0x1171, 0x11BC, 0x1102, 0x1171, 0x11BD, 0x1102, 0x1171, 0x11BE, 0x1102, 0x1171,
    0x11BF, 0x1102, 0x1171, 0x11C0, 0x1102, 0x1171, 0x11C1, 0x1102, 0x1171, 0x11C2, 0x1102, 0x1172,
    0x1102, 0x1172, 0x11A8, 0x1102, 0x1172, 0x11A9, 0x1102, 0x1172, 0x11AA, 0x1102, 0x1172, 0x11AB,
    0x1102, 0x1172, 0x11AC, 0x1102, 0x1172, 0x11AD, 0x1102, 0x1172, 0x11AE, 0x1102, 0x1172, 0x11AF,
    0x1102, 0x1172, 0x11B0, 0x1102, 0x1172, 0x11B1, 0x1102, 0x1172, 0x11B2, 0x1102, 0x1172, 0x11B3,
    0x1102, 0x1172, 0x11B4, 0x1102, 0x1172, 0x11B5, 0x1102, 0x1172, 0x11B6, 0x1102, 0x1172, 0x11B7,
    0x1102, 0x1172, 0x11B8, 0x1102, 0x1172, 0x11B9, 0x1102, 0x1172, 0x11BA, 0x1102, 0x1172, 0x11BB,
    0x1102, 0x1172, 0x11BC, 0x1102, 0x1172, 0x11BD, 0x1102, 0x1172, 0x11BE, 0x1102, 0x1172, 0x11BF,
    0x1102, 0x1172, 0x11C0, 0x1102, 0x1172, 0x11C1, 0x1102, 0x1172, 0x11C2, 0x1102, 0x1173, 0x1102,
    0x1173, 0x11A8, 0x1102, 0x1173, 0x11A9, 0x1102, 0x1173, 0x11AA, 0x1102, 0x1173, 0x11AB, 0x1102,
    0x1173, 0x11AC, 0x1102, 0x1173, 0x11AD, 0x1102, 0x1173, 0x11AE, 0x1102, 0x1173, 0x11AF, 0x1102,
    0x1173, 0x11B0, 0x1102, 0x1173, 0x11B1, 0x1102, 0x1173, 0x11B2, 0x1102, 0x1173, 0x11B3, 0x1102,
    0x1173, 0x11B4, 0x1102, 0x1173, 0x11B5, 0x1102, 0x1173, 0x11B6, 0x1102, 0x1173, 0x11B7, 0x1102,
    0x1173, 0x11B8, 0x1102, 0x1173, 0x11B9, 0x1102, 0x1173, 0x11BA, 0x1102, 0x1173, 0x11BB, 0x1102,
    0x1173, 0x11BC, 0x1102, 0x1173, 0x11BD, 0x1102, 0x1173, 0x11BE, 0x1102, 0x1173, 0x11BF, 0x1102,
    0x1173, 0x11C0, 0x1102, 0x1173, 0x11C1, 0x1102, 0x1173, 0x11C2, 0x1102, 0x1174, 0x1102, 0x1174,
    0x11A8, 0x1102, 0x1174, 0x11A9, 0x1102, 0x1174, 0x11AA, 0x1102, 0x1174, 0x11AB, 0x1102, 0x1174,
    0x11AC, 0x1102, 0x1174, 0x11AD, 0x1102, 0x1174, 0x11AE, 0x1102, 0x1174, 0x11AF, 0x1102, 0x1174,
    0x11B0, 0x1102, 0x1174, 0x11B1, 0x1102, 0x1174, 0x11B2, 0x1102, 0x1174, 0x11B3, 0x1102, 0x1174,
    0x11B4, 0x1102, 0x1174, 0x11B5, 0x1102, 0x1174, 0x11B6, 0x1102, 0x1174, 0x11B7, 0x1102, 0x1174,
    0x11B8, 0x1102, 0x1174, 0x11B9, 0x1102, 0x1174, 0x11BA, 0x1102, 0x1174, 0x11BB, 0x1102, 0x1174,
    0x11BC, 0x1102, 0x1174, 0x11BD, 0x1102, 0x1174, 0x11BE, 0x1102, 0x1174, 0x11BF, 0x1102, 0x1174,
    0x11C0, 0x1102, 0x1174, 0x11C1, 0x1102, 0x1174, 0x11C2, 0x1102, 0x1175, 0x1102, 0x1175, 0x11A8,
    0x1102, 0x1175, 0x11A9, 0x1102, 0x1175, 0x11AA, 0x1102, 0x1175, 0x11AB, 0x1102, 0x1175, 0x11AC,
    0x1102, 0x1175, 0x11AD, 0x1102, 0x1175, 0x11AE, 0x1102, 0x1175, 0x11AF, 0x1102, 0x1175, 0x11B0,
    0x1102, 0x1175, 0x11B1, 0x1102, 0x1175, 0x11B2, 0x1102, 0x1175, 0x11B3, 0x1102, 0x1175, 0x11B4,
    0x1102, 0x1175, 0x11B5, 0x1102, 0x1175, 0x11B6, 0x1102, 0x1175, 0x11B7, 0x1102, 0x1175, 0x11B8,
    0x1102, 0x1175, 0x11B9, 0x1102, 0x1175, 0x11BA, 0x1102, 0x1175, 0x11BB, 0x1102, 0x1175, 0x11BC,
    0x1102, 0x1175, 0x11BD, 0x1102, 0x1175, 0x11BE, 0x1102, 0x1175, 0x11BF, 0x1102, 0x1175, 0x11C0,
    0x1102, 0x1175, 0x11C1, 0x1102, 0x1175, 0x11C2, 0x1103, 0x1161, 0x1103, 0x1161, 0x11A8, 0x1103,
    0x1161, 0x11A9, 0x1103, 0x1161, 0x11AA, 0x1103, 0x1161, 0x11AB, 0x1103, 0x1161, 0x11AC, 0x1103,
    0x1161, 0x11AD, 0x1103, 0x1161, 0x11AE, 0x1103, 0x1161, 0x11AF, 0x1103, 0x1161, 0x11B0, 0x1103,
    0x1161, 0x11B1, 0x1103, 0x1161, 0x11B2, 0x1103, 0x1161, 0x11B3, 0x1103, 0x1161, 0x11B4, 0x1103,
    0x1161, 0x11B5, 0x1103, 0x1161, 0x11B6, 0x1103, 0x1161, 0x11B7, 0x1103, 0x1161, 0x11B8, 0x1103,
    0x1161, 0x11B9, 0x1103, 0x1161, 0x11BA, 0x1103, 0x1161, 0x11BB, 0x1103, 0x1161, 0x11BC, 0x1103,
    0x1161, 0x11BD, 0x1103, 0x1161, 0x11BE, 0x1103, 0x1161, 0x11BF, 0x1103, 0x1161, 0x11C0, 0x1103,
    0x1161, 0x11C1, 0x1103, 0x1161, 0x11C2, 0x1103, 0x1162, 0x1103, 0x1162, 0x11A8, 0x1103, 0x1162,
    0x11A9, 0x1103, 0x1162, 0x11AA, 0x1103, 0x1162, 0x11AB, 0x1103, 0x1162, 0x11AC, 0x1103, 0x1162,
    0x11AD, 0x1103, 0x1162, 0x11AE, 0x1103, 0x1162, 0x11AF, 0x1103, 0x1162, 0x11B0, 0x1103, 0x1162,
    0x11B1, 0x1103, 0x1162, 0x11B2, 0x1103, 0x1162, 0x11B3, 0x1103, 0x1162, 0x11B4, 0x1103, 0x1162,
    0x11B5, 0x1103, 0x1162, 0x11B6, 0x1103, 0x1162, 0x11B7, 0x1103, 0x1162, 0x11B8, 0x1103, 0x1162,
    0x11B9, 0x1103, 0x1162, 0x11BA, 0x1103, 0x1162, 0x11BB, 0x1103, 0x1162, 0x11BC, 0x1103, 0x1162,
    0x11BD, 0x1103, 0x1162, 0x11BE, 0x1103, 0x1162, 0x11BF, 0x1103, 0x1162, 0x11C0, 0x1103, 0x1162,
    0x11C1, 0x1103, 0x1162, 0x11C2, 0x1103, 0x1163, 0x1103, 0x1163, 0x11A8, 0x1103, 0x1163, 0x11A9,
    0x1103, 0x1163, 0x11AA, 0x1103, 0x1163, 0x11AB, 0x1103, 0x1163, 0x11AC, 0x1103, 0x1163, 0x11AD,
    0x1103, 0x1163, 0x11AE, 0x1103, 0x1163, 0x11AF, 0x1103, 0x1163, 0x11B0, 0x1103, 0x1163, 0x11B1,
    0x1103, 0x1163, 0x11B2, 0x1103, 0x1163, 0x11B3, 0x1103, 0x1163, 0x11B4, 0x1103, 0x1163, 0x11B5,
    0x1103, 0x1163, 0x11B6, 0x1103, 0x1163, 0x11B7, 0x1103, 0x1163, 0x11B8, 0x1103, 0x1163, 0x11B9,
    0x1103, 0x1163, 0x11BA, 0x1103, 0x1163, 0x11BB, 0x1103, 0x1163, 0x11BC, 0x1103, 0x1163, 0x11BD,
    0x1103, 0x1163, 0x11BE, 0x1103, 0x1163, 0x11BF, 0x1103, 0x1163, 0x11C0, 0x1103, 0x1163, 0x11C1,
    0x1103, 0x1163, 0x11C2, 0x1103, 0x1164, 0x1103, 0x1164, 0x11A8, 0x1103, 0x1164, 0x11A9, 0x1103,
    0x1164, 0x11AA, 0x1103, 0x1164, 0x11AB, 0x1103, 0x1164, 0x11AC, 0x1103, 0x1164, 0x11AD, 0x1103,
    0x1164, 0x11AE, 0x1103, 0x1164, 0x11AF, 0x1103, 0x1164, 0x11B0, 0x1103, 0x1164, 0x11B1, 0x1103,
    0x1164, 0x11B2, 0x1103, 0x1164, 0x11B3, 0x1103, 0x1164, 0x11B4, 0x1103, 0x1164, 0x11B5, 0x1103,
    0x1164, 0x11B6, 0x1103, 0x1164, 0x11B7, 0x1103, 0x1164, 0x11B8, 0x1103, 0x1164, 0x11B9, 0x1103,
    0x1164, 0x11BA, 0x1103, 0x1164, 0x11BB, 0x1103, 0x1164, 0x11BC, 0x1103, 0x1164, 0x11BD, 0x1103,
    0x1164, 0x11BE, 0x1103, 0x1164, 0x11BF, 0x1103, 0x1164, 0x11C0, 0x1103, 0x1164, 0x11C1, 0x1103,
    0x1164, 0x11C2, 0x1103, 0x1165, 0x1103, 0x1165, 0x11A8, 0x1103, 0x1165, 0x11A9, 0x1103, 0x1165,
    0x11AA, 0x1103, 0x1165, 0x11AB, 0x1103, 0x1165, 0x11AC, 0x1103, 0x1165, 0x11AD, 0x1103, 0x1165,
    0x11AE, 0x1103, 0x1165, 0x11AF, 0x1103, 0x1165, 0x11B0, 0x1103, 0x1165, 0x11B1, 0x1103, 0x1165,
    0x11B2, 0x1103, 0x1165, 0x11B3, 0x1103, 0x1165, 0x11B4, 0x1103, 0x1165, 0x11B5, 0x1103, 0x1165,
    0x11B6, 0x1103, 0x1165, 0x11B7, 0x1103, 0x1165, 0x11B8, 0x1103, 0x1165, 0x11B9, 0x1103, 0x1165,
    0x11BA, 0x1103, 0x1165, 0x11BB, 0x1103, 0x1165, 0x11BC, 0x1103, 0x1165, 0x11BD, 0x1103, 0x1165,
    0x11BE, 0x1103, 0x1165, 0x11BF, 0x1103, 0x1165, 0x11C0, 0x1103, 0x1165, 0x11C1, 0x1103, 0x1165,
    0x11C2, 0x1103, 0x1166, 0x1103, 0x1166, 0x11A8, 0x1103, 0x1166, 0x11A9, 0x1103, 0x1166, 0x11AA,
    0x1103, 0x1166, 0x11AB, 0x1103, 0x1166, 0x11AC, 0x1103, 0x1166, 0x11AD, 0x1103, 0x1166, 0x11AE,
    0x1103, 0x1166, 0x11AF, 0x1103, 0x1166, 0x11B0, 0x1103, 0x1166, 0x11B1, 0x1103, 0x1166, 0x11B2,
    0x1103, 0x1166, 0x11B3, 0x1103, 0x1166, 0x11B4, 0x1103, 0x1166, 0x11B5, 0x1103, 0x1166, 0x11B6,
    0x1103, 0x1166, 0x11B7, 0x1103, 0x1166, 0x11B8, 0x1103, 0x1166, 0x11B9, 0x1103, 0x1166, 0x11BA,
    0x1103, 0x1166, 0x11BB, 0x1103, 0x1166, 0x11BC, 0x1103, 0x1166, 0x11BD, 0x1103, 0x1166, 0x11BE,
    0x1103, 0x1166, 0x11BF, 0x1103, 0x1166, 0x11C0, 0x1103, 0x1166, 0x11C1, 0x1103, 0x1166, 0x11C2,
    0x1103, 0x1167, 0x1103, 0x1167, 0x11A8, 0x1103, 0x1167, 0x11A9, 0x1103, 0x1167, 0x11AA, 0x1103,
    0x1167, 0x11AB, 0x1103, 0x1167, 0x11AC, 0x1103, 0x1167, 0x11AD, 0x1103, 0x1167, 0x11AE, 0x1103,
    0x1167, 0x11AF, 0x1103, 0x1167, 0x11B0, 0x1103, 0x1167, 0x11B1, 0x1103, 0x1167, 0x11B2, 0x1103,
    0x1167, 0x11B3, 0x1103, 0x1167, 0x11B4, 0x1103, 0x1167, 0x11B5, 0x1103, 0x1167, 0x11B6, 0x1103,
    0x1167, 0x11B7, 0x1103, 0x1167, 0x11B8, 0x1103, 0x1167, 0x11B9, 0x1103, 0x1167, 0x11BA, 0x1103,
    0x1167, 0x11BB, 0x1103, 0x1167, 0x11BC, 0x1103, 0x1167, 0x11BD, 0x1103, 0x1167, 0x11BE, 0x1103,
    0x1167, 0x11BF, 0x1103, 0x1167, 0x11C0, 0x1103, 0x1167, 0x11C1, 0x1103, 0x1167, 0x11C2, 0x1103,
    0x1168, 0x1103, 0x1168, 0x11A8, 0x1103, 0x1168, 0x11A9, 0x1103, 0x1168, 0x11AA, 0x1103, 0x1168,
    0x11AB, 0x1103, 0x1168, 0x11AC, 0x1103, 0x1168, 0x11AD, 0x1103, 0x1168, 0x11AE, 0x1103, 0x1168,
    0x11AF, 0x1103, 0x1168, 0x11B0, 0x1103, 0x1168, 0x11B1, 0x1103, 0x1168, 0x11B2, 0x1103, 0x1168,
    0x11B3, 0x1103, 0x1168, 0x11B4, 0x1103, 0x1168, 0x11B5, 0x1103, 0x1168, 0x11B6, 0x1103, 0x1168,
    0x11B7, 0x1103, 0x1168, 0x11B8, 0x1103, 0x1168, 0x11B9, 0x1103, 0x1168, 0x11BA, 0x1103, 0x1168,
    0x11BB, 0x1103, 0x1168, 0x11BC, 0x1103, 0x1168, 0x11BD, 0x1103, 0x1168, 0x11BE, 0x1103, 0x1168,
    0x11BF, 0x1103, 0x1168, 0x11C0, 0x1103, 0x1168, 0x11C1, 0x1103, 0x1168, 0x11C2, 0x1103, 0x1169,
    0x1103, 0x1169, 0x11A8, 0x1103, 0x1169, 0x11A9, 0x1103, 0x1169, 0x11AA, 0x1103, 0x1169, 0x11AB,
    0x1103, 0x1169, 0x11AC, 0x1103, 0x1169, 0x11AD, 0x1103, 0x1169, 0x11AE, 0x1103, 0x1169, 0x11AF,
    0x1103, 0x1169, 0x11B0, 0x1103, 0x1169, 0x11B1, 0x1103, 0x1169, 0x11B2, 0x1103, 0x1169, 0x11B3,
    0x1103, 0x1169, 0x11B4, 0x1103, 0x1169, 0x11B5, 0x1103, 0x1169, 0x11B6, 0x1103, 0x1169, 0x11B7,
    0x1103, 0x1169, 0x11B8, 0x1103, 0x1169, 0x11B9, 0x1103, 0x1169, 0x11BA, 0x1103, 0x1169, 0x11BB,
    0x1103, 0x1169, 0x11BC, 0x1103, 0x1169, 0x11BD, 0x1103, 0x1169, 0x11BE, 0x1103, 0x1169, 0x11BF,
    0x1103, 0x1169, 0x11C0, 0x1103, 0x1169, 0x11C1, 0x1103, 0x1169, 0x11C2, 0x1103, 0x116A, 0x1103,
    0x116A, 0x11A8, 0x1103, 0x116A, 0x11A9, 0x1103, 0x116A, 0x11AA, 0x1103, 0x116A, 0x11AB, 0x1103,
    0x116A, 0x11AC, 0x1103, 0x116A, 0x11AD, 0x1103, 0x116A, 0x11AE, 0x1103, 0x116A, 0x11AF, 0x1103,
    0x116A, 0x11B0, 0x1103, 0x116A, 0x11B1, 0x1103, 0x116A, 0x11B2, 0x1103, 0x116A, 0x11B3, 0x1103,
    0x116A, 0x11B4, 0x1103, 0x116A, 0x11B5, 0x1103, 0x116A, 0x11B6, 0x1103, 0x116A, 0x11B7, 0x1103,
    0x116A, 0x11B8, 0x1103, 0x116A, 0x11B9, 0x1103, 0x116A, 0x11BA, 0x1103, 0x116A, 0x11BB, 0x1103,
    0x116A, 0x11BC, 0x1103, 0x116A, 0x11BD, 0x1103, 0x116A, 0x11BE, 0x1103, 0x116A, 0x11BF, 0x1103,
    0x116A, 0x11C0, 0x1103, 0x116A, 0x11C1, 0x1103, 0x116A, 0x11C2, 0x1103, 0x116B, 0x1103, 0x116B,
    0x11A8, 0x1103, 0x116B, 0x11A9, 0x1103, 0x116B, 0x11AA, 0x1103, 0x116B, 0x11AB, 0x1103, 0x116B,
    0x11AC, 0x1103, 0x116B, 0x11AD, 0x1103, 0x116B, 0x11AE, 0x1103, 0x116B, 0x11AF, 0x1103, 0x116B,
    0x11B0, 0x1103, 0x116B, 0x11B1, 0x1103, 0x116B, 0x11B2, 0x1103, 0x116B, 0x11B3, 0x1103, 0x116B,
    0x11B4, 0x1103, 0x116B, 0x11B5, 0x1103, 0x116B, 0x11B6, 0x1103, 0x116B, 0x11B7, 0x1103, 0x116B,
    0x11B8, 0x1103, 0x116B, 0x11B9, 0x1103, 0x116B, 0x11BA, 0x1103, 0x116B, 0x11BB, 0x1103, 0x116B,
    0x11BC, 0x1103, 0x116B, 0x11BD, 0x1103, 0x116B, 0x11BE, 0x1103, 0x116B, 0x11BF, 0x1103, 0x116B,
    0x11C0, 0x1103, 0x116B, 0x11C1, 0x1103, 0x116B, 0x11C2, 0x1103, 0x116C, 0x1103, 0x116C, 0x11A8,
    0x1103, 0x116C, 0x11A9, 0x1103, 0x116C, 0x11AA, 0x1103, 0x116C, 0x11AB, 0x1103, 0x116C, 0x11AC,
    0x1103, 0x116C, 0x11AD, 0x1103, 0x116C, 0x11AE, 0x1103, 0x116C, 0x11AF, 0x1103, 0x116C, 0x11B0,
    0x1103, 0x116C, 0x11B1, 0x1103, 0x116C, 0x11B2, 0x1103, 0x116C, 0x11B3, 0x1103, 0x116C, 0x11B4,
    0x1103, 0x116C, 0x11B5, 0x1103, 0x116C, 0x11B6, 0x1103, 0x116C, 0x11B7, 0x1103, 0x116C, 0x11B8,
    0x1103, 0x116C, 0x11B9, 0x1103, 0x116C, 0x11BA, 0x1103, 0x116C, 0x11BB, 0x1103, 0x116C, 0x11BC,
    0x1103, 0x116C, 0x11BD, 0x1103, 0x116C, 0x11BE, 0x1103, 0x116C, 0x11BF, 0x1103, 0x116C, 0x11C0,
    0x1103, 0x116C, 0x11C1, 0x1103, 0x116C, 0x11C2, 0x1103, 0x116D, 0x1103, 0x116D, 0x11A8, 0x1103,
    0x116D, 0x11A9, 0x1103, 0x116D, 0x11AA, 0x1103, 0x116D, 0x11AB, 0x1103, 0x116D, 0x11AC, 0x1103,
    0x116D, 0x11AD, 0x1103, 0x116D, 0x11AE, 0x1103, 0x116D, 0x11AF, 0x1103, 0x116D, 0x11B0, 0x1103,
    0x116D, 0x11B1, 0x1103, 0x116D, 0x11B2, 0x1103, 0x116D, 0x11B3, 0x1103, 0x116D, 0x11B4, 0x1103,
    0x116D, 0x11B5, 0x1103, 0x116D, 0x11B6, 0x1103, 0x116D, 0x11B7, 0x1103, 0x116D, 0x11B8, 0x1103,
    0x116D, 0x11B9, 0x1103, 0x116D, 0x11BA, 0x1103, 0x116D, 0x11BB, 0x1103, 0x116D, 0x11BC, 0x1103,
    0x116D, 0x11BD, 0x1103, 0x116D, 0x11BE, 0x1103, 0x116D, 0x11BF, 0x1103, 0x116D, 0x11C0, 0x1103,
    0x116D, 0x11C1, 0x1103, 0x116D, 0x11C2, 0x1103, 0x116E, 0x1103, 0x116E, 0x11A8, 0x1103, 0x116E,
    0x11A9, 0x1103, 0x116E, 0x11AA, 0x1103, 0x116E, 0x11AB, 0x1103, 0x116E, 0x11AC, 0x1103, 0x116E,
    0x11AD, 0x1103, 0x116E, 0x11AE, 0x1103, 0x116E, 0x11AF, 0x1103, 0x116E, 0x11B0, 0x1103, 0x116E,
    0x11B1, 0x1103, 0x116E, 0x11B2, 0x1103, 0x116E, 0x11B3, 0x1103, 0x116E, 0x11B4, 0x1103, 0x116E,
    0x11B5, 0x1103, 0x116E, 0x11B6, 0x1103, 0x116E, 0x11B7, 0x1103, 0x116E, 0x11B8, 0x1103, 0x116E,
    0x11B9, 0x1103, 0x116E, 0x11BA, 0x1103, 0x116E, 0x11BB, 0x1103, 0x116E, 0x11BC, 0x1103, 0x116E,
    0x11BD, 0x1103, 0x116E, 0x11BE, 0x1103, 0x116E, 0x11BF, 0x1103, 0x116E, 0x11C0, 0x1103, 0x116E,
    0x11C1, 0x1103, 0x116E, 0x11C2, 0x1103, 0x116F, 0x1103, 0x116F, 0x11A8, 0x1103, 0x116F, 0x11A9,
    0x1103, 0x116F, 0x11AA, 0x1103, 0x116F, 0x11AB, 0x1103, 0x116F, 0x11AC, 0x1103, 0x116F, 0x11AD,
    0x1103, 0x116F, 0x11AE, 0x1103, 0x116F, 0x11AF, 0x1103, 0x116F, 0x11B0, 0x1103, 0x116F, 0x11B1,
    0x1103, 0x116F, 0x11B2, 0x1103, 0x116F, 0x11B3, 0x1103, 0x116F, 0x11B4, 0x1103, 0x116F, 0x11B5,
    0x1103, 0x116F, 0x11B6, 0x1103, 0x116F, 0x11B7, 0x1103, 0x116F, 0x11B8, 0x1103, 0x116F, 0x11B9,
    0x1103, 0x116F, 0x11BA, 0x1103, 0x116F, 0x11BB, 0x1103, 0x116F, 0x11BC, 0x1103, 0x116F, 0x11BD,
    0x1103, 0x116F, 0x11BE, 0x1103, 0x116F, 0x11BF, 0x1103, 0x116F, 0x11C0, 0x1103, 0x116F, 0x11C1,
    0x1103, 0x116F, 0x11C2, 0x1103, 0x1170, 0x1103, 0x1170, 0x11A8, 0x1103, 0x1170, 0x11A9, 0x1103,
    0x1170, 0x11AA, 0x1103, 0x1170, 0x11AB, 0x1103, 0x1170, 0x11AC, 0x1103, 0x1170, 0x11AD, 0x1103,
    0x1170, 0x11AE, 0x1103, 0x1170, 0x11AF, 0x1103, 0x1170, 0x11B0, 0x1103, 0x1170, 0x11B1, 0x1103,
    0x1170, 0x11B2, 0x1103, 0x1170, 0x11B3, 0x1103, 0x1170, 0x11B4, 0x1103, 0x1170, 0x11B5, 0x1103,
    0x1170, 0x11B6, 0x1103, 0x1170, 0x11B7, 0x1103, 0x1170, 0x11B8, 0x1103, 0x1170, 0x11B9, 0x1103,
    0x1170, 0x11BA, 0x1103, 0x1170, 0x11BB, 0x1103, 0x1170, 0x11BC, 0x1103, 0x1170, 0x11BD, 0x1103,
    0x1170, 0x11BE, 0x1103, 0x1170, 0x11BF, 0x1103, 0x1170, 0x11C0, 0x1103, 0x1170, 0x11C1, 0x1103,
    0x1170, 0x11C2, 0x1103, 0x1171, 0x1103, 0x1171, 0x11A8, 0x1103, 0x1171, 0x11A9, 0x1103, 0x1171,
    0x11AA, 0x1103, 0x1171, 0x11AB, 0x1103, 0x1171, 0x11AC, 0x1103, 0x1171, 0x11AD, 0x1103, 0x1171,
    0x11AE, 0x1103, 0x1171, 0x11AF, 0x1103, 0x1171, 0x11B0, 0x1103, 0x1171, 0x11B1, 0x1103, 0x1171,
    0x11B2, 0x1103, 0x1171, 0x11B3, 0x1103, 0x1171, 0x11B4, 0x1103, 0x1171, 0x11B5, 0x1103, 0x1171,
    0x11B6, 0x1103, 0x1171, 0x11B7, 0x1103, 0x1171, 0x11B8, 0x1103, 0x1171, 0x11B9, 0x1103, 0x1171,
    0x11BA, 0x1103, 0x1171, 0x11BB, 0x1103, 0x1171, 0x11BC, 0x1103, 0x1171, 0x11BD, 0x1103, 0x1171,
    0x11BE, 0x1103, 0x1171, 0x11BF, 0x1103, 0x1171, 0x11C0, 0x1103, 0x1171, 0x11C1, 0x1103, 0x1171,
    0x11C2, 0x1103, 0x1172, 0x1103, 0x1172, 0x11A8, 0x1103, 0x1172, 0x11A9, 0x1103, 0x1172, 0x11AA,
    0x1103, 0x1172, 0x11AB, 0x1103, 0x1172, 0x11AC, 0x1103, 0x1172, 0x11AD, 0x1103, 0x1172, 0x11AE,
    0x1103, 0x1172, 0x11AF, 0x1103, 0x1172, 0x11B0, 0x1103, 0x1172, 0x11B1, 0x1103, 0x1172, 0x11B2,
    0x1103, 0x1172, 0x11B3, 0x1103, 0x1172, 0x11B4, 0x1103, 0x1172, 0x11B5, 0x1103, 0x1172, 0x11B6,
    0x1103, 0x1172, 0x11B7, 0x1103, 0x1172, 0x11B8, 0x1103, 0x1172, 0x11B9, 0x1103, 0x1172, 0x11BA,
    0x1103, 0x1172, 0x11BB, 0x1103, 0x1172, 0x11BC, 0x1103, 0x1172, 0x11BD, 0x1103, 0x1172, 0x11BE,
    0x1103, 0x1172, 0x11BF, 0x1103, 0x1172, 0x11C0, 0x1103, 0x1172, 0x11C1, 0x1103, 0x1172, 0x11C2,
    0x1103, 0x1173, 0x1103, 0x1173, 0x11A8, 0x1103, 0x1173, 0x11A9, 0x1103, 0x1173, 0x11AA, 0x1103,
    0x1173, 0x11AB, 0x1103, 0x1173, 0x11AC, 0x1103, 0x1173, 0x11AD, 0x1103, 0x1173, 0x11AE, 0x1103,
    0x1173, 0x11AF, 0x1103, 0x1173, 0x11B0, 0x1103, 0x1173, 0x11B1, 0x1103, 0x1173, 0x11B2, 0x1103,
    0x1173, 0x11B3, 0x1103, 0x1173, 0x11B4, 0x1103, 0x1173, 0x11B5, 0x1103, 0x1173, 0x11B6, 0x1103,
    0x1173, 0x11B7, 0x1103, 0x1173, 0x11B8, 0x1103, 0x1173, 0x11B9, 0x1103, 0x1173, 0x11BA, 0x1103,
    0x1173, 0x11BB, 0x1103, 0x1173, 0x11BC, 0x1103, 0x1173, 0x11BD, 0x1103, 0x1173, 0x11BE, 0x1103,
    0x1173, 0x11BF, 0x1103, 0x1173, 0x11C0, 0x1103, 0x1173, 0x11C1, 0x1103, 0x1173, 0x11C2, 0x1103,
    0x1174, 0x1103, 0x1174, 0x11A8, 0x1103, 0x1174, 0x11A9, 0x1103, 0x1174, 0x11AA, 0x1103, 0x1174,
    0x11AB, 0x1103, 0x1174, 0x11AC, 0x1103, 0x1174, 0x11AD, 0x1103, 0x1174, 0x11AE, 0x1103, 0x1174,
    0x11AF, 0x1103, 0x1174, 0x11B0, 0x1103, 0x1174, 0x11B1, 0x1103, 0x1174, 0x11B2, 0x1103, 0x1174,
    0x11B3, 0x1103, 0x1174, 0x11B4, 0x1103, 0x1174, 0x11B5, 0x1103, 0x1174, 0x11B6, 0x1103, 0x1174,
    0x11B7, 0x1103, 0x1174, 0x11B8, 0x1103, 0x1174, 0x11B9, 0x1103, 0x1174, 0x11BA, 0x1103, 0x1174,
    0x11BB, 0x1103, 0x1174, 0x11BC, 0x1103, 0x1174, 0x11BD, 0x1103, 0x1174, 0x11BE, 0x1103, 0x1174,
    0x11BF, 0x1103, 0x1174, 0x11C0, 0x1103, 0x1174, 0x11C1, 0x1103, 0x1174, 0x11C2, 0x1103, 0x1175,
    0x1103, 0x1175, 0x11A8, 0x1103, 0x1175, 0x11A9, 0x1103, 0x1175, 0x11AA, 0x1103, 0x1175, 0x11AB,
    0x1103, 0x1175, 0x11AC, 0x1103, 0x1175, 0x11AD, 0x1103, 0x1175, 0x11AE, 0x1103, 0x1175, 0x11AF,
    0x1103, 0x1175, 0x11B0, 0x1103, 0x1175, 0x11B1, 0x1103, 0x1175, 0x11B2, 0x1103, 0x1175, 0x11B3,
    0x1103, 0x1175, 0x11B4, 0x1103, 0x1175, 0x11B5, 0x1103, 0x1175, 0x11B6, 0x1103, 0x1175, 0x11B7,
    0x1103, 0x1175, 0x11B8, 0x1103, 0x1175, 0x11B9, 0x1103, 0x1175, 0x11BA, 0x1103, 0x1175, 0x11BB,
    0x1103, 0x1175, 0x11BC, 0x1103, 0x1175, 0x11BD, 0x1103, 0x1175, 0x11BE, 0x1103, 0x1175, 0x11BF,
    0x1103, 0x1175, 0x11C0, 0x1103, 0x1175, 0x11C1, 0x1103, 0x1175, 0x11C2, 0x1104, 0x1161, 0x1104,
    0x1161, 0x11A8, 0x1104, 0x1161, 0x11A9, 0x1104, 0x1161, 0x11AA, 0x1104, 0x1161, 0x11AB, 0x1104,
    0x1161, 0x11AC, 0x1104, 0x1161, 0x11AD, 0x1104, 0x1161, 0x11AE, 0x1104, 0x1161, 0x11AF, 0x1104,
    0x1161, 0x11B0, 0x1104, 0x1161, 0x11B1, 0x1104, 0x1161, 0x11B2, 0x1104, 0x1161, 0x11B3, 0x1104,
    0x1161, 0x11B4, 0x1104, 0x1161, 0x11B5, 0x1104, 0x1161, 0x11B6, 0x1104, 0x1161, 0x11B7, 0x1104,
    0x1161, 0x11B8, 0x1104, 0x1161, 0x11B9, 0x1104, 0x1161, 0x11BA, 0x1104, 0x1161, 0x11BB, 0x1104,
    0x1161, 0x11BC, 0x1104, 0x1161, 0x11BD, 0x1104, 0x1161, 0x11BE, 0x1104, 0x1161, 0x11BF, 0x1104,
    0x1161, 0x11C0, 0x1104, 0x1161, 0x11C1, 0x1104, 0x1161, 0x11C2, 0x1104, 0x1162, 0x1104, 0x1162,
    0x11A8, 0x1104, 0x1162, 0x11A9, 0x1104, 0x1162, 0x11AA, 0x1104, 0x1162, 0x11AB, 0x1104, 0x1162,
    0x11AC, 0x1104, 0x1162, 0x11AD, 0x1104, 0x1162, 0x11AE, 0x1104, 0x1162, 0x11AF, 0x1104, 0x1162,
    0x11B0, 0x1104, 0x1162, 0x11B1, 0x1104, 0x1162, 0x11B2, 0x1104, 0x1162, 0x11B3, 0x1104, 0x1162,
    0x11B4, 0x1104, 0x1162, 0x11B5, 0x1104, 0x1162, 0x11B6, 0x1104, 0x1162, 0x11B7, 0x1104, 0x1162,
    0x11B8, 0x1104, 0x1162, 0x11B9, 0x1104, 0x1162, 0x11BA, 0x1104, 0x1162, 0x11BB, 0x1104, 0x1162,
    0x11BC, 0x1104, 0x1162, 0x11BD, 0x1104, 0x1162, 0x11BE, 0x1104, 0x1162, 0x11BF, 0x1104, 0x1162,
    0x11C0, 0x1104, 0x1162, 0x11C1, 0x1104, 0x1162, 0x11C2, 0x1104, 0x1163, 0x1104, 0x1163, 0x11A8,
    0x1104, 0x1163, 0x11A9, 0x1104, 0x1163, 0x11AA, 0x1104, 0x1163, 0x11AB, 0x1104, 0x1163, 0x11AC,
    0x1104, 0x1163, 0x11AD, 0x1104, 0x1163, 0x11AE, 0x1104, 0x1163, 0x11AF, 0x1104, 0x1163, 0x11B0,
    0x1104, 0x1163, 0x11B1, 0x1104, 0x1163, 0x11B2, 0x1104, 0x1163, 0x11B3, 0x1104, 0x1163, 0x11B4,
    0x1104, 0x1163, 0x11B5, 0x1104, 0x1163, 0x11B6, 0x1104, 0x1163, 0x11B7, 0x1104, 0x1163, 0x11B8,
    0x1104, 0x1163, 0x11B9, 0x1104, 0x1163, 0x11BA, 0x1104, 0x1163, 0x11BB, 0x1104, 0x1163, 0x11BC,
    0x1104, 0x1163, 0x11BD, 0x1104, 0x1163, 0x11BE, 0x1104, 0x1163, 0x11BF, 0x1104, 0x1163, 0x11C0,
    0x1104, 0x1163, 0x11C1, 0x1104, 0x1163, 0x11C2, 0x1104, 0x1164, 0x1104, 0x1164, 0x11A8, 0x1104,
    0x1164, 0x11A9, 0x1104, 0x1164, 0x11AA, 0x1104, 0x1164, 0x11AB, 0x1104, 0x1164, 0x11AC, 0x1104,
    0x1164, 0x11AD, 0x1104, 0x1164, 0x11AE, 0x1104, 0x1164, 0x11AF, 0x1104, 0x1164, 0x11B0, 0x1104,
    0x1164, 0x11B1, 0x1104, 0x1164, 0x11B2, 0x1104, 0x1164, 0x11B3, 0x1104, 0x1164, 0x11B4, 0x1104,
    0x1164, 0x11B5, 0x1104, 0x1164, 0x11B6, 0x1104, 0x1164, 0x11B7, 0x1104, 0x1164, 0x11B8, 0x1104,
    0x1164, 0x11B9, 0x1104, 0x1164, 0x11BA, 0x1104, 0x1164, 0x11BB, 0x1104, 0x1164, 0x11BC, 0x1104,
    0x1164, 0x11BD, 0x1104, 0x1164, 0x11BE, 0x1104, 0x1164, 0x11BF, 0x1104, 0x1164, 0x11C0, 0x1104,
    0x1164, 0x11C1, 0x1104, 0x1164, 0x11C2, 0x1104, 0x1165, 0x1104, 0x1165, 0x11A8, 0x1104, 0x1165,
    0x11A9, 0x1104, 0x1165, 0x11AA, 0x1104, 0x1165, 0x11AB, 0x1104, 0x1165, 0x11AC, 0x1104, 0x1165,
    0x11AD, 0x1104, 0x1165, 0x11AE, 0x1104, 0x1165, 0x11AF, 0x1104, 0x1165, 0x11B0, 0x1104, 0x1165,
    0x11B1, 0x1104, 0x1165, 0x11B2, 0x1104, 0x1165, 0x11B3, 0x1104, 0x1165, 0x11B4, 0x1104, 0x1165,
    0x11B5, 0x1104, 0x1165, 0x11B6, 0x1104, 0x1165, 0x11B7, 0x1104, 0x1165, 0x11B8, 0x1104, 0x1165,
    0x11B9, 0x1104, 0x1165, 0x11BA, 0x1104, 0x1165, 0x11BB, 0x1104, 0x1165, 0x11BC, 0x1104, 0x1165,
    0x11BD, 0x1104, 0x1165, 0x11BE, 0x1104, 0x1165, 0x11BF, 0x1104, 0x1165, 0x11C0, 0x1104, 0x1165,
    0x11C1, 0x1104, 0x1165, 0x11C2, 0x1104, 0x1166, 0x1104, 0x1166, 0x11A8, 0x1104, 0x1166, 0x11A9,
    0x1104, 0x1166, 0x11AA, 0x1104, 0x1166, 0x11AB, 0x1104, 0x1166, 0x11AC, 0x1104, 0x1166, 0x11AD,
    0x1104, 0x1166, 0x11AE, 0x1104, 0x1166, 0x11AF, 0x1104, 0x1166, 0x11B0, 0x1104, 0x1166, 0x11B1,
    0x1104, 0x1166, 0x11B2, 0x1104, 0x1166, 0x11B3, 0x1104, 0x1166, 0x11B4, 0x1104, 0x1166, 0x11B5,
    0x1104, 0x1166, 0x11B6, 0x1104, 0x1166, 0x11B7, 0x1104, 0x1166, 0x11B8, 0x1104, 0x1166, 0x11B9,
    0x1104, 0x1166, 0x11BA, 0x1104, 0x1166, 0x11BB, 0x1104, 0x1166, 0x11BC, 0x1104, 0x1166, 0x11BD,
    0x1104, 0x1166, 0x11BE, 0x1104, 0x1166, 0x11BF, 0x1104, 0x1166, 0x11C0, 0x1104, 0x1166, 0x11C1,
    0x1104, 0x1166, 0x11C2, 0x1104, 0x1167, 0x1104, 0x1167, 0x11A8, 0x1104, 0x1167, 0x11A9, 0x1104,
    0x1167, 0x11AA, 0x1104, 0x1167, 0x11AB, 0x1104, 0x1167, 0x11AC, 0x1104, 0x1167, 0x11AD, 0x1104,
    0x1167, 0x11AE, 0x1104, 0x1167, 0x11AF, 0x1104, 0x1167, 0x11B0, 0x1104, 0x1167, 0x11B1, 0x1104,
    0x1167, 0x11B2, 0x1104, 0x1167, 0x11B3, 0x1104, 0x1167, 0x11B4, 0x1104, 0x1167, 0x11B5, 0x1104,
    0x1167, 0x11B6, 0x1104, 0x1167, 0x11B7, 0x1104, 0x1167, 0x11B8, 0x1104, 0x1167, 0x11B9, 0x1104,
    0x1167, 0x11BA, 0x1104, 0x1167, 0x11BB, 0x1104, 0x1167, 0x11BC, 0x1104, 0x1167, 0x11BD, 0x1104,
    0x1167, 0x11BE, 0x1104, 0x1167, 0x11BF, 0x1104, 0x1167, 0x11C0, 0x1104, 0x1167, 0x11C1, 0x1104,
    0x1167, 0x11C2, 0x1104, 0x1168, 0x1104, 0x1168, 0x11A8, 0x1104, 0x1168, 0x11A9, 0x1104, 0x1168,
    0x11AA, 0x1104, 0x1168, 0x11AB, 0x1104, 0x1168, 0x11AC, 0x1104, 0x1168, 0x11AD, 0x1104, 0x1168,
    0x11AE, 0x1104, 0x1168, 0x11AF, 0x1104, 0x1168, 0x11B0, 0x1104, 0x1168, 0x11B1, 0x1104, 0x1168,
    0x11B2, 0x1104, 0x1168, 0x11B3, 0x1104, 0x1168, 0x11B4, 0x1104, 0x1168, 0x11B5, 0x1104, 0x1168,
    0x11B6, 0x1104, 0x1168, 0x11B7, 0x1104, 0x1168, 0x11B8, 0x1104, 0x1168, 0x11B9, 0x1104, 0x1168,
    0x11BA, 0x1104, 0x1168, 0x11BB, 0x1104, 0x1168, 0x11BC, 0x1104, 0x1168, 0x11BD, 0x1104, 0x1168,
    0x11BE, 0x1104, 0x1168, 0x11BF, 0x1104, 0x1168, 0x11C0, 0x1104, 0x1168, 0x11C1, 0x1104, 0x1168,
    0x11C2, 0x1104, 0x1169, 0x1104, 0x1169, 0x11A8, 0x1104, 0x1169, 0x11A9, 0x1104, 0x1169, 0x11AA,
    0x1104, 0x1169, 0x11AB, 0x1104, 0x1169, 0x11AC, 0x1104, 0x1169, 0x11AD, 0x1104, 0x1169, 0x11AE,
    0x1104, 0x1169, 0x11AF, 0x1104, 0x1169, 0x11B0, 0x1104, 0x1169, 0x11B1, 0x1104, 0x1169, 0x11B2,
    0x1104, 0x1169, 0x11B3, 0x1104, 0x1169, 0x11B4, 0x1104, 0x1169, 0x11B5, 0x1104, 0x1169, 0x11B6,
    0x1104, 0x1169, 0x11B7, 0x1104, 0x1169, 0x11B8, 0x1104, 0x1169, 0x11B9, 0x1104, 0x1169, 0x11BA,
    0x1104, 0x1169, 0x11BB, 0x1104, 0x1169, 0x11BC, 0x1104, 0x1169, 0x11BD, 0x1104, 0x1169, 0x11BE,
    0x1104, 0x1169, 0x11BF, 0x1104, 0x1169, 0x11C0, 0x1104, 0x1169, 0x11C1, 0x1104, 0x1169, 0x11C2,
    0x1104, 0x116A, 0x1104, 0x116A, 0x11A8, 0x1104, 0x116A, 0x11A9, 0x1104, 0x116A, 0x11AA, 0x1104,
    0x116A, 0x11AB, 0x1104, 0x116A, 0x11AC, 0x1104, 0x116A, 0x11AD, 0x1104, 0x116A, 0x11AE, 0x1104,
    0x116A, 0x11AF, 0x1104, 0x116A, 0x11B0, 0x1104, 0x116A, 0x11B1, 0x1104, 0x116A, 0x11B2, 0x1104,
    0x116A, 0x11B3, 0x1104, 0x116A, 0x11B4, 0x1104, 0x116A, 0x11B5, 0x1104, 0x116A, 0x11B6, 0x1104,
    0x116A, 0x11B7, 0x1104, 0x116A, 0x11B8, 0x1104, 0x116A, 0x11B9, 0x1104, 0x116A, 0x11BA, 0x1104,
    0x116A, 0x11BB, 0x1104, 0x116A, 0x11BC, 0x1104, 0x116A, 0x11BD, 0x1104, 0x116A, 0x11BE, 0x1104,
    0x116A, 0x11BF, 0x1104, 0x116A, 0x11C0, 0x1104, 0x116A, 0x11C1, 0x1104, 0x116A, 0x11C2, 0x1104,
    0x116B, 0x1104, 0x116B, 0x11A8, 0x1104, 0x116B, 0x11A9, 0x1104, 0x116B, 0x11AA, 0x1104, 0x116B,
    0x11AB, 0x1104, 0x116B, 0x11AC, 0x1104, 0x116B, 0x11AD, 0x1104, 0x116B, 0x11AE, 0x1104, 0x116B,
    0x11AF, 0x1104, 0x116B, 0x11B0, 0x1104, 0x116B, 0x11B1, 0x1104, 0x116B, 0x11B2, 0x1104, 0x116B,
    0x11B3, 0x1104, 0x116B, 0x11B4, 0x1104, 0x116B, 0x11B5, 0x1104, 0x116B, 0x11B6, 0x1104, 0x116B,
    0x11B7, 0x1104, 0x116B, 0x11B8, 0x1104, 0x116B, 0x11B9, 0x1104, 0x116B, 0x11BA, 0x1104, 0x116B,
    0x11BB, 0x1104, 0x116B, 0x11BC, 0x1104, 0x116B, 0x11BD, 0x1104, 0x116B, 0x11BE, 0x1104, 0x116B,
    0x11BF, 0x1104, 0x116B, 0x11C0, 0x1104, 0x116B, 0x11C1, 0x1104, 0x116B, 0x11C2, 0x1104, 0x116C,
    0x1104, 0x116C, 0x11A8, 0x1104, 0x116C, 0x11A9, 0x1104, 0x116C, 0x11AA, 0x1104, 0x116C, 0x11AB,
    0x1104, 0x116C, 0x11AC, 0x1104, 0x116C, 0x11AD, 0x1104, 0x116C, 0x11AE, 0x1104, 0x116C, 0x11AF,
    0x1104, 0x116C, 0x11B0, 0x1104, 0x116C, 0x11B1, 0x1104, 0x116C, 0x11B2, 0x1104, 0x116C, 0x11B3,
    0x1104, 0x116C, 0x11B4, 0x1104, 0x116C, 0x11B5, 0x1104, 0x116C, 0x11B6, 0x1104, 0x116C, 0x11B7,
    0x1104, 0x116C, 0x11B8, 0x1104, 0x116C, 0x11B9, 0x1104, 0x116C, 0x11BA, 0x1104, 0x116C, 0x11BB,
    0x1104, 0x116C, 0x11BC, 0x1104, 0x116C, 0x11BD, 0x1104, 0x116C, 0x11BE, 0x1104, 0x116C, 0x11BF,
    0x1104, 0x116C, 0x11C0, 0x1104, 0x116C, 0x11C1, 0x1104, 0x116C, 0x11C2, 0x1104, 0x116D, 0x1104,
    0x116D, 0x11A8, 0x1104, 0x116D, 0x11A9, 0x1104, 0x116D, 0x11AA, 0x1104, 0x116D, 0x11AB, 0x1104,
    0x116D, 0x11AC, 0x1104, 0x116D, 0x11AD, 0x1104, 0x116D, 0x11AE, 0x1104, 0x116D, 0x11AF, 0x1104,
    0x116D, 0x11B0, 0x1104, 0x116D, 0x11B1, 0x1104, 0x116D, 0x11B2, 0x1104, 0x116D, 0x11B3, 0x1104,
    0x116D, 0x11B4, 0x1104, 0x116D, 0x11B5, 0x1104, 0x116D, 0x11B6, 0x1104, 0x116D, 0x11B7, 0x1104,
    0x116D, 0x11B8, 0x1104, 0x116D, 0x11B9, 0x1104, 0x116D, 0x11BA, 0x1104, 0x116D, 0x11BB, 0x1104,
    0x116D, 0x11BC, 0x1104, 0x116D, 0x11BD, 0x1104, 0x116D, 0x11BE, 0x1104, 0x116D, 0x11BF, 0x1104,
    0x116D, 0x11C0, 0x1104, 0x116D, 0x11C1, 0x1104, 0x116D, 0x11C2, 0x1104, 0x116E, 0x1104, 0x116E,
    0x11A8, 0x1104, 0x116E, 0x11A9, 0x1104, 0x116E, 0x11AA, 0x1104, 0x116E, 0x11AB, 0x1104, 0x116E,
    0x11AC, 0x1104, 0x116E, 0x11AD, 0x1104, 0x116E, 0x11AE, 0x1104, 0x116E, 0x11AF, 0x1104, 0x116E,
    0x11B0, 0x1104, 0x116E, 0x11B1, 0x1104, 0x116E, 0x11B2, 0x1104, 0x116E, 0x11B3, 0x1104, 0x116E,
    0x11B4, 0x1104, 0x116E, 0x11B5, 0x1104, 0x116E, 0x11B6, 0x1104, 0x116E, 0x11B7, 0x1104, 0x116E,
    0x11B8, 0x1104, 0x116E, 0x11B9, 0x1104, 0x116E, 0x11BA, 0x1104, 0x116E, 0x11BB, 0x1104, 0x116E,
    0x11BC, 0x1104, 0x116E, 0x11BD, 0x1104, 0x116E, 0x11BE, 0x1104, 0x116E, 0x11BF, 0x1104, 0x116E,
    0x11C0, 0x1104, 0x116E, 0x11C1, 0x1104, 0x116E, 0x11C2, 0x1104, 0x116F, 0x1104, 0x116F, 0x11A8,
    0x1104, 0x116F, 0x11A9, 0x1104, 0x116F, 0x11AA, 0x1104, 0x116F, 0x11AB, 0x1104, 0x116F, 0x11AC,
    0x1104, 0x116F, 0x11AD, 0x1104, 0x116F, 0x11AE, 0x1104, 0x116F, 0x11AF, 0x1104, 0x116F, 0x11B0,
    0x1104, 0x116F, 0x11B1, 0x1104, 0x116F, 0x11B2, 0x1104, 0x116F, 0x11B3, 0x1104, 0x116F, 0x11B4,
    0x1104, 0x116F, 0x11B5, 0x1104, 0x116F, 0x11B6, 0x1104, 0x116F, 0x11B7, 0x1104, 0x116F, 0x11B8,
    0x1104, 0x116F, 0x11B9, 0x1104, 0x116F, 0x11BA, 0x1104, 0x116F, 0x11BB, 0x1104, 0x116F, 0x11BC,
    0x1104, 0x116F, 0x11BD, 0x1104, 0x116F, 0x11BE, 0x1104, 0x116F, 0x11BF, 0x1104, 0x116F, 0x11C0,
    0x1104, 0x116F, 0x11C1, 0x1104, 0x116F, 0x11C2, 0x1104, 0x1170, 0x1104, 0x1170, 0x11A8, 0x1104,
    0x1170, 0x11A9, 0x1104, 0x1170, 0x11AA, 0x1104, 0x1170, 0x11AB, 0x1104, 0x1170, 0x11AC, 0x1104,
    0x1170, 0x11AD, 0x1104, 0x1170, 0x11AE, 0x1104, 0x1170, 0x11AF, 0x1104, 0x1170, 0x11B0, 0x1104,
    0x1170, 0x11B1, 0x1104, 0x1170, 0x11B2, 0x1104, 0x1170, 0x11B3, 0x1104, 0x1170, 0x11B4, 0x1104,
    0x1170, 0x11B5, 0x1104, 0x1170, 0x11B6, 0x1104, 0x1170, 0x11B7, 0x1104, 0x1170, 0x11B8, 0x1104,
    0x1170, 0x11B9, 0x1104, 0x1170, 0x11BA, 0x1104, 0x1170, 0x11BB, 0x1104, 0x1170, 0x11BC, 0x1104,
    0x1170, 0x11BD, 0x1104, 0x1170, 0x11BE, 0x1104, 0x1170, 0x11BF, 0x1104, 0x1170, 0x11C0, 0x1104,
    0x1170, 0x11C1, 0x1104, 0x1170, 0x11C2, 0x1104, 0x1171, 0x1104, 0x1171, 0x11A8, 0x1104, 0x1171,
    0x11A9, 0x1104, 0x1171, 0x11AA, 0x1104, 0x1171, 0x11AB, 0x1104, 0x1171, 0x11AC, 0x1104, 0x1171,
    0x11AD, 0x1104, 0x1171, 0x11AE, 0x1104, 0x1171, 0x11AF, 0x1104, 0x1171, 0x11B0, 0x1104, 0x1171,
    0x11B1, 0x1104, 0x1171, 0x11B2, 0x1104, 0x1171, 0x11B3, 0x1104, 0x1171, 0x11B4, 0x1104, 0x1171,
    0x11B5, 0x1104, 0x1171, 0x11B6, 0x1104, 0x1171, 0x11B7, 0x1104, 0x1171, 0x11B8, 0x1104, 0x1171,
    0x11B9, 0x1104, 0x1171, 0x11BA, 0x1104, 0x1171, 0x11BB, 0x1104, 0x1171, 0x11BC, 0x1104, 0x1171,
    0x11BD, 0x1104, 0x1171, 0x11BE, 0x1104, 0x1171, 0x11BF, 0x1104, 0x1171, 0x11C0, 0x1104, 0x1171,
    0x11C1, 0x1104, 0x1171, 0x11C2, 0x1104, 0x1172, 0x1104, 0x1172, 0x11A8, 0x1104, 0x1172, 0x11A9,
    0x1104, 0x1172, 0x11AA, 0x1104, 0x1172, 0x11AB, 0x1104, 0x1172, 0x11AC, 0x1104, 0x1172, 0x11AD,
    0x1104, 0x1172, 0x11AE, 0x1104, 0x1172, 0x11AF, 0x1104, 0x1172, 0x11B0, 0x1104, 0x1172, 0x11B1,
    0x1104, 0x1172, 0x11B2, 0x1104, 0x1172, 0x11B3, 0x1104, 0x1172, 0x11B4, 0x1104, 0x1172, 0x11B5,
    0x1104, 0x1172, 0x11B6, 0x1104, 0x1172, 0x11B7, 0x1104, 0x1172, 0x11B8, 0x1104, 0x1172, 0x11B9,
    0x1104, 0x1172, 0x11BA, 0x1104, 0x1172, 0x11BB, 0x1104, 0x1172, 0x11BC, 0x1104, 0x1172, 0x11BD,
    0x1104, 0x1172, 0x11BE, 0x1104, 0x1172, 0x11BF, 0x1104, 0x1172, 0x11C0, 0x1104, 0x1172, 0x11C1,
    0x1104, 0x1172, 0x11C2, 0x1104, 0x1173, 0x1104, 0x1173, 0x11A8, 0x1104, 0x1173, 0x11A9, 0x1104,
    0x1173, 0x11AA, 0x1104, 0x1173, 0x11AB, 0x1104, 0x1173, 0x11AC, 0x1104, 0x1173, 0x11AD, 0x1104,
    0x1173, 0x11AE, 0x1104, 0x1173, 0x11AF, 0x1104, 0x1173, 0x11B0, 0x1104, 0x1173, 0x11B1, 0x1104,
    0x1173, 0x11B2, 0x1104, 0x1173, 0x11B3, 0x1104, 0x1173, 0x11B4, 0x1104, 0x1173, 0x11B5, 0x1104,
    0x1173, 0x11B6, 0x1104, 0x1173, 0x11B7, 0x1104, 0x1173, 0x11B8, 0x1104, 0x1173, 0x11B9, 0x1104,
    0x1173, 0x11BA, 0x1104, 0x1173, 0x11BB, 0x1104, 0x1173, 0x11BC, 0x1104, 0x1173, 0x11BD, 0x1104,
    0x1173, 0x11BE, 0x1104, 0x1173, 0x11BF, 0x1104, 0x1173, 0x11C0, 0x1104, 0x1173, 0x11C1, 0x1104,
    0x1173, 0x11C2, 0x1104, 0x1174, 0x1104, 0x1174, 0x11A8, 0x1104, 0x1174, 0x11A9, 0x1104, 0x1174,
    0x11AA, 0x1104, 0x1174, 0x11AB, 0x1104, 0x1174, 0x11AC, 0x1104, 0x1174, 0x11AD, 0x1104, 0x1174,
    0x11AE, 0x1104, 0x1174, 0x11AF, 0x1104, 0x1174, 0x11B0, 0x1104, 0x1174, 0x11B1, 0x1104, 0x1174,
    0x11B2, 0x1104, 0x1174, 0x11B3, 0x1104, 0x1174, 0x11B4, 0x1104, 0x1174, 0x11B5, 0x1104, 0x1174,
    0x11B6, 0x1104, 0x1174, 0x11B7, 0x1104, 0x1174, 0x11B8, 0x1104, 0x1174, 0x11B9, 0x1104, 0x1174,
    0x11BA, 0x1104, 0x1174, 0x11BB, 0x1104, 0x1174, 0x11BC, 0x1104, 0x1174, 0x11BD, 0x1104, 0x1174,
    0x11BE, 0x1104, 0x1174, 0x11BF, 0x1104, 0x1174, 0x11C0, 0x1104, 0x1174, 0x11C1, 0x1104, 0x1174,
    0x11C2, 0x1104, 0x1175, 0x1104, 0x1175, 0x11A8, 0x1104, 0x1175, 0x11A9, 0x1104, 0x1175, 0x11AA,
    0x1104, 0x1175, 0x11AB, 0x1104, 0x1175, 0x11AC, 0x1104, 0x1175, 0x11AD, 0x1104, 0x1175, 0x11AE,
    0x1104, 0x1175, 0x11AF, 0x1104, 0x1175, 0x11B0, 0x1104, 0x1175, 0x11B1, 0x1104, 0x1175, 0x11B2,
    0x1104, 0x1175, 0x11B3, 0x1104, 0x1175, 0x11B4, 0x1104, 0x1175, 0x11B5, 0x1104, 0x1175, 0x11B6,
    0x1104, 0x1175, 0x11B7, 0x1104, 0x1175, 0x11B8, 0x1104, 0x1175, 0x11B9, 0x1104, 0x1175, 0x11BA,
    0x1104, 0x1175, 0x11BB, 0x1104, 0x1175, 0x11BC, 0x1104, 0x1175, 0x11BD, 0x1104, 0x1175, 0x11BE,
    0x1104, 0x1175, 0x11BF, 0x1104, 0x1175, 0x11C0, 0x1104, 0x1175, 0x11C1, 0x1104, 0x1175, 0x11C2,
    0x1105, 0x1161, 0x1105, 0x1161, 0x11A8, 0x1105, 0x1161, 0x11A9, 0x1105, 0x1161, 0x11AA, 0x1105,
    0x1161, 0x11AB, 0x1105, 0x1161, 0x11AC, 0x1105, 0x1161, 0x11AD, 0x1105, 0x1161, 0x11AE, 0x1105,
    0x1161, 0x11AF, 0x1105, 0x1161, 0x11B0, 0x1105, 0x1161, 0x11B1, 0x1105, 0x1161, 0x11B2, 0x1105,
    0x1161, 0x11B3, 0x1105, 0x1161, 0x11B4, 0x1105, 0x1161, 0x11B5, 0x1105, 0x1161, 0x11B6, 0x1105,
    0x1161, 0x11B7, 0x1105, 0x1161, 0x11B8, 0x1105, 0x1161, 0x11B9, 0x1105, 0x1161, 0x11BA, 0x1105,
    0x1161, 0x11BB, 0x1105, 0x1161, 0x11BC, 0x1105, 0x1161, 0x11BD, 0x1105, 0x1161, 0x11BE, 0x1105,
    0x1161, 0x11BF, 0x1105, 0x1161, 0x11C0, 0x1105, 0x1161, 0x11C1, 0x1105, 0x1161, 0x11C2, 0x1105,
    0x1162, 0x1105, 0x1162, 0x11A8, 0x1105, 0x1162, 0x11A9, 0x1105, 0x1162, 0x11AA, 0x1105, 0x1162,
    0x11AB, 0x1105, 0x1162, 0x11AC, 0x1105, 0x1162, 0x11AD, 0x1105, 0x1162, 0x11AE, 0x1105, 0x1162,
    0x11AF, 0x1105, 0x1162, 0x11B0, 0x1105, 0x1162, 0x11B1, 0x1105, 0x1162, 0x11B2, 0x1105, 0x1162,
    0x11B3, 0x1105, 0x1162, 0x11B4, 0x1105, 0x1162, 0x11B5, 0x1105, 0x1162, 0x11B6, 0x1105, 0x1162,
    0x11B7, 0x1105, 0x1162, 0x11B8, 0x1105, 0x1162, 0x11B9, 0x1105, 0x1162, 0x11BA, 0x1105, 0x1162,
    0x11BB, 0x1105, 0x1162, 0x11BC, 0x1105, 0x1162, 0x11BD, 0x1105, 0x1162, 0x11BE, 0x1105, 0x1162,
    0x11BF, 0x1105, 0x1162, 0x11C0, 0x1105, 0x1162, 0x11C1, 0x1105, 0x1162, 0x11C2, 0x1105, 0x1163,
    0x1105, 0x1163, 0x11A8, 0x1105, 0x1163, 0x11A9, 0x1105, 0x1163, 0x11AA, 0x1105, 0x1163, 0x11AB,
    0x1105, 0x1163, 0x11AC, 0x1105, 0x1163, 0x11AD, 0x1105, 0x1163, 0x11AE, 0x1105, 0x1163, 0x11AF,
    0x1105, 0x1163, 0x11B0, 0x1105, 0x1163, 0x11B1, 0x1105, 0x1163, 0x11B2, 0x1105, 0x1163, 0x11B3,
    0x1105, 0x1163, 0x11B4, 0x1105, 0x1163, 0x11B5, 0x1105, 0x1163, 0x11B6, 0x1105, 0x1163, 0x11B7,
    0x1105, 0x1163, 0x11B8, 0x1105, 0x1163, 0x11B9, 0x1105, 0x1163, 0x11BA, 0x1105, 0x1163, 0x11BB,
    0x1105, 0x1163, 0x11BC, 0x1105, 0x1163, 0x11BD, 0x1105, 0x1163, 0x11BE, 0x1105, 0x1163, 0x11BF,
    0x1105, 0x1163, 0x11C0, 0x1105, 0x1163, 0x11C1, 0x1105, 0x1163, 0x11C2, 0x1105, 0x1164, 0x1105,
    0x1164, 0x11A8, 0x1105, 0x1164, 0x11A9, 0x1105, 0x1164, 0x11AA, 0x1105, 0x1164, 0x11AB, 0x1105,
    0x1164, 0x11AC, 0x1105, 0x1164, 0x11AD, 0x1105, 0x1164, 0x11AE, 0x1105, 0x1164, 0x11AF, 0x1105,
    0x1164, 0x11B0, 0x1105, 0x1164, 0x11B1, 0x1105, 0x1164, 0x11B2, 0x1105, 0x1164, 0x11B3, 0x1105,
    0x1164, 0x11B4, 0x1105, 0x1164, 0x11B5, 0x1105, 0x1164, 0x11B6, 0x1105, 0x1164, 0x11B7, 0x1105,
    0x1164, 0x11B8, 0x1105, 0x1164, 0x11B9, 0x1105, 0x1164, 0x11BA, 0x1105, 0x1164, 0x11BB, 0x1105,
    0x1164, 0x11BC, 0x1105, 0x1164, 0x11BD, 0x1105, 0x1164, 0x11BE, 0x1105, 0x1164, 0x11BF, 0x1105,
    0x1164, 0x11C0, 0x1105, 0x1164, 0x11C1, 0x1105, 0x1164, 0x11C2, 0x1105, 0x1165, 0x1105, 0x1165,
    0x11A8, 0x1105, 0x1165, 0x11A9, 0x1105, 0x1165, 0x11AA, 0x1105, 0x1165, 0x11AB, 0x1105, 0x1165,
    0x11AC, 0x1105, 0x1165, 0x11AD, 0x1105, 0x1165, 0x11AE, 0x1105, 0x1165, 0x11AF, 0x1105, 0x1165,
    0x11B0, 0x1105, 0x1165, 0x11B1, 0x1105, 0x1165, 0x11B2, 0x1105, 0x1165, 0x11B3, 0x1105, 0x1165,
    0x11B4, 0x1105, 0x1165, 0x11B5, 0x1105, 0x1165, 0x11B6, 0x1105, 0x1165, 0x11B7, 0x1105, 0x1165,
    0x11B8, 0x1105, 0x1165, 0x11B9, 0x1105, 0x1165, 0x11BA, 0x1105, 0x1165, 0x11BB, 0x1105, 0x1165,
    0x11BC, 0x1105, 0x1165, 0x11BD, 0x1105, 0x1165, 0x11BE, 0x1105, 0x1165, 0x11BF, 0x1105, 0x1165,
    0x11C0, 0x1105, 0x1165, 0x11C1, 0x1105, 0x1165, 0x11C2, 0x1105, 0x1166, 0x1105, 0x1166, 0x11A8,
    0x1105, 0x1166, 0x11A9, 0x1105, 0x1166, 0x11AA, 0x1105, 0x1166, 0x11AB, 0x1105, 0x1166, 0x11AC,
    0x1105, 0x1166, 0x11AD, 0x1105, 0x1166, 0x11AE, 0x1105, 0x1166, 0x11AF, 0x1105, 0x1166, 0x11B0,
    0x1105, 0x1166, 0x11B1, 0x1105, 0x1166, 0x11B2, 0x1105, 0x1166, 0x11B3, 0x1105, 0x1166, 0x11B4,
    0x1105, 0x1166, 0x11B5, 0x1105, 0x1166, 0x11B6, 0x1105, 0x1166, 0x11B7, 0x1105, 0x1166, 0x11B8,
    0x1105, 0x1166, 0x11B9, 0x1105, 0x1166, 0x11BA, 0x1105, 0x1166, 0x11BB, 0x1105, 0x1166, 0x11BC,
    0x1105, 0x1166, 0x11BD, 0x1105, 0x1166, 0x11BE, 0x1105, 0x1166, 0x11BF, 0x1105, 0x1166, 0x11C0,
    0x1105, 0x1166, 0x11C1, 0x1105, 0x1166, 0x11C2, 0x1105, 0x1167, 0x1105, 0x1167, 0x11A8, 0x1105,
    0x1167, 0x11A9, 0x1105, 0x1167, 0x11AA, 0x1105, 0x1167, 0x11AB, 0x1105, 0x1167, 0x11AC, 0x1105,
    0x1167, 0x11AD, 0x1105, 0x1167, 0x11AE, 0x1105, 0x1167, 0x11AF, 0x1105, 0x1167, 0x11B0, 0x1105,
    0x1167, 0x11B1, 0x1105, 0x1167, 0x11B2, 0x1105, 0x1167, 0x11B3, 0x1105, 0x1167, 0x11B4, 0x1105,
    0x1167, 0x11B5, 0x1105, 0x1167, 0x11B6, 0x1105, 0x1167, 0x11B7, 0x1105, 0x1167, 0x11B8, 0x1105,
    0x1167, 0x11B9, 0x1105, 0x1167, 0x11BA, 0x1105, 0x1167, 0x11BB, 0x1105, 0x1167, 0x11BC, 0x1105,
    0x1167, 0x11BD, 0x1105, 0x1167, 0x11BE, 0x1105, 0x1167, 0x11BF, 0x1105, 0x1167, 0x11C0, 0x1105,
    0x1167, 0x11C1, 0x1105, 0x1167, 0x11C2, 0x1105, 0x1168, 0x1105, 0x1168, 0x11A8, 0x1105, 0x1168,
    0x11A9, 0x1105, 0x1168, 0x11AA, 0x1105, 0x1168, 0x11AB, 0x1105, 0x1168, 0x11AC, 0x1105, 0x1168,
    0x11AD, 0x1105, 0x1168, 0x11AE, 0x1105, 0x1168, 0x11AF, 0x1105, 0x1168, 0x11B0, 0x1105, 0x1168,
    0x11B1, 0x1105, 0x1168, 0x11B2, 0x1105, 0x1168, 0x11B3, 0x1105, 0x1168, 0x11B4, 0x1105, 0x1168,
    0x11B5, 0x1105, 0x1168, 0x11B6, 0x1105, 0x1168, 0x11B7, 0x1105, 0x1168, 0x11B8, 0x1105, 0x1168,
    0x11B9, 0x1105, 0x1168, 0x11BA, 0x1105, 0x1168, 0x11BB, 0x1105, 0x1168, 0x11BC, 0x1105, 0x1168,
    0x11BD, 0x1105, 0x1168, 0x11BE, 0x1105, 0x1168, 0x11BF, 0x1105, 0x1168, 0x11C0, 0x1105, 0x1168,
    0x11C1, 0x1105, 0x1168, 0x11C2, 0x1105, 0x1169, 0x1105, 0x1169, 0x11A8, 0x1105, 0x1169, 0x11A9,
    0x1105, 0x1169, 0x11AA, 0x1105, 0x1169, 0x11AB, 0x1105, 0x1169, 0x11AC, 0x1105, 0x1169, 0x11AD,
    0x1105, 0x1169, 0x11AE, 0x1105, 0x1169, 0x11AF, 0x1105, 0x1169, 0x11B0, 0x1105, 0x1169, 0x11B1,
    0x1105, 0x1169, 0x11B2, 0x1105, 0x1169, 0x11B3, 0x1105, 0x1169, 0x11B4, 0x1105, 0x1169, 0x11B5,
    0x1105, 0x1169, 0x11B6, 0x1105, 0x1169, 0x11B7, 0x1105, 0x1169, 0x11B8, 0x1105, 0x1169, 0x11B9,
    0x1105, 0x1169, 0x11BA, 0x1105, 0x1169, 0x11BB, 0x1105, 0x1169, 0x11BC, 0x1105, 0x1169, 0x11BD,
    0x1105, 0x1169, 0x11BE, 0x1105, 0x1169, 0x11BF, 0x1105, 0x1169, 0x11C0, 0x1105, 0x1169, 0x11C1,
    0x1105, 0x1169, 0x11C2, 0x1105, 0x116A, 0x1105, 0x116A, 0x11A8, 0x1105, 0x116A, 0x11A9, 0x1105,
    0x116A, 0x11AA, 0x1105, 0x116A, 0x11AB, 0x1105, 0x116A, 0x11AC, 0x1105, 0x116A, 0x11AD, 0x1105,
    0x116A, 0x11AE, 0x1105, 0x116A, 0x11AF, 0x1105, 0x116A, 0x11B0, 0x1105, 0x116A, 0x11B1, 0x1105,
    0x116A, 0x11B2, 0x1105, 0x116A, 0x11B3, 0x1105, 0x116A, 0x11B4, 0x1105, 0x116A, 0x11B5, 0x1105,
    0x116A, 0x11B6, 0x1105, 0x116A, 0x11B7, 0x1105, 0x116A, 0x11B8, 0x1105, 0x116A, 0x11B9, 0x1105,
    0x116A, 0x11BA, 0x1105, 0x116A, 0x11BB, 0x1105, 0x116A, 0x11BC, 0x1105, 0x116A, 0x11BD, 0x1105,
    0x116A, 0x11BE, 0x1105, 0x116A, 0x11BF, 0x1105, 0x116A, 0x11C0, 0x1105, 0x116A, 0x11C1, 0x1105,
    0x116A, 0x11C2, 0x1105, 0x116B, 0x1105, 0x116B, 0x11A8, 0x1105, 0x116B, 0x11A9, 0x1105, 0x116B,
    0x11AA, 0x1105, 0x116B, 0x11AB, 0x1105, 0x116B, 0x11AC, 0x1105, 0x116B, 0x11AD, 0x1105, 0x116B,
    0x11AE, 0x1105, 0x116B, 0x11AF, 0x1105, 0x116B, 0x11B0, 0x1105, 0x116B, 0x11B1, 0x1105, 0x116B,
    0x11B2, 0x1105, 0x116B, 0x11B3, 0x1105, 0x116B, 0x11B4, 0x1105, 0x116B, 0x11B5, 0x1105, 0x116B,
    0x11B6, 0x1105, 0x116B, 0x11B7, 0x1105, 0x116B, 0x11B8, 0x1105, 0x116B, 0x11B9, 0x1105, 0x116B,
    0x11BA, 0x1105, 0x116B, 0x11BB, 0x1105, 0x116B, 0x11BC, 0x1105, 0x116B, 0x11BD, 0x1105, 0x116B,
    0x11BE, 0x1105, 0x116B, 0x11BF, 0x1105, 0x116B, 0x11C0, 0x1105, 0x116B, 0x11C1, 0x1105, 0x116B,
    0x11C2, 0x1105, 0x116C, 0x1105, 0x116C, 0x11A8, 0x1105, 0x116C, 0x11A9, 0x1105, 0x116C, 0x11AA,
    0x1105, 0x116C, 0x11AB, 0x1105, 0x116C, 0x11AC, 0x1105, 0x116C, 0x11AD, 0x1105, 0x116C, 0x11AE,
    0x1105, 0x116C, 0x11AF, 0x1105, 0x116C, 0x11B0, 0x1105, 0x116C, 0x11B1, 0x1105, 0x116C, 0x11B2,
    0x1105, 0x116C, 0x11B3, 0x1105, 0x116C, 0x11B4, 0x1105, 0x116C, 0x11B5, 0x1105, 0x116C, 0x11B6,
    0x1105, 0x116C, 0x11B7, 0x1105, 0x116C, 0x11B8, 0x1105, 0x116C, 0x11B9, 0x1105, 0x116C, 0x11BA,
    0x1105, 0x116C, 0x11BB, 0x1105, 0x116C, 0x11BC, 0x1105, 0x116C, 0x11BD, 0x1105, 0x116C, 0x11BE,
    0x1105, 0x116C, 0x11BF, 0x1105, 0x116C, 0x11C0, 0x1105, 0x116C, 0x11C1, 0x1105, 0x116C, 0x11C2,
    0x1105, 0x116D, 0x1105, 0x116D, 0x11A8, 0x1105, 0x116D, 0x11A9, 0x1105, 0x116D, 0x11AA, 0x1105,
    0x116D, 0x11AB, 0x1105, 0x116D, 0x11AC, 0x1105, 0x116D, 0x11AD, 0x1105, 0x116D, 0x11AE, 0x1105,
    0x116D, 0x11AF, 0x1105, 0x116D, 0x11B0, 0x1105, 0x116D, 0x11B1, 0x1105, 0x116D, 0x11B2, 0x1105,
    0x116D, 0x11B3, 0x1105, 0x116D, 0x11B4, 0x1105, 0x116D, 0x11B5, 0x1105, 0x116D, 0x11B6, 0x1105,
    0x116D, 0x11B7, 0x1105, 0x116D, 0x11B8, 0x1105, 0x116D, 0x11B9, 0x1105, 0x116D, 0x11BA, 0x1105,
    0x116D, 0x11BB, 0x1105, 0x116D, 0x11BC, 0x1105, 0x116D, 0x11BD, 0x1105, 0x116D, 0x11BE, 0x1105,
    0x116D, 0x11BF, 0x1105, 0x116D, 0x11C0, 0x1105, 0x116D, 0x11C1, 0x1105, 0x116D, 0x11C2, 0x1105,
    0x116E, 0x1105, 0x116E, 0x11A8, 0x1105, 0x116E, 0x11A9, 0x1105, 0x116E, 0x11AA, 0x1105, 0x116E,
    0x11AB, 0x1105, 0x116E, 0x11AC, 0x1105, 0x116E, 0x11AD, 0x1105, 0x116E, 0x11AE, 0x1105, 0x116E,
    0x11AF, 0x1105, 0x116E, 0x11B0, 0x1105, 0x116E, 0x11B1, 0x1105, 0x116E, 0x11B2, 0x1105, 0x116E,
    0x11B3, 0x1105, 0x116E, 0x11B4, 0x1105, 0x116E, 0x11B5, 0x1105, 0x116E, 0x11B6, 0x1105, 0x116E,
    0x11B7, 0x1105, 0x116E, 0x11B8, 0x1105, 0x116E, 0x11B9, 0x1105, 0x116E, 0x11BA, 0x1105, 0x116E,
    0x11BB, 0x1105, 0x116E, 0x11BC, 0x1105, 0x116E, 0x11BD, 0x1105, 0x116E, 0x11BE, 0x1105, 0x116E,
    0x11BF, 0x1105, 0x116E, 0x11C0, 0x1105, 0x116E, 0x11C1, 0x1105, 0x116E, 0x11C2, 0x1105, 0x116F,
    0x1105, 0x116F, 0x11A8, 0x1105, 0x116F, 0x11A9, 0x1105, 0x116F, 0x11AA, 0x1105, 0x116F, 0x11AB,
    0x1105, 0x116F, 0x11AC, 0x1105, 0x116F, 0x11AD, 0x1105, 0x116F, 0x11AE, 0x1105, 0x116F, 0x11AF,
    0x1105, 0x116F, 0x11B0, 0x1105, 0x116F, 0x11B1, 0x1105, 0x116F, 0x11B2, 0x1105, 0x116F, 0x11B3,
    0x1105, 0x116F, 0x11B4, 0x1105, 0x116F, 0x11B5, 0x1105, 0x116F, 0x11B6, 0x1105, 0x116F, 0x11B7,
    0x1105, 0x116F, 0x11B8, 0x1105, 0x116F, 0x11B9, 0x1105, 0x116F, 0x11BA, 0x1105, 0x116F, 0x11BB,
    0x1105, 0x116F, 0x11BC, 0x1105, 0x116F, 0x11BD, 0x1105, 0x116F, 0x11BE, 0x1105, 0x116F, 0x11BF,
    0x1105, 0x116F, 0x11C0, 0x1105, 0x116F, 0x11C1, 0x1105, 0x116F, 0x11C2, 0x1105, 0x1170, 0x1105,
    0x1170, 0x11A8, 0x1105, 0x1170, 0x11A9, 0x1105, 0x1170, 0x11AA, 0x1105, 0x1170, 0x11AB, 0x1105,
    0x1170, 0x11AC, 0x1105, 0x1170, 0x11AD, 0x1105, 0x1170, 0x11AE, 0x1105, 0x1170, 0x11AF, 0x1105,
    0x1170, 0x11B0, 0x1105, 0x1170, 0x11B1, 0x1105, 0x1170, 0x11B2, 0x1105, 0x1170, 0x11B3, 0x1105,
    0x1170, 0x11B4, 0x1105, 0x1170, 0x11B5, 0x1105, 0x1170, 0x11B6, 0x1105, 0x1170, 0x11B7, 0x1105,
    0x1170, 0x11B8, 0x1105, 0x1170, 0x11B9, 0x1105, 0x1170, 0x11BA, 0x1105, 0x1170, 0x11BB, 0x1105,
    0x1170, 0x11BC, 0x1105, 0x1170, 0x11BD, 0x1105, 0x1170, 0x11BE, 0x1105, 0x1170, 0x11BF, 0x1105,
    0x1170, 0x11C0, 0x1105, 0x1170, 0x11C1, 0x1105, 0x1170, 0x11C2, 0x1105, 0x1171, 0x1105, 0x1171,
    0x11A8, 0x1105, 0x1171, 0x11A9, 0x1105, 0x1171, 0x11AA, 0x1105, 0x1171, 0x11AB, 0x1105, 0x1171,
    0x11AC, 0x1105, 0x1171, 0x11AD, 0x1105, 0x1171, 0x11AE, 0x1105, 0x1171, 0x11AF, 0x1105, 0x1171,
    0x11B0, 0x1105, 0x1171, 0x11B1, 0x1105, 0x1171, 0x11B2, 0x1105, 0x1171, 0x11B3, 0x1105, 0x1171,
    0x11B4, 0x1105, 0x1171, 0x11B5, 0x1105, 0x1171, 0x11B6, 0x1105, 0x1171, 0x11B7, 0x1105, 0x1171,
    0x11B8, 0x1105, 0x1171, 0x11B9, 0x1105, 0x1171, 0x11BA, 0x1105, 0x1171, 0x11BB, 0x1105, 0x1171,
    0x11BC, 0x1105, 0x1171, 0x11BD, 0x1105, 0x1171, 0x11BE, 0x1105, 0x1171, 0x11BF, 0x1105, 0x1171,
    0x11C0, 0x1105, 0x1171, 0x11C1, 0x1105, 0x1171, 0x11C2, 0x1105, 0x1172, 0x1105, 0x1172, 0x11A8,
    0x1105, 0x1172, 0x11A9, 0x1105, 0x1172, 0x11AA, 0x1105, 0x1172, 0x11AB, 0x1105, 0x1172, 0x11AC,
    0x1105, 0x1172, 0x11AD, 0x1105, 0x1172, 0x11AE, 0x1105, 0x1172, 0x11AF, 0x1105, 0x1172, 0x11B0,
    0x1105, 0x1172, 0x11B1, 0x1105, 0x1172, 0x11B2, 0x1105, 0x1172, 0x11B3, 0x1105, 0x1172, 0x11B4,
    0x1105, 0x1172, 0x11B5, 0x1105, 0x1172, 0x11B6, 0x1105, 0x1172, 0x11B7, 0x1105, 0x1172, 0x11B8,
    0x1105, 0x1172, 0x11B9, 0x1105, 0x1172, 0x11BA, 0x1105, 0x1172, 0x11BB, 0x1105, 0x1172, 0x11BC,
    0x1105, 0x1172, 0x11BD, 0x1105, 0x1172, 0x11BE, 0x1105, 0x1172, 0x11BF, 0x1105, 0x1172, 0x11C0,
    0x1105, 0x1172, 0x11C1, 0x1105, 0x1172, 0x11C2, 0x1105, 0x1173, 0x1105, 0x1173, 0x11A8, 0x1105,
    0x1173, 0x11A9, 0x1105, 0x1173, 0x11AA, 0x1105, 0x1173, 0x11AB, 0x1105, 0x1173, 0x11AC, 0x1105,
    0x1173, 0x11AD, 0x1105, 0x1173, 0x11AE, 0x1105, 0x1173, 0x11AF, 0x1105, 0x1173, 0x11B0, 0x1105,
    0x1173, 0x11B1, 0x1105, 0x1173, 0x11B2, 0x1105, 0x1173, 0x11B3, 0x1105, 0x1173, 0x11B4, 0x1105,
    0x1173, 0x11B5, 0x1105, 0x1173, 0x11B6, 0x1105, 0x1173, 0x11B7, 0x1105, 0x1173, 0x11B8, 0x1105,
    0x1173, 0x11B9, 0x1105, 0x1173, 0x11BA, 0x1105, 0x1173, 0x11BB, 0x1105, 0x1173, 0x11BC, 0x1105,
    0x1173, 0x11BD, 0x1105, 0x1173, 0x11BE, 0x1105, 0x1173, 0x11BF, 0x1105, 0x1173, 0x11C0, 0x1105,
    0x1173, 0x11C1, 0x1105, 0x1173, 0x11C2, 0x1105, 0x1174, 0x1105, 0x1174, 0x11A8, 0x1105, 0x1174,
    0x11A9, 0x1105, 0x1174, 0x11AA, 0x1105, 0x1174, 0x11AB, 0x1105, 0x1174, 0x11AC, 0x1105, 0x1174,
    0x11AD, 0x1105, 0x1174, 0x11AE, 0x1105, 0x1174, 0x11AF, 0x1105, 0x1174, 0x11B0, 0x1105, 0x1174,
    0x11B1, 0x1105, 0x1174, 0x11B2, 0x1105, 0x1174, 0x11B3, 0x1105, 0x1174, 0x11B4, 0x1105, 0x1174,
    0x11B5, 0x1105, 0x1174, 0x11B6, 0x1105, 0x1174, 0x11B7, 0x1105, 0x1174, 0x11B8, 0x1105, 0x1174,
    0x11B9, 0x1105, 0x1174, 0x11BA, 0x1105, 0x1174, 0x11BB, 0x1105, 0x1174, 0x11BC, 0x1105, 0x1174,
    0x11BD, 0x1105, 0x1174, 0x11BE, 0x1105, 0x1174, 0x11BF, 0x1105, 0x1174, 0x11C0, 0x1105, 0x1174,
    0x11C1, 0x1105, 0x1174, 0x11C2, 0x1105, 0x1175, 0x1105, 0x1175, 0x11A8, 0x1105, 0x1175, 0x11A9,
    0x1105, 0x1175, 0x11AA, 0x1105, 0x1175, 0x11AB, 0x1105, 0x1175, 0x11AC, 0x1105, 0x1175, 0x11AD,
    0x1105, 0x1175, 0x11AE, 0x1105, 0x1175, 0x11AF, 0x1105, 0x1175, 0x11B0, 0x1105, 0x1175, 0x11B1,
    0x1105, 0x1175, 0x11B2, 0x1105, 0x1175, 0x11B3, 0x1105, 0x1175, 0x11B4, 0x1105, 0x1175, 0x11B5,
    0x1105, 0x1175, 0x11B6, 0x1105, 0x1175, 0x11B7, 0x1105, 0x1175, 0x11B8, 0x1105, 0x1175, 0x11B9,
    0x1105, 0x1175, 0x11BA, 0x1105, 0x1175, 0x11BB, 0x1105, 0x1175, 0x11BC, 0x1105, 0x1175, 0x11BD,
    0x1105, 0x1175, 0x11BE, 0x1105, 0x1175, 0x11BF, 0x1105, 0x1175, 0x11C0, 0x1105, 0x1175, 0x11C1,
    0x1105, 0x1175, 0x11C2, 0x1106, 0x1161, 0x1106, 0x1161, 0x11A8, 0x1106, 0x1161, 0x11A9, 0x1106,
    0x1161, 0x11AA, 0x1106, 0x1161, 0x11AB, 0x1106, 0x1161, 0x11AC, 0x1106, 0x1161, 0x11AD, 0x1106,
    0x1161, 0x11AE, 0x1106, 0x1161, 0x11AF, 0x1106, 0x1161, 0x11B0, 0x1106, 0x1161, 0x11B1, 0x1106,
    0x1161, 0x11B2, 0x1106, 0x1161, 0x11B3, 0x1106, 0x1161, 0x11B4, 0x1106, 0x1161, 0x11B5, 0x1106,
    0x1161, 0x11B6, 0x1106, 0x1161, 0x11B7, 0x1106, 0x1161, 0x11B8, 0x1106, 0x1161, 0x11B9, 0x1106,
    0x1161, 0x11BA, 0x1106, 0x1161, 0x11BB, 0x1106, 0x1161, 0x11BC, 0x1106, 0x1161, 0x11BD, 0x1106,
    0x1161, 0x11BE, 0x1106, 0x1161, 0x11BF, 0x1106, 0x1161, 0x11C0, 0x1106, 0x1161, 0x11C1, 0x1106,
    0x1161, 0x11C2, 0x1106, 0x1162, 0x1106, 0x1162, 0x11A8, 0x1106, 0x1162, 0x11A9, 0x1106, 0x1162,
    0x11AA, 0x1106, 0x1162, 0x11AB, 0x1106, 0x1162, 0x11AC, 0x1106, 0x1162, 0x11AD, 0x1106, 0x1162,
    0x11AE, 0x1106, 0x1162, 0x11AF, 0x1106, 0x1162, 0x11B0, 0x1106, 0x1162, 0x11B1, 0x1106, 0x1162,
    0x11B2, 0x1106, 0x1162, 0x11B3, 0x1106, 0x1162, 0x11B4, 0x1106, 0x1162, 0x11B5, 0x1106, 0x1162,
    0x11B6, 0x1106, 0x1162, 0x11B7, 0x1106, 0x1162, 0x11B8, 0x1106, 0x1162, 0x11B9, 0x1106, 0x1162,
    0x11BA, 0x1106, 0x1162, 0x11BB, 0x1106, 0x1162, 0x11BC, 0x1106, 0x1162, 0x11BD, 0x1106, 0x1162,
    0x11BE, 0x1106, 0x1162, 0x11BF, 0x1106, 0x1162, 0x11C0, 0x1106, 0x1162, 0x11C1, 0x1106, 0x1162,
    0x11C2, 0x1106, 0x1163, 0x1106, 0x1163, 0x11A8, 0x1106, 0x1163, 0x11A9, 0x1106, 0x1163, 0x11AA,
    0x1106, 0x1163, 0x11AB, 0x1106, 0x1163, 0x11AC, 0x1106, 0x1163, 0x11AD, 0x1106, 0x1163, 0x11AE,
    0x1106, 0x1163, 0x11AF, 0x1106, 0x1163, 0x11B0, 0x1106, 0x1163, 0x11B1, 0x1106, 0x1163, 0x11B2,
    0x1106, 0x1163, 0x11B3, 0x1106, 0x1163, 0x11B4, 0x1106, 0x1163, 0x11B5, 0x1106, 0x1163, 0x11B6,
    0x1106, 0x1163, 0x11B7, 0x1106, 0x1163, 0x11B8, 0x1106, 0x1163, 0x11B9, 0x1106, 0x1163, 0x11BA,
    0x1106, 0x1163, 0x11BB, 0x1106, 0x1163, 0x11BC, 0x1106, 0x1163, 0x11BD, 0x1106, 0x1163, 0x11BE,
    0x1106, 0x1163, 0x11BF, 0x1106, 0x1163, 0x11C0, 0x1106, 0x1163, 0x11C1, 0x1106, 0x1163, 0x11C2,
    0x1106, 0x1164, 0x1106, 0x1164, 0x11A8, 0x1106, 0x1164, 0x11A9, 0x1106, 0x1164, 0x11AA, 0x1106,
    0x1164, 0x11AB, 0x1106, 0x1164, 0x11AC, 0x1106, 0x1164, 0x11AD, 0x1106, 0x1164, 0x11AE, 0x1106,
    0x1164, 0x11AF, 0x1106, 0x1164, 0x11B0, 0x1106, 0x1164, 0x11B1, 0x1106, 0x1164, 0x11B2, 0x1106,
    0x1164, 0x11B3, 0x1106, 0x1164, 0x11B4, 0x1106, 0x1164, 0x11B5, 0x1106, 0x1164, 0x11B6, 0x1106,
    0x1164, 0x11B7, 0x1106, 0x1164, 0x11B8, 0x1106, 0x1164, 0x11B9, 0x1106, 0x1164, 0x11BA, 0x1106,
    0x1164, 0x11BB, 0x1106, 0x1164, 0x11BC, 0x1106, 0x1164, 0x11BD, 0x1106, 0x1164, 0x11BE, 0x1106,
    0x1164, 0x11BF, 0x1106, 0x1164, 0x11C0, 0x1106, 0x1164, 0x11C1, 0x1106, 0x1164, 0x11C2, 0x1106,
    0x1165, 0x1106, 0x1165, 0x11A8, 0x1106, 0x1165, 0x11A9, 0x1106, 0x1165, 0x11AA, 0x1106, 0x1165,
    0x11AB, 0x1106, 0x1165, 0x11AC, 0x1106, 0x1165, 0x11AD, 0x1106, 0x1165, 0x11AE, 0x1106, 0x1165,
    0x11AF, 0x1106, 0x1165, 0x11B0, 0x1106, 0x1165, 0x11B1, 0x1106, 0x1165, 0x11B2, 0x1106, 0x1165,
    0x11B3, 0x1106, 0x1165, 0x11B4, 0x1106, 0x1165, 0x11B5, 0x1106, 0x1165, 0x11B6, 0x1106, 0x1165,
    0x11B7, 0x1106, 0x1165, 0x11B8, 0x1106, 0x1165, 0x11B9, 0x1106, 0x1165, 0x11BA, 0x1106, 0x1165,
    0x11BB, 0x1106, 0x1165, 0x11BC, 0x1106, 0x1165, 0x11BD, 0x1106, 0x1165, 0x11BE, 0x1106, 0x1165,
    0x11BF, 0x1106, 0x1165, 0x11C0, 0x1106, 0x1165, 0x11C1, 0x1106, 0x1165, 0x11C2, 0x1106, 0x1166,
    0x1106, 0x1166, 0x11A8, 0x1106, 0x1166, 0x11A9, 0x1106, 0x1166, 0x11AA, 0x1106, 0x1166, 0x11AB,
    0x1106, 0x1166, 0x11AC, 0x1106, 0x1166, 0x11AD, 0x1106, 0x1166, 0x11AE, 0x1106, 0x1166, 0x11AF,
    0x1106, 0x1166, 0x11B0, 0x1106, 0x1166, 0x11B1, 0x1106, 0x1166, 0x11B2, 0x1106, 0x1166, 0x11B3,
    0x1106, 0x1166, 0x11B4, 0x1106, 0x1166, 0x11B5, 0x1106, 0x1166, 0x11B6, 0x1106, 0x1166, 0x11B7,
    0x1106, 0x1166, 0x11B8, 0x1106, 0x1166, 0x11B9, 0x1106, 0x1166, 0x11BA, 0x1106, 0x1166, 0x11BB,
    0x1106, 0x1166, 0x11BC, 0x1106, 0x1166, 0x11BD, 0x1106, 0x1166, 0x11BE, 0x1106, 0x1166, 0x11BF,
    0x1106, 0x1166, 0x11C0, 0x1106, 0x1166, 0x11C1, 0x1106, 0x1166, 0x11C2, 0x1106, 0x1167, 0x1106,
    0x1167, 0x11A8, 0x1106, 0x1167, 0x11A9, 0x1106, 0x1167, 0x11AA, 0x1106, 0x1167, 0x11AB, 0x1106,
    0x1167, 0x11AC, 0x1106, 0x1167, 0x11AD, 0x1106, 0x1167, 0x11AE, 0x1106, 0x1167, 0x11AF, 0x1106,
    0x1167, 0x11B0, 0x1106, 0x1167, 0x11B1, 0x1106, 0x1167, 0x11B2, 0x1106, 0x1167, 0x11B3, 0x1106,
    0x1167, 0x11B4, 0x1106, 0x1167, 0x11B5, 0x1106, 0x1167, 0x11B6, 0x1106, 0x1167, 0x11B7, 0x1106,
    0x1167, 0x11B8, 0x1106, 0x1167, 0x11B9, 0x1106, 0x1167, 0x11BA, 0x1106, 0x1167, 0x11BB, 0x1106,
    0x1167, 0x11BC, 0x1106, 0x1167, 0x11BD, 0x1106, 0x1167, 0x11BE, 0x1106, 0x1167, 0x11BF, 0x1106,
    0x1167, 0x11C0, 0x1106, 0x1167, 0x11C1, 0x1106, 0x1167, 0x11C2, 0x1106, 0x1168, 0x1106, 0x1168,
    0x11A8, 0x1106, 0x1168, 0x11A9, 0x1106, 0x1168, 0x11AA, 0x1106, 0x1168, 0x11AB, 0x1106, 0x1168,
    0x11AC, 0x1106, 0x1168, 0x11AD, 0x1106, 0x1168, 0x11AE, 0x1106, 0x1168, 0x11AF, 0x1106, 0x1168,
    0x11B0, 0x1106, 0x1168, 0x11B1, 0x1106, 0x1168, 0x11B2, 0x1106, 0x1168, 0x11B3, 0x1106, 0x1168,
    0x11B4, 0x1106, 0x1168, 0x11B5, 0x1106, 0x1168, 0x11B6, 0x1106, 0x1168, 0x11B7, 0x1106, 0x1168,
    0x11B8, 0x1106, 0x1168, 0x11B9, 0x1106, 0x1168, 0x11BA, 0x1106, 0x1168, 0x11BB, 0x1106, 0x1168,
    0x11BC, 0x1106, 0x1168, 0x11BD, 0x1106, 0x1168, 0x11BE, 0x1106, 0x1168, 0x11BF, 0x1106, 0x1168,
    0x11C0, 0x1106, 0x1168, 0x11C1, 0x1106, 0x1168, 0x11C2, 0x1106, 0x1169, 0x1106, 0x1169, 0x11A8,
    0x1106, 0x1169, 0x11A9, 0x1106, 0x1169, 0x11AA, 0x1106, 0x1169, 0x11AB, 0x1106, 0x1169, 0x11AC,
    0x1106, 0x1169, 0x11AD, 0x1106, 0x1169, 0x11AE, 0x1106, 0x1169, 0x11AF, 0x1106, 0x1169, 0x11B0,
    0x1106, 0x1169, 0x11B1, 0x1106, 0x1169, 0x11B2, 0x1106, 0x1169, 0x11B3, 0x1106, 0x1169, 0x11B4,
    0x1106, 0x1169, 0x11B5, 0x1106, 0x1169, 0x11B6, 0x1106, 0x1169, 0x11B7, 0x1106, 0x1169, 0x11B8,
    0x1106, 0x1169, 0x11B9, 0x1106, 0x1169, 0x11BA, 0x1106, 0x1169, 0x11BB, 0x1106, 0x1169, 0x11BC,
    0x1106, 0x1169, 0x11BD, 0x1106, 0x1169, 0x11BE, 0x1106, 0x1169, 0x11BF, 0x1106, 0x1169, 0x11C0,
    0x1106, 0x1169, 0x11C1, 0x1106, 0x1169, 0x11C2, 0x1106, 0x116A, 0x1106, 0x116A, 0x11A8, 0x1106,
    0x116A, 0x11A9, 0x1106, 0x116A, 0x11AA, 0x1106, 0x116A, 0x11AB, 0x1106, 0x116A, 0x11AC, 0x1106,
    0x116A, 0x11AD, 0x1106, 0x116A, 0x11AE, 0x1106, 0x116A, 0x11AF, 0x1106, 0x116A, 0x11B0, 0x1106,
    0x116A, 0x11B1, 0x1106, 0x116A, 0x11B2, 0x1106, 0x116A, 0x11B3, 0x1106, 0x116A, 0x11B4, 0x1106,
    0x116A, 0x11B5, 0x1106, 0x116A, 0x11B6, 0x1106, 0x116A, 0x11B7, 0x1106, 0x116A, 0x11B8, 0x1106,
    0x116A, 0x11B9, 0x1106, 0x116A, 0x11BA, 0x1106, 0x116A, 0x11BB, 0x1106, 0x116A, 0x11BC, 0x1106,
    0x116A, 0x11BD, 0x1106, 0x116A, 0x11BE, 0x1106, 0x116A, 0x11BF, 0x1106, 0x116A, 0x11C0, 0x1106,
    0x116A, 0x11C1, 0x1106, 0x116A, 0x11C2, 0x1106, 0x116B, 0x1106, 0x116B, 0x11A8, 0x1106, 0x116B,
    0x11A9, 0x1106, 0x116B, 0x11AA, 0x1106, 0x116B, 0x11AB, 0x1106, 0x116B, 0x11AC, 0x1106, 0x116B,
    0x11AD, 0x1106, 0x116B, 0x11AE, 0x1106, 0x116B, 0x11AF, 0x1106, 0x116B, 0x11B0, 0x1106, 0x116B,
    0x11B1, 0x1106, 0x116B, 0x11B2, 0x1106, 0x116B, 0x11B3, 0x1106, 0x116B, 0x11B4, 0x1106, 0x116B,
    0x11B5, 0x1106, 0x116B, 0x11B6, 0x1106, 0x116B, 0x11B7, 0x1106, 0x116B, 0x11B8, 0x1106, 0x116B,
    0x11B9, 0x1106, 0x116B, 0x11BA, 0x1106, 0x116B, 0x11BB, 0x1106, 0x116B, 0x11BC, 0x1106, 0x116B,
    0x11BD, 0x1106, 0x116B, 0x11BE, 0x1106, 0x116B, 0x11BF, 0x1106, 0x116B, 0x11C0, 0x1106, 0x116B,
    0x11C1, 0x1106, 0x116B, 0x11C2, 0x1106, 0x116C, 0x1106, 0x116C, 0x11A8, 0x1106, 0x116C, 0x11A9,
    0x1106, 0x116C, 0x11AA, 0x1106, 0x116C, 0x11AB, 0x1106, 0x116C, 0x11AC, 0x1106, 0x116C, 0x11AD,
    0x1106, 0x116C, 0x11AE, 0x1106, 0x116C, 0x11AF, 0x1106, 0x116C, 0x11B0, 0x1106, 0x116C, 0x11B1,
    0x1106, 0x116C, 0x11B2, 0x1106, 0x116C, 0x11B3, 0x1106, 0x116C, 0x11B4, 0x1106, 0x116C, 0x11B5,
    0x1106, 0x116C, 0x11B6, 0x1106, 0x116C, 0x11B7, 0x1106, 0x116C, 0x11B8, 0x1106, 0x116C, 0x11B9,
    0x1106, 0x116C, 0x11BA, 0x1106, 0x116C, 0x11BB, 0x1106, 0x116C, 0x11BC, 0x1106, 0x116C, 0x11BD,
    0x1106, 0x116C, 0x11BE, 0x1106, 0x116C, 0x11BF, 0x1106, 0x116C, 0x11C0, 0x1106, 0x116C, 0x11C1,
    0x1106, 0x116C, 0x11C2, 0x1106, 0x116D, 0x1106, 0x116D, 0x11A8, 0x1106, 0x116D, 0x11A9, 0x1106,
    0x116D, 0x11AA, 0x1106, 0x116D, 0x11AB, 0x1106, 0x116D, 0x11AC, 0x1106, 0x116D, 0x11AD, 0x1106,
    0x116D, 0x11AE, 0x1106, 0x116D, 0x11AF, 0x1106, 0x116D, 0x11B0, 0x1106, 0x116D, 0x11B1, 0x1106,
    0x116D, 0x11B2, 0x1106, 0x116D, 0x11B3, 0x1106, 0x116D, 0x11B4, 0x1106, 0x116D, 0x11B5, 0x1106,
    0x116D, 0x11B6, 0x1106, 0x116D, 0x11B7, 0x1106, 0x116D, 0x11B8, 0x1106, 0x116D, 0x11B9, 0x1106,
    0x116D, 0x11BA, 0x1106, 0x116D, 0x11BB, 0x1106, 0x116D, 0x11BC, 0x1106, 0x116D, 0x11BD, 0x1106,
    0x116D, 0x11BE, 0x1106, 0x116D, 0x11BF, 0x1106, 0x116D, 0x11C0, 0x1106, 0x116D, 0x11C1, 0x1106,
    0x116D, 0x11C2, 0x1106, 0x116E, 0x1106, 0x116E, 0x11A8, 0x1106, 0x116E, 0x11A9, 0x1106, 0x116E,
    0x11AA, 0x1106, 0x116E, 0x11AB, 0x1106, 0x116E, 0x11AC, 0x1106, 0x116E, 0x11AD, 0x1106, 0x116E,
    0x11AE, 0x1106, 0x116E, 0x11AF, 0x1106, 0x116E, 0x11B0, 0x1106, 0x116E, 0x11B1, 0x1106, 0x116E,
    0x11B2, 0x1106, 0x116E, 0x11B3, 0x1106, 0x116E, 0x11B4, 0x1106, 0x116E, 0x11B5, 0x1106, 0x116E,
    0x11B6, 0x1106, 0x116E, 0x11B7, 0x1106, 0x116E, 0x11B8, 0x1106, 0x116E, 0x11B9, 0x1106, 0x116E,
    0x11BA, 0x1106, 0x116E, 0x11BB, 0x1106, 0x116E, 0x11BC, 0x1106, 0x116E, 0x11BD, 0x1106, 0x116E,
    0x11BE, 0x1106, 0x116E, 0x11BF, 0x1106, 0x116E, 0x11C0, 0x1106, 0x116E, 0x11C1, 0x1106, 0x116E,
    0x11C2, 0x1106, 0x116F, 0x1106, 0x116F, 0x11A8, 0x1106, 0x116F, 0x11A9, 0x1106, 0x116F, 0x11AA,
    0x1106, 0x116F, 0x11AB, 0x1106, 0x116F, 0x11AC, 0x1106, 0x116F, 0x11AD, 0x1106, 0x116F, 0x11AE,
    0x1106, 0x116F, 0x11AF, 0x1106, 0x116F, 0x11B0, 0x1106, 0x116F, 0x11B1, 0x1106, 0x116F, 0x11B2,
    0x1106, 0x116F, 0x11B3, 0x1106, 0x116F, 0x11B4, 0x1106, 0x116F, 0x11B5, 0x1106, 0x116F, 0x11B6,
    0x1106, 0x116F, 0x11B7, 0x1106, 0x116F, 0x11B8, 0x1106, 0x116F, 0x11B9, 0x1106, 0x116F, 0x11BA,
    0x1106, 0x116F, 0x11BB, 0x1106, 0x116F, 0x11BC, 0x1106, 0x116F, 0x11BD, 0x1106, 0x116F, 0x11BE,
    0x1106, 0x116F, 0x11BF, 0x1106, 0x116F, 0x11C0, 0x1106, 0x116F, 0x11C1, 0x1106, 0x116F, 0x11C2,
    0x1106, 0x1170, 0x1106, 0x1170, 0x11A8, 0x1106, 0x1170, 0x11A9, 0x1106, 0x1170, 0x11AA, 0x1106,
    0x1170, 0x11AB, 0x1106, 0x1170, 0x11AC, 0x1106, 0x1170, 0x11AD, 0x1106, 0x1170, 0x11AE, 0x1106,
    0x1170, 0x11AF, 0x1106, 0x1170, 0x11B0, 0x1106, 0x1170, 0x11B1, 0x1106, 0x1170, 0x11B2, 0x1106,
    0x1170, 0x11B3, 0x1106, 0x1170, 0x11B4, 0x1106, 0x1170, 0x11B5, 0x1106, 0x1170, 0x11B6, 0x1106,
    0x1170, 0x11B7, 0x1106, 0x1170, 0x11B8, 0x1106, 0x1170, 0x11B9, 0x1106, 0x1170, 0x11BA, 0x1106,
    0x1170, 0x11BB, 0x1106, 0x1170, 0x11BC, 0x1106, 0x1170, 0x11BD, 0x1106, 0x1170, 0x11BE, 0x1106,
    0x1170, 0x11BF, 0x1106, 0x1170, 0x11C0, 0x1106, 0x1170, 0x11C1, 0x1106, 0x1170, 0x11C2, 0x1106,
    0x1171, 0x1106, 0x1171, 0x11A8, 0x1106, 0x1171, 0x11A9, 0x1106, 0x1171, 0x11AA, 0x1106, 0x1171,
    0x11AB, 0x1106, 0x1171, 0x11AC, 0x1106, 0x1171, 0x11AD, 0x1106, 0x1171, 0x11AE, 0x1106, 0x1171,
    0x11AF, 0x1106, 0x1171, 0x11B0, 0x1106, 0x1171, 0x11B1, 0x1106, 0x1171, 0x11B2, 0x1106, 0x1171,
    0x11B3, 0x1106, 0x1171, 0x11B4, 0x1106, 0x1171, 0x11B5, 0x1106, 0x1171, 0x11B6, 0x1106, 0x1171,
    0x11B7, 0x1106, 0x1171, 0x11B8, 0x1106, 0x1171, 0x11B9, 0x1106, 0x1171, 0x11BA, 0x1106, 0x1171,
    0x11BB, 0x1106, 0x1171, 0x11BC, 0x1106, 0x1171, 0x11BD, 0x1106, 0x1171, 0x11BE, 0x1106, 0x1171,
    0x11BF, 0x1106, 0x1171, 0x11C0, 0x1106, 0x1171, 0x11C1, 0x1106, 0x1171, 0x11C2, 0x1106, 0x1172,
    0x1106, 0x1172, 0x11A8, 0x1106, 0x1172, 0x11A9, 0x1106, 0x1172, 0x11AA, 0x1106, 0x1172, 0x11AB,
    0x1106, 0x1172, 0x11AC, 0x1106, 0x1172, 0x11AD, 0x1106, 0x1172, 0x11AE, 0x1106, 0x1172, 0x11AF,
    0x1106, 0x1172, 0x11B0, 0x1106, 0x1172, 0x11B1, 0x1106, 0x1172, 0x11B2, 0x1106, 0x1172, 0x11B3,
    0x1106, 0x1172, 0x11B4, 0x1106, 0x1172, 0x11B5, 0x1106, 0x1172, 0x11B6, 0x1106, 0x1172, 0x11B7,
    0x1106, 0x1172, 0x11B8, 0x1106, 0x1172, 0x11B9, 0x1106, 0x1172, 0x11BA, 0x1106, 0x1172, 0x11BB,
    0x1106, 0x1172, 0x11BC, 0x1106, 0x1172, 0x11BD, 0x1106, 0x1172, 0x11BE, 0x1106, 0x1172, 0x11BF,
    0x1106, 0x1172, 0x11C0, 0x1106, 0x1172, 0x11C1, 0x1106, 0x1172, 0x11C2, 0x1106, 0x1173, 0x1106,
    0x1173, 0x11A8, 0x1106, 0x1173, 0x11A9, 0x1106, 0x1173, 0x11AA, 0x1106, 0x1173, 0x11AB, 0x1106,
    0x1173, 0x11AC, 0x1106, 0x1173, 0x11AD, 0x1106, 0x1173, 0x11AE, 0x1106, 0x1173, 0x11AF, 0x1106,
    0x1173, 0x11B0, 0x1106, 0x1173, 0x11B1, 0x1106, 0x1173, 0x11B2, 0x1106, 0x1173, 0x11B3, 0x1106,
    0x1173, 0x11B4, 0x1106, 0x1173, 0x11B5, 0x1106, 0x1173, 0x11B6, 0x1106, 0x1173, 0x11B7, 0x1106,
    0x1173, 0x11B8, 0x1106, 0x1173, 0x11B9, 0x1106, 0x1173, 0x11BA, 0x1106, 0x1173, 0x11BB, 0x1106,
    0x1173, 0x11BC, 0x1106, 0x1173, 0x11BD, 0x1106, 0x1173, 0x11BE, 0x1106, 0x1173, 0x11BF, 0x1106,
    0x1173, 0x11C0, 0x1106, 0x1173, 0x11C1, 0x1106, 0x1173, 0x11C2, 0x1106, 0x1174, 0x1106, 0x1174,
    0x11A8, 0x1106, 0x1174, 0x11A9, 0x1106, 0x1174, 0x11AA, 0x1106, 0x1174, 0x11AB, 0x1106, 0x1174,
    0x11AC, 0x1106, 0x1174, 0x11AD, 0x1106, 0x1174, 0x11AE, 0x1106, 0x1174, 0x11AF, 0x1106, 0x1174,
    0x11B0, 0x1106, 0x1174, 0x11B1, 0x1106, 0x1174, 0x11B2, 0x1106, 0x1174, 0x11B3, 0x1106, 0x1174,
    0x11B4, 0x1106, 0x1174, 0x11B5, 0x1106, 0x1174, 0x11B6, 0x1106, 0x1174, 0x11B7, 0x1106, 0x1174,
    0x11B8, 0x1106, 0x1174, 0x11B9, 0x1106, 0x1174, 0x11BA, 0x1106, 0x1174, 0x11BB, 0x1106, 0x1174,
    0x11BC, 0x1106, 0x1174, 0x11BD, 0x1106, 0x1174, 0x11BE, 0x1106, 0x1174, 0x11BF, 0x1106, 0x1174,
    0x11C0, 0x1106, 0x1174, 0x11C1, 0x1106, 0x1174, 0x11C2, 0x1106, 0x1175, 0x1106, 0x1175, 0x11A8,
    0x1106, 0x1175, 0x11A9, 0x1106, 0x1175, 0x11AA, 0x1106, 0x1175, 0x11AB, 0x1106, 0x1175, 0x11AC,
    0x1106, 0x1175, 0x11AD, 0x1106, 0x1175, 0x11AE, 0x1106, 0x1175, 0x11AF, 0x1106, 0x1175, 0x11B0,
    0x1106, 0x1175, 0x11B1, 0x1106, 0x1175, 0x11B2, 0x1106, 0x1175, 0x11B3, 0x1106, 0x1175, 0x11B4,
    0x1106, 0x1175, 0x11B5, 0x1106, 0x1175, 0x11B6, 0x1106, 0x1175, 0x11B7, 0x1106, 0x1175, 0x11B8,
    0x1106, 0x1175, 0x11B9, 0x1106, 0x1175, 0x11BA, 0x1106, 0x1175, 0x11BB, 0x1106, 0x1175, 0x11BC,
    0x1106, 0x1175, 0x11BD, 0x1106, 0x1175, 0x11BE, 0x1106, 0x1175, 0x11BF, 0x1106, 0x1175, 0x11C0,
    0x1106, 0x1175, 0x11C1, 0x1106, 0x1175, 0x11C2, 0x1107, 0x1161, 0x1107, 0x1161, 0x11A8, 0x1107,
    0x1161, 0x11A9, 0x1107, 0x1161, 0x11AA, 0x1107, 0x1161, 0x11AB, 0x1107, 0x1161, 0x11AC, 0x1107,
    0x1161, 0x11AD, 0x1107, 0x1161, 0x11AE, 0x1107, 0x1161, 0x11AF, 0x1107, 0x1161, 0x11B0, 0x1107,
    0x1161, 0x11B1, 0x1107, 0x1161, 0x11B2, 0x1107, 0x1161, 0x11B3, 0x1107, 0x1161, 0x11B4, 0x1107,
    0x1161, 0x11B5, 0x1107, 0x1161, 0x11B6, 0x1107, 0x1161, 0x11B7, 0x1107, 0x1161, 0x11B8, 0x1107,
    0x1161, 0x11B9, 0x1107, 0x1161, 0x11BA, 0x1107, 0x1161, 0x11BB, 0x1107, 0x1161, 0x11BC, 0x1107,
    0x1161, 0x11BD, 0x1107, 0x1161, 0x11BE, 0x1107, 0x1161, 0x11BF, 0x1107, 0x1161, 0x11C0, 0x1107,
    0x1161, 0x11C1, 0x1107, 0x1161, 0x11C2, 0x1107, 0x1162, 0x1107, 0x1162, 0x11A8, 0x1107, 0x1162,
    0x11A9, 0x1107, 0x1162, 0x11AA, 0x1107, 0x1162, 0x11AB, 0x1107, 0x1162, 0x11AC, 0x1107, 0x1162,
    0x11AD, 0x1107, 0x1162, 0x11AE, 0x1107, 0x1162, 0x11AF, 0x1107, 0x1162, 0x11B0, 0x1107, 0x1162,
    0x11B1, 0x1107, 0x1162, 0x11B2, 0x1107, 0x1162, 0x11B3, 0x1107, 0x1162, 0x11B4, 0x1107, 0x1162,
    0x11B5, 0x1107, 0x1162, 0x11B6, 0x1107, 0x1162, 0x11B7, 0x1107, 0x1162, 0x11B8, 0x1107, 0x1162,
    0x11B9, 0x1107, 0x1162, 0x11BA, 0x1107, 0x1162, 0x11BB, 0x1107, 0x1162, 0x11BC, 0x1107, 0x1162,
    0x11BD, 0x1107, 0x1162, 0x11BE, 0x1107, 0x1162, 0x11BF, 0x1107, 0x1162, 0x11C0, 0x1107, 0x1162,
    0x11C1, 0x1107, 0x1162, 0x11C2, 0x1107, 0x1163, 0x1107, 0x1163, 0x11A8, 0x1107, 0x1163, 0x11A9,
    0x1107, 0x1163, 0x11AA, 0x1107, 0x1163, 0x11AB, 0x1107, 0x1163, 0x11AC, 0x1107, 0x1163, 0x11AD,
    0x1107, 0x1163, 0x11AE, 0x1107, 0x1163, 0x11AF, 0x1107, 0x1163, 0x11B0, 0x1107, 0x1163, 0x11B1,
    0x1107, 0x1163, 0x11B2, 0x1107, 0x1163, 0x11B3, 0x1107, 0x1163, 0x11B4, 0x1107, 0x1163, 0x11B5,
    0x1107, 0x1163, 0x11B6, 0x1107, 0x1163, 0x11B7, 0x1107, 0x1163, 0x11B8, 0x1107, 0x1163, 0x11B9,
    0x1107, 0x1163, 0x11BA, 0x1107, 0x1163, 0x11BB, 0x1107, 0x1163, 0x11BC, 0x1107, 0x1163, 0x11BD,
    0x1107, 0x1163, 0x11BE, 0x1107, 0x1163, 0x11BF, 0x1107, 0x1163, 0x11C0, 0x1107, 0x1163, 0x11C1,
    0x1107, 0x1163, 0x11C2, 0x1107, 0x1164, 0x1107, 0x1164, 0x11A8, 0x1107, 0x1164, 0x11A9, 0x1107,
    0x1164, 0x11AA, 0x1107, 0x1164, 0x11AB, 0x1107, 0x1164, 0x11AC, 0x1107, 0x1164, 0x11AD, 0x1107,
    0x1164, 0x11AE, 0x1107, 0x1164, 0x11AF, 0x1107, 0x1164, 0x11B0, 0x1107, 0x1164, 0x11B1, 0x1107,
    0x1164, 0x11B2, 0x1107, 0x1164, 0x11B3, 0x1107, 0x1164, 0x11B4, 0x1107, 0x1164, 0x11B5, 0x1107,
    0x1164, 0x11B6, 0x1107, 0x1164, 0x11B7, 0x1107, 0x1164, 0x11B8, 0x1107, 0x1164, 0x11B9, 0x1107,
    0x1164, 0x11BA, 0x1107, 0x1164, 0x11BB, 0x1107, 0x1164, 0x11BC, 0x1107, 0x1164, 0x11BD, 0x1107,
    0x1164, 0x11BE, 0x1107, 0x1164, 0x11BF, 0x1107, 0x1164, 0x11C0, 0x1107, 0x1164, 0x11C1, 0x1107,
    0x1164, 0x11C2, 0x1107, 0x1165, 0x1107, 0x1165, 0x11A8, 0x1107, 0x1165, 0x11A9, 0x1107, 0x1165,
    0x11AA, 0x1107, 0x1165, 0x11AB, 0x1107, 0x1165, 0x11AC, 0x1107, 0x1165, 0x11AD, 0x1107, 0x1165,
    0x11AE, 0x1107, 0x1165, 0x11AF, 0x1107, 0x1165, 0x11B0, 0x1107, 0x1165, 0x11B1, 0x1107, 0x1165,
    0x11B2, 0x1107, 0x1165, 0x11B3, 0x1107, 0x1165, 0x11B4, 0x1107, 0x1165, 0x11B5, 0x1107, 0x1165,
    0x11B6, 0x1107, 0x1165, 0x11B7, 0x1107, 0x1165, 0x11B8, 0x1107, 0x1165, 0x11B9, 0x1107, 0x1165,
    0x11BA, 0x1107, 0x1165, 0x11BB, 0x1107, 0x1165, 0x11BC, 0x1107, 0x1165, 0x11BD, 0x1107, 0x1165,
    0x11BE, 0x1107, 0x1165, 0x11BF, 0x1107, 0x1165, 0x11C0, 0x1107, 0x1165, 0x11C1, 0x1107, 0x1165,
    0x11C2, 0x1107, 0x1166, 0x1107, 0x1166, 0x11A8, 0x1107, 0x1166, 0x11A9, 0x1107, 0x1166, 0x11AA,
    0x1107, 0x1166, 0x11AB, 0x1107, 0x1166, 0x11AC, 0x1107, 0x1166, 0x11AD, 0x1107, 0x1166, 0x11AE,
    0x1107, 0x1166, 0x11AF, 0x1107, 0x1166, 0x11B0, 0x1107, 0x1166, 0x11B1, 0x1107, 0x1166, 0x11B2,
    0x1107, 0x1166, 0x11B3, 0x1107, 0x1166, 0x11B4, 0x1107, 0x1166, 0x11B5, 0x1107, 0x1166, 0x11B6,
    0x1107, 0x1166, 0x11B7, 0x1107, 0x1166, 0x11B8, 0x1107, 0x1166, 0x11B9, 0x1107, 0x1166, 0x11BA,
    0x1107, 0x1166, 0x11BB, 0x1107, 0x1166, 0x11BC, 0x1107, 0x1166, 0x11BD, 0x1107, 0x1166, 0x11BE,
    0x1107, 0x1166, 0x11BF, 0x1107, 0x1166, 0x11C0, 0x1107, 0x1166, 0x11C1, 0x1107, 0x1166, 0x11C2,
    0x1107, 0x1167, 0x1107, 0x1167, 0x11A8, 0x1107, 0x1167, 0x11A9, 0x1107, 0x1167, 0x11AA, 0x1107,
    0x1167, 0x11AB, 0x1107, 0x1167, 0x11AC, 0x1107, 0x1167, 0x11AD, 0x1107, 0x1167, 0x11AE, 0x1107,
    0x1167, 0x11AF, 0x1107, 0x1167, 0x11B0, 0x1107, 0x1167, 0x11B1, 0x1107, 0x1167, 0x11B2, 0x1107,
    0x1167, 0x11B3, 0x1107, 0x1167, 0x11B4, 0x1107, 0x1167, 0x11B5, 0x1107, 0x1167, 0x11B6, 0x1107,
    0x1167, 0x11B7, 0x1107, 0x1167, 0x11B8, 0x1107, 0x1167, 0x11B9, 0x1107, 0x1167, 0x11BA, 0x1107,
    0x1167, 0x11BB, 0x1107, 0x1167, 0x11BC, 0x1107, 0x1167, 0x11BD, 0x1107, 0x1167, 0x11BE, 0x1107,
    0x1167, 0x11BF, 0x1107, 0x1167, 0x11C0, 0x1107, 0x1167, 0x11C1, 0x1107, 0x1167, 0x11C2, 0x1107,
    0x1168, 0x1107, 0x1168, 0x11A8, 0x1107, 0x1168, 0x11A9, 0x1107, 0x1168, 0x11AA, 0x1107, 0x1168,
    0x11AB, 0x1107, 0x1168, 0x11AC, 0x1107, 0x1168, 0x11AD, 0x1107, 0x1168, 0x11AE, 0x1107, 0x1168,
    0x11AF, 0x1107, 0x1168, 0x11B0, 0x1107, 0x1168, 0x11B1, 0x1107, 0x1168, 0x11B2, 0x1107, 0x1168,
    0x11B3, 0x1107, 0x1168, 0x11B4, 0x1107, 0x1168, 0x11B5, 0x1107, 0x1168, 0x11B6, 0x1107, 0x1168,
    0x11B7, 0x1107, 0x1168, 0x11B8, 0x1107, 0x1168, 0x11B9, 0x1107, 0x1168, 0x11BA, 0x1107, 0x1168,
    0x11BB, 0x1107, 0x1168, 0x11BC, 0x1107, 0x1168, 0x11BD, 0x1107, 0x1168, 0x11BE, 0x1107, 0x1168,
    0x11BF, 0x1107, 0x1168, 0x11C0, 0x1107, 0x1168, 0x11C1, 0x1107, 0x1168, 0x11C2, 0x1107, 0x1169,
    0x1107, 0x1169, 0x11A8, 0x1107, 0x1169, 0x11A9, 0x1107, 0x1169, 0x11AA, 0x1107, 0x1169, 0x11AB,
    0x1107, 0x1169, 0x11AC, 0x1107, 0x1169, 0x11AD, 0x1107, 0x1169, 0x11AE, 0x1107, 0x1169, 0x11AF,
    0x1107, 0x1169, 0x11B0, 0x1107, 0x1169, 0x11B1, 0x1107, 0x1169, 0x11B2, 0x1107, 0x1169, 0x11B3,
    0x1107, 0x1169, 0x11B4, 0x1107, 0x1169, 0x11B5, 0x1107, 0x1169, 0x11B6, 0x1107, 0x1169, 0x11B7,
    0x1107, 0x1169, 0x11B8, 0x1107, 0x1169, 0x11B9, 0x1107, 0x1169, 0x11BA, 0x1107, 0x1169, 0x11BB,
    0x1107, 0x1169, 0x11BC, 0x1107, 0x1169, 0x11BD, 0x1107, 0x1169, 0x11BE, 0x1107, 0x1169, 0x11BF,
    0x1107, 0x1169, 0x11C0, 0x1107, 0x1169, 0x11C1, 0x1107, 0x1169, 0x11C2, 0x1107, 0x116A, 0x1107,
    0x116A, 0x11A8, 0x1107, 0x116A, 0x11A9, 0x1107, 0x116A, 0x11AA, 0x1107, 0x116A, 0x11AB, 0x1107,
    0x116A, 0x11AC, 0x1107, 0x116A, 0x11AD, 0x1107, 0x116A, 0x11AE, 0x1107, 0x116A, 0x11AF, 0x1107,
    0x116A, 0x11B0, 0x1107, 0x116A, 0x11B1, 0x1107, 0x116A, 0x11B2, 0x1107, 0x116A, 0x11B3, 0x1107,
    0x116A, 0x11B4, 0x1107, 0x116A, 0x11B5, 0x1107, 0x116A, 0x11B6, 0x1107, 0x116A, 0x11B7, 0x1107,
    0x116A, 0x11B8, 0x1107, 0x116A, 0x11B9, 0x1107, 0x116A, 0x11BA, 0x1107, 0x116A, 0x11BB, 0x1107,
    0x116A, 0x11BC, 0x1107, 0x116A, 0x11BD, 0x1107, 0x116A, 0x11BE, 0x1107, 0x116A, 0x11BF, 0x1107,
    0x116A, 0x11C0, 0x1107, 0x116A, 0x11C1, 0x1107, 0x116A, 0x11C2, 0x1107, 0x116B, 0x1107, 0x116B,
    0x11A8, 0x1107, 0x116B, 0x11A9, 0x1107, 0x116B, 0x11AA, 0x1107, 0x116B, 0x11AB, 0x1107, 0x116B,
    0x11AC, 0x1107, 0x116B, 0x11AD, 0x1107, 0x116B, 0x11AE, 0x1107, 0x116B, 0x11AF, 0x1107, 0x116B,
    0x11B0, 0x1107, 0x116B, 0x11B1, 0x1107, 0x116B, 0x11B2, 0x1107, 0x116B, 0x11B3, 0x1107, 0x116B,
    0x11B4, 0x1107, 0x116B, 0x11B5, 0x1107, 0x116B, 0x11B6, 0x1107, 0x116B, 0x11B7, 0x1107, 0x116B,
    0x11B8, 0x1107, 0x116B, 0x11B9, 0x1107, 0x116B, 0x11BA, 0x1107, 0x116B, 0x11BB, 0x1107, 0x116B,
    0x11BC, 0x1107, 0x116B, 0x11BD, 0x1107, 0x116B, 0x11BE, 0x1107, 0x116B, 0x11BF, 0x1107, 0x116B,
    0x11C0, 0x1107, 0x116B, 0x11C1, 0x1107, 0x116B, 0x11C2, 0x1107, 0x116C, 0x1107, 0x116C, 0x11A8,
    0x1107, 0x116C, 0x11A9, 0x1107, 0x116C, 0x11AA, 0x1107, 0x116C, 0x11AB, 0x1107, 0x116C, 0x11AC,
    0x1107, 0x116C, 0x11AD, 0x1107, 0x116C, 0x11AE, 0x1107, 0x116C, 0x11AF, 0x1107, 0x116C, 0x11B0,
    0x1107, 0x116C, 0x11B1, 0x1107, 0x116C, 0x11B2, 0x1107, 0x116C, 0x11B3, 0x1107, 0x116C, 0x11B4,
    0x1107, 0x116C, 0x11B5, 0x1107, 0x116C, 0x11B6, 0x1107, 0x116C, 0x11B7, 0x1107, 0x116C, 0x11B8,
    0x1107, 0x116C, 0x11B9, 0x1107, 0x116C, 0x11BA, 0x1107, 0x116C, 0x11BB, 0x1107, 0x116C, 0x11BC,
    0x1107, 0x116C, 0x11BD, 0x1107, 0x116C, 0x11BE, 0x1107, 0x116C, 0x11BF, 0x1107, 0x116C, 0x11C0,
    0x1107, 0x116C, 0x11C1, 0x1107, 0x116C, 0x11C2, 0x1107, 0x116D, 0x1107, 0x116D, 0x11A8, 0x1107,
    0x116D, 0x11A9, 0x1107, 0x116D, 0x11AA, 0x1107, 0x116D, 0x11AB, 0x1107, 0x116D, 0x11AC, 0x1107,
    0x116D, 0x11AD, 0x1107, 0x116D, 0x11AE, 0x1107, 0x116D, 0x11AF, 0x1107, 0x116D, 0x11B0, 0x1107,
    0x116D, 0x11B1, 0x1107, 0x116D, 0x11B2, 0x1107, 0x116D, 0x11B3, 0x1107, 0x116D, 0x11B4, 0x1107,
    0x116D, 0x11B5, 0x1107, 0x116D, 0x11B6, 0x1107, 0x116D, 0x11B7, 0x1107, 0x116D, 0x11B8, 0x1107,
    0x116D, 0x11B9, 0x1107, 0x116D, 0x11BA, 0x1107, 0x116D, 0x11BB, 0x1107, 0x116D, 0x11BC, 0x1107,
    0x116D, 0x11BD, 0x1107, 0x116D, 0x11BE, 0x1107, 0x116D, 0x11BF, 0x1107, 0x116D, 0x11C0, 0x1107,
    0x116D, 0x11C1, 0x1107, 0x116D, 0x11C2, 0x1107, 0x116E, 0x1107, 0x116E, 0x11A8, 0x1107, 0x116E,
    0x11A9, 0x1107, 0x116E, 0x11AA, 0x1107, 0x116E, 0x11AB, 0x1107, 0x116E, 0x11AC, 0x1107, 0x116E,
    0x11AD, 0x1107, 0x116E, 0x11AE, 0x1107, 0x116E, 0x11AF, 0x1107, 0x116E, 0x11B0, 0x1107, 0x116E,
    0x11B1, 0x1107, 0x116E, 0x11B2, 0x1107, 0x116E, 0x11B3, 0x1107, 0x116E, 0x11B4, 0x1107, 0x116E,
    0x11B5, 0x1107, 0x116E, 0x11B6, 0x1107, 0x116E, 0x11B7, 0x1107, 0x116E, 0x11B8, 0x1107, 0x116E,
    0x11B9, 0x1107, 0x116E, 0x11BA, 0x1107, 0x116E, 0x11BB, 0x1107, 0x116E, 0x11BC, 0x1107, 0x116E,
    0x11BD, 0x1107, 0x116E, 0x11BE, 0x1107, 0x116E, 0x11BF, 0x1107, 0x116E, 0x11C0, 0x1107, 0x116E,
    0x11C1, 0x1107, 0x116E, 0x11C2, 0x1107, 0x116F, 0x1107, 0x116F, 0x11A8, 0x1107, 0x116F, 0x11A9,
    0x1107, 0x116F, 0x11AA, 0x1107, 0x116F, 0x11AB, 0x1107, 0x116F, 0x11AC, 0x1107, 0x116F, 0x11AD,
    0x1107, 0x116F, 0x11AE, 0x1107, 0x116F, 0x11AF, 0x1107, 0x116F, 0x11B0, 0x1107, 0x116F, 0x11B1,
    0x1107, 0x116F, 0x11B2, 0x1107, 0x116F, 0x11B3, 0x1107, 0x116F, 0x11B4, 0x1107, 0x116F, 0x11B5,
    0x1107, 0x116F, 0x11B6, 0x1107, 0x116F, 0x11B7, 0x1107, 0x116F, 0x11B8, 0x1107, 0x116F, 0x11B9,
    0x1107, 0x116F, 0x11BA, 0x1107, 0x116F, 0x11BB, 0x1107, 0x116F, 0x11BC, 0x1107, 0x116F, 0x11BD,
    0x1107, 0x116F, 0x11BE, 0x1107, 0x116F, 0x11BF, 0x1107, 0x116F, 0x11C0, 0x1107, 0x116F, 0x11C1,
    0x1107, 0x116F, 0x11C2, 0x1107, 0x1170, 0x1107, 0x1170, 0x11A8, 0x1107, 0x1170, 0x11A9, 0x1107,
    0x1170, 0x11AA, 0x1107, 0x1170, 0x11AB, 0x1107, 0x1170, 0x11AC, 0x1107, 0x1170, 0x11AD, 0x1107,
    0x1170, 0x11AE, 0x1107, 0x1170, 0x11AF, 0x1107, 0x1170, 0x11B0, 0x1107, 0x1170, 0x11B1, 0x1107,
    0x1170, 0x11B2, 0x1107, 0x1170, 0x11B3, 0x1107, 0x1170, 0x11B4, 0x1107, 0x1170, 0x11B5, 0x1107,
    0x1170, 0x11B6, 0x1107, 0x1170, 0x11B7, 0x1107, 0x1170, 0x11B8, 0x1107, 0x1170, 0x11B9, 0x1107,
    0x1170, 0x11BA, 0x1107, 0x1170, 0x11BB, 0x1107, 0x1170, 0x11BC, 0x1107, 0x1170, 0x11BD, 0x1107,
    0x1170, 0x11BE, 0x1107, 0x1170, 0x11BF, 0x1107, 0x1170, 0x11C0, 0x1107, 0x1170, 0x11C1, 0x1107,
    0x1170, 0x11C2, 0x1107, 0x1171, 0x1107, 0x1171, 0x11A8, 0x1107, 0x1171, 0x11A9, 0x1107, 0x1171,
    0x11AA, 0x1107, 0x1171, 0x11AB, 0x1107, 0x1171, 0x11AC, 0x1107, 0x1171, 0x11AD, 0x1107, 0x1171,
    0x11AE, 0x1107, 0x1171, 0x11AF, 0x1107, 0x1171, 0x11B0, 0x1107, 0x1171, 0x11B1, 0x1107, 0x1171,
    0x11B2, 0x1107, 0x1171, 0x11B3, 0x1107, 0x1171, 0x11B4, 0x1107, 0x1171, 0x11B5, 0x1107, 0x1171,
    0x11B6, 0x1107, 0x1171, 0x11B7, 0x1107, 0x1171, 0x11B8, 0x1107, 0x1171, 0x11B9, 0x1107, 0x1171,
    0x11BA, 0x1107, 0x1171, 0x11BB, 0x1107, 0x1171, 0x11BC, 0x1107, 0x1171, 0x11BD, 0x1107, 0x1171,
    0x11BE, 0x1107, 0x1171, 0x11BF, 0x1107, 0x1171, 0x11C0, 0x1107, 0x1171, 0x11C1, 0x1107, 0x1171,
    0x11C2, 0x1107, 0x1172, 0x1107, 0x1172, 0x11A8, 0x1107, 0x1172, 0x11A9, 0x1107, 0x1172, 0x11AA,
    0x1107, 0x1172, 0x11AB, 0x1107, 0x1172, 0x11AC, 0x1107, 0x1172, 0x11AD, 0x1107, 0x1172, 0x11AE,
    0x1107, 0x1172, 0x11AF, 0x1107, 0x1172, 0x11B0, 0x1107, 0x1172, 0x11B1, 0x1107, 0x1172, 0x11B2,
    0x1107, 0x1172, 0x11B3, 0x1107, 0x1172, 0x11B4, 0x1107, 0x1172, 0x11B5, 0x1107, 0x1172, 0x11B6,
    0x1107, 0x1172, 0x11B7, 0x1107, 0x1172, 0x11B8, 0x1107, 0x1172, 0x11B9, 0x1107, 0x1172, 0x11BA,
    0x1107, 0x1172, 0x11BB, 0x1107, 0x1172, 0x11BC, 0x1107, 0x1172, 0x11BD, 0x1107, 0x1172, 0x11BE,
    0x1107, 0x1172, 0x11BF, 0x1107, 0x1172, 0x11C0, 0x1107, 0x1172, 0x11C1, 0x1107, 0x1172, 0x11C2,
    0x1107, 0x1173, 0x1107, 0x1173, 0x11A8, 0x1107, 0x1173, 0x11A9, 0x1107, 0x1173, 0x11AA, 0x1107,
    0x1173, 0x11AB, 0x1107, 0x1173, 0x11AC, 0x1107, 0x1173, 0x11AD, 0x1107, 0x1173, 0x11AE, 0x1107,
    0x1173, 0x11AF, 0x1107, 0x1173, 0x11B0, 0x1107, 0x1173, 0x11B1, 0x1107, 0x1173, 0x11B2, 0x1107,
    0x1173, 0x11B3, 0x1107, 0x1173, 0x11B4, 0x1107, 0x1173, 0x11B5, 0x1107, 0x1173, 0x11B6, 0x1107,
    0x1173, 0x11B7, 0x1107, 0x1173, 0x11B8, 0x1107, 0x1173, 0x11B9, 0x1107, 0x1173, 0x11BA, 0x1107,
    0x1173, 0x11BB, 0x1107, 0x1173, 0x11BC, 0x1107, 0x1173, 0x11BD, 0x1107, 0x1173, 0x11BE, 0x1107,
    0x1173, 0x11BF, 0x1107, 0x1173, 0x11C0, 0x1107, 0x1173, 0x11C1, 0x1107, 0x1173, 0x11C2, 0x1107,
    0x1174, 0x1107, 0x1174, 0x11A8, 0x1107, 0x1174, 0x11A9, 0x1107, 0x1174, 0x11AA, 0x1107, 0x1174,
    0x11AB, 0x1107, 0x1174, 0x11AC, 0x1107, 0x1174, 0x11AD, 0x1107, 0x1174, 0x11AE, 0x1107, 0x1174,
    0x11AF, 0x1107, 0x1174, 0x11B0, 0x1107, 0x1174, 0x11B1, 0x1107, 0x1174, 0x11B2, 0x1107, 0x1174,
    0x11B3, 0x1107, 0x1174, 0x11B4, 0x1107, 0x1174, 0x11B5, 0x1107, 0x1174, 0x11B6, 0x1107, 0x1174,
    0x11B7, 0x1107, 0x1174, 0x11B8, 0x1107, 0x1174, 0x11B9, 0x1107, 0x1174, 0x11BA, 0x1107, 0x1174,
    0x11BB, 0x1107, 0x1174, 0x11BC, 0x1107, 0x1174, 0x11BD, 0x1107, 0x1174, 0x11BE, 0x1107, 0x1174,
    0x11BF, 0x1107, 0x1174, 0x11C0, 0x1107, 0x1174, 0x11C1, 0x1107, 0x1174, 0x11C2, 0x1107, 0x1175,
    0x1107, 0x1175, 0x11A8, 0x1107, 0x1175, 0x11A9, 0x1107, 0x1175, 0x11AA, 0x1107, 0x1175, 0x11AB,
    0x1107, 0x1175, 0x11AC, 0x1107, 0x1175, 0x11AD, 0x1107, 0x1175, 0x11AE, 0x1107, 0x1175, 0x11AF,
    0x1107, 0x1175, 0x11B0, 0x1107, 0x1175, 0x11B1, 0x1107, 0x1175, 0x11B2, 0x1107, 0x1175, 0x11B3,
    0x1107, 0x1175, 0x11B4, 0x1107, 0x1175, 0x11B5, 0x1107, 0x1175, 0x11B6, 0x1107, 0x1175, 0x11B7,
    0x1107, 0x1175, 0x11B8, 0x1107, 0x1175, 0x11B9, 0x1107, 0x1175, 0x11BA, 0x1107, 0x1175, 0x11BB,
    0x1107, 0x1175, 0x11BC, 0x1107, 0x1175, 0x11BD, 0x1107, 0x1175, 0x11BE, 0x1107, 0x1175, 0x11BF,
    0x1107, 0x1175, 0x11C0, 0x1107, 0x1175, 0x11C1, 0x1107, 0x1175, 0x11C2, 0x1108, 0x1161, 0x1108,
    0x1161, 0x11A8, 0x1108, 0x1161, 0x11A9, 0x1108, 0x1161, 0x11AA, 0x1108, 0x1161, 0x11AB, 0x1108,
    0x1161, 0x11AC, 0x1108, 0x1161, 0x11AD, 0x1108, 0x1161, 0x11AE, 0x1108, 0x1161, 0x11AF, 0x1108,
    0x1161, 0x11B0, 0x1108, 0x1161, 0x11B1, 0x1108, 0x1161, 0x11B2, 0x1108, 0x1161, 0x11B3, 0x1108,
    0x1161, 0x11B4, 0x1108, 0x1161, 0x11B5, 0x1108, 0x1161, 0x11B6, 0x1108, 0x1161, 0x11B7, 0x1108,
    0x1161, 0x11B8, 0x1108, 0x1161, 0x11B9, 0x1108, 0x1161, 0x11BA, 0x1108, 0x1161, 0x11BB, 0x1108,
    0x1161, 0x11BC, 0x1108, 0x1161, 0x11BD, 0x1108, 0x1161, 0x11BE, 0x1108, 0x1161, 0x11BF, 0x1108,
    0x1161, 0x11C0, 0x1108, 0x1161, 0x11C1, 0x1108, 0x1161, 0x11C2, 0x1108, 0x1162, 0x1108, 0x1162,
    0x11A8, 0x1108, 0x1162, 0x11A9, 0x1108, 0x1162, 0x11AA, 0x1108, 0x1162, 0x11AB, 0x1108, 0x1162,
    0x11AC, 0x1108, 0x1162, 0x11AD, 0x1108, 0x1162, 0x11AE, 0x1108, 0x1162, 0x11AF, 0x1108, 0x1162,
    0x11B0, 0x1108, 0x1162, 0x11B1, 0x1108, 0x1162, 0x11B2, 0x1108, 0x1162, 0x11B3, 0x1108, 0x1162,
    0x11B4, 0x1108, 0x1162, 0x11B5, 0x1108, 0x1162, 0x11B6, 0x1108, 0x1162, 0x11B7, 0x1108, 0x1162,
    0x11B8, 0x1108, 0x1162, 0x11B9, 0x1108, 0x1162, 0x11BA, 0x1108, 0x1162, 0x11BB, 0x1108, 0x1162,
    0x11BC, 0x1108, 0x1162, 0x11BD, 0x1108, 0x1162, 0x11BE, 0x1108, 0x1162, 0x11BF, 0x1108, 0x1162,
    0x11C0, 0x1108, 0x1162, 0x11C1, 0x1108, 0x1162, 0x11C2, 0x1108, 0x1163, 0x1108, 0x1163, 0x11A8,
    0x1108, 0x1163, 0x11A9, 0x1108, 0x1163, 0x11AA, 0x1108, 0x1163, 0x11AB, 0x1108, 0x1163, 0x11AC,
    0x1108, 0x1163, 0x11AD, 0x1108, 0x1163, 0x11AE, 0x1108, 0x1163, 0x11AF, 0x1108, 0x1163, 0x11B0,
    0x1108, 0x1163, 0x11B1, 0x1108, 0x1163, 0x11B2, 0x1108, 0x1163, 0x11B3, 0x1108, 0x1163, 0x11B4,
    0x1108, 0x1163, 0x11B5, 0x1108, 0x1163, 0x11B6, 0x1108, 0x1163, 0x11B7, 0x1108, 0x1163, 0x11B8,
    0x1108, 0x1163, 0x11B9, 0x1108, 0x1163, 0x11BA, 0x1108, 0x1163, 0x11BB, 0x1108, 0x1163, 0x11BC,
    0x1108, 0x1163, 0x11BD, 0x1108, 0x1163, 0x11BE, 0x1108, 0x1163, 0x11BF, 0x1108, 0x1163, 0x11C0,
    0x1108, 0x1163, 0x11C1, 0x1108, 0x1163, 0x11C2, 0x1108, 0x1164, 0x1108, 0x1164, 0x11A8, 0x1108,
    0x1164, 0x11A9, 0x1108, 0x1164, 0x11AA, 0x1108, 0x1164, 0x11AB, 0x1108, 0x1164, 0x11AC, 0x1108,
    0x1164, 0x11AD, 0x1108, 0x1164, 0x11AE, 0x1108, 0x1164, 0x11AF, 0x1108, 0x1164, 0x11B0, 0x1108,
    0x1164, 0x11B1, 0x1108, 0x1164, 0x11B2, 0x1108, 0x1164, 0x11B3, 0x1108, 0x1164, 0x11B4, 0x1108,
    0x1164, 0x11B5, 0x1108, 0x1164, 0x11B6, 0x1108, 0x1164, 0x11B7, 0x1108, 0x1164, 0x11B8, 0x1108,
    0x1164, 0x11B9, 0x1108, 0x1164, 0x11BA, 0x1108, 0x1164, 0x11BB, 0x1108, 0x1164, 0x11BC, 0x1108,
    0x1164, 0x11BD, 0x1108, 0x1164, 0x11BE, 0x1108, 0x1164, 0x11BF, 0x1108, 0x1164, 0x11C0, 0x1108,
    0x1164, 0x11C1, 0x1108, 0x1164, 0x11C2, 0x1108, 0x1165, 0x1108, 0x1165, 0x11A8, 0x1108, 0x1165,
    0x11A9, 0x1108, 0x1165, 0x11AA, 0x1108, 0x1165, 0x11AB, 0x1108, 0x1165, 0x11AC, 0x1108, 0x1165,
    0x11AD, 0x1108, 0x1165, 0x11AE, 0x1108, 0x1165, 0x11AF, 0x1108, 0x1165, 0x11B0, 0x1108, 0x1165,
    0x11B1, 0x1108, 0x1165, 0x11B2, 0x1108, 0x1165, 0x11B3, 0x1108, 0x1165, 0x11B4, 0x1108, 0x1165,
    0x11B5, 0x1108, 0x1165, 0x11B6, 0x1108, 0x1165, 0x11B7, 0x1108, 0x1165, 0x11B8, 0x1108, 0x1165,
    0x11B9, 0x1108, 0x1165, 0x11BA, 0x1108, 0x1165, 0x11BB, 0x1108, 0x1165, 0x11BC, 0x1108, 0x1165,
    0x11BD, 0x1108, 0x1165, 0x11BE, 0x1108, 0x1165, 0x11BF, 0x1108, 0x1165, 0x11C0, 0x1108, 0x1165,
    0x11C1, 0x1108, 0x1165, 0x11C2, 0x1108, 0x1166, 0x1108, 0x1166, 0x11A8, 0x1108, 0x1166, 0x11A9,
    0x1108, 0x1166, 0x11AA, 0x1108, 0x1166, 0x11AB, 0x1108, 0x1166, 0x11AC, 0x1108, 0x1166, 0x11AD,
    0x1108, 0x1166, 0x11AE, 0x1108, 0x1166, 0x11AF, 0x1108, 0x1166, 0x11B0, 0x1108, 0x1166, 0x11B1,
    0x1108, 0x1166, 0x11B2, 0x1108, 0x1166, 0x11B3, 0x1108, 0x1166, 0x11B4, 0x1108, 0x1166, 0x11B5,
    0x1108, 0x1166, 0x11B6, 0x1108, 0x1166, 0x11B7, 0x1108, 0x1166, 0x11B8, 0x1108, 0x1166, 0x11B9,
    0x1108, 0x1166, 0x11BA, 0x1108, 0x1166, 0x11BB, 0x1108, 0x1166, 0x11BC, 0x1108, 0x1166, 0x11BD,
    0x1108, 0x1166, 0x11BE, 0x1108, 0x1166, 0x11BF, 0x1108, 0x1166, 0x11C0, 0x1108, 0x1166, 0x11C1,
    0x1108, 0x1166, 0x11C2, 0x1108, 0x1167, 0x1108, 0x1167, 0x11A8, 0x1108, 0x1167, 0x11A9, 0x1108,
    0x1167, 0x11AA, 0x1108, 0x1167, 0x11AB, 0x1108, 0x1167, 0x11AC, 0x1108, 0x1167, 0x11AD, 0x1108,
    0x1167, 0x11AE, 0x1108, 0x1167, 0x11AF, 0x1108, 0x1167, 0x11B0, 0x1108, 0x1167, 0x11B1, 0x1108,
    0x1167, 0x11B2, 0x1108, 0x1167, 0x11B3, 0x1108, 0x1167, 0x11B4, 0x1108, 0x1167, 0x11B5, 0x1108,
    0x1167, 0x11B6, 0x1108, 0x1167, 0x11B7, 0x1108, 0x1167, 0x11B8, 0x1108, 0x1167, 0x11B9, 0x1108,
    0x1167, 0x11BA, 0x1108, 0x1167, 0x11BB, 0x1108, 0x1167, 0x11BC, 0x1108, 0x1167, 0x11BD, 0x1108,
    0x1167, 0x11BE, 0x1108, 0x1167, 0x11BF, 0x1108, 0x1167, 0x11C0, 0x1108, 0x1167, 0x11C1, 0x1108,
    0x1167, 0x11C2, 0x1108, 0x1168, 0x1108, 0x1168, 0x11A8, 0x1108, 0x1168, 0x11A9, 0x1108, 0x1168,
    0x11AA, 0x1108, 0x1168, 0x11AB, 0x1108, 0x1168, 0x11AC, 0x1108, 0x1168, 0x11AD, 0x1108, 0x1168,
    0x11AE, 0x1108, 0x1168, 0x11AF, 0x1108, 0x1168, 0x11B0, 0x1108, 0x1168, 0x11B1, 0x1108, 0x1168,
    0x11B2, 0x1108, 0x1168, 0x11B3, 0x1108, 0x1168, 0x11B4, 0x1108, 0x1168, 0x11B5, 0x1108, 0x1168,
    0x11B6, 0x1108, 0x1168, 0x11B7, 0x1108, 0x1168, 0x11B8, 0x1108, 0x1168, 0x11B9, 0x1108, 0x1168,
    0x11BA, 0x1108, 0x1168, 0x11BB, 0x1108, 0x1168, 0x11BC, 0x1108, 0x1168, 0x11BD, 0x1108, 0x1168,
    0x11BE, 0x1108, 0x1168, 0x11BF, 0x1108, 0x1168, 0x11C0, 0x1108, 0x1168, 0x11C1, 0x1108, 0x1168,
    0x11C2, 0x1108, 0x1169, 0x1108, 0x1169, 0x11A8, 0x1108, 0x1169, 0x11A9, 0x1108, 0x1169, 0x11AA,
    0x1108, 0x1169, 0x11AB, 0x1108, 0x1169, 0x11AC, 0x1108, 0x1169, 0x11AD, 0x1108, 0x1169, 0x11AE,
    0x1108, 0x1169, 0x11AF, 0x1108, 0x1169, 0x11B0, 0x1108, 0x1169, 0x11B1, 0x1108, 0x1169, 0x11B2,
    0x1108, 0x1169, 0x11B3, 0x1108, 0x1169, 0x11B4, 0x1108, 0x1169, 0x11B5, 0x1108, 0x1169, 0x11B6,
    0x1108, 0x1169, 0x11B7, 0x1108, 0x1169, 0x11B8, 0x1108, 0x1169, 0x11B9, 0x1108, 0x1169, 0x11BA,
    0x1108, 0x1169, 0x11BB, 0x1108, 0x1169, 0x11BC, 0x1108, 0x1169, 0x11BD, 0x1108, 0x1169, 0x11BE,
    0x1108, 0x1169, 0x11BF, 0x1108, 0x1169, 0x11C0, 0x1108, 0x1169, 0x11C1, 0x1108, 0x1169, 0x11C2,
    0x1108, 0x116A, 0x1108, 0x116A, 0x11A8, 0x1108, 0x116A, 0x11A9, 0x1108, 0x116A, 0x11AA, 0x1108,
    0x116A, 0x11AB, 0x1108, 0x116A, 0x11AC, 0x1108, 0x116A, 0x11AD, 0x1108, 0x116A, 0x11AE, 0x1108,
    0x116A, 0x11AF, 0x1108, 0x116A, 0x11B0, 0x1108, 0x116A, 0x11B1, 0x1108, 0x116A, 0x11B2, 0x1108,
    0x116A, 0x11B3, 0x1108, 0x116A, 0x11B4, 0x1108, 0x116A, 0x11B5, 0x1108, 0x116A, 0x11B6, 0x1108,
    0x116A, 0x11B7, 0x1108, 0x116A, 0x11B8, 0x1108, 0x116A, 0x11B9, 0x1108, 0x116A, 0x11BA, 0x1108,
    0x116A, 0x11BB, 0x1108, 0x116A, 0x11BC, 0x1108, 0x116A, 0x11BD, 0x1108, 0x116A, 0x11BE, 0x1108,
    0x116A, 0x11BF, 0x1108, 0x116A, 0x11C0, 0x1108, 0x116A, 0x11C1, 0x1108, 0x116A, 0x11C2, 0x1108,
    0x116B, 0x1108, 0x116B, 0x11A8, 0x1108, 0x116B, 0x11A9, 0x1108, 0x116B, 0x11AA, 0x1108, 0x116B,
    0x11AB, 0x1108, 0x116B, 0x11AC, 0x1108, 0x116B, 0x11AD, 0x1108, 0x116B, 0x11AE, 0x1108, 0x116B,
    0x11AF, 0x1108, 0x116B, 0x11B0, 0x1108, 0x116B, 0x11B1, 0x1108, 0x116B, 0x11B2, 0x1108, 0x116B,
    0x11B3, 0x1108, 0x116B, 0x11B4, 0x1108, 0x116B, 0x11B5, 0x1108, 0x116B, 0x11B6, 0x1108, 0x116B,
    0x11B7, 0x1108, 0x116B, 0x11B8, 0x1108, 0x116B, 0x11B9, 0x1108, 0x116B, 0x11BA, 0x1108, 0x116B,
    0x11BB, 0x1108, 0x116B, 0x11BC, 0x1108, 0x116B, 0x11BD, 0x1108, 0x116B, 0x11BE, 0x1108, 0x116B,
    0x11BF, 0x1108, 0x116B, 0x11C0, 0x1108, 0x116B, 0x11C1, 0x1108, 0x116B, 0x11C2, 0x1108, 0x116C,
    0x1108, 0x116C, 0x11A8, 0x1108, 0x116C, 0x11A9, 0x1108, 0x116C, 0x11AA, 0x1108, 0x116C, 0x11AB,
    0x1108, 0x116C, 0x11AC, 0x1108, 0x116C, 0x11AD, 0x1108, 0x116C, 0x11AE, 0x1108, 0x116C, 0x11AF,
    0x1108, 0x116C, 0x11B0, 0x1108, 0x116C, 0x11B1, 0x1108, 0x116C, 0x11B2, 0x1108, 0x116C, 0x11B3,
    0x1108, 0x116C, 0x11B4, 0x1108, 0x116C, 0x11B5, 0x1108, 0x116C, 0x11B6, 0x1108, 0x116C, 0x11B7,
    0x1108, 0x116C, 0x11B8, 0x1108, 0x116C, 0x11B9, 0x1108, 0x116C, 0x11BA, 0x1108, 0x116C, 0x11BB,
    0x1108, 0x116C, 0x11BC, 0x1108, 0x116C, 0x11BD, 0x1108, 0x116C, 0x11BE, 0x1108, 0x116C, 0x11BF,
    0x1108, 0x116C, 0x11C0, 0x1108, 0x116C, 0x11C1, 0x1108, 0x116C, 0x11C2, 0x1108, 0x116D, 0x1108,
    0x116D, 0x11A8, 0x1108, 0x116D, 0x11A9, 0x1108, 0x116D, 0x11AA, 0x1108, 0x116D, 0x11AB, 0x1108,
    0x116D, 0x11AC, 0x1108, 0x116D, 0x11AD, 0x1108, 0x116D, 0x11AE, 0x1108, 0x116D, 0x11AF, 0x1108,
    0x116D, 0x11B0, 0x1108, 0x116D, 0x11B1, 0x1108, 0x116D, 0x11B2, 0x1108, 0x116D, 0x11B3, 0x1108,
    0x116D, 0x11B4, 0x1108, 0x116D, 0x11B5, 0x1108, 0x116D, 0x11B6, 0x1108, 0x116D, 0x11B7, 0x1108,
    0x116D, 0x11B8, 0x1108, 0x116D, 0x11B9, 0x1108, 0x116D, 0x11BA, 0x1108, 0x116D, 0x11BB, 0x1108,
    0x116D, 0x11BC, 0x1108, 0x116D, 0x11BD, 0x1108, 0x116D, 0x11BE, 0x1108, 0x116D, 0x11BF, 0x1108,
    0x116D, 0x11C0, 0x1108, 0x116D, 0x11C1, 0x1108, 0x116D, 0x11C2, 0x1108, 0x116E, 0x1108, 0x116E,
    0x11A8, 0x1108, 0x116E, 0x11A9, 0x1108, 0x116E, 0x11AA, 0x1108, 0x116E, 0x11AB, 0x1108, 0x116E,
    0x11AC, 0x1108, 0x116E, 0x11AD, 0x1108, 0x116E, 0x11AE, 0x1108, 0x116E, 0x11AF, 0x1108, 0x116E,
    0x11B0, 0x1108, 0x116E, 0x11B1, 0x1108, 0x116E, 0x11B2, 0x1108, 0x116E, 0x11B3, 0x1108, 0x116E,
    0x11B4, 0x1108, 0x116E, 0x11B5, 0x1108, 0x116E, 0x11B6, 0x1108, 0x116E, 0x11B7, 0x1108, 0x116E,
    0x11B8, 0x1108, 0x116E, 0x11B9, 0x1108, 0x116E, 0x11BA, 0x1108, 0x116E, 0x11BB, 0x1108, 0x116E,
    0x11BC, 0x1108, 0x116E, 0x11BD, 0x1108, 0x116E, 0x11BE, 0x1108, 0x116E, 0x11BF, 0x1108, 0x116E,
    0x11C0, 0x1108, 0x116E, 0x11C1, 0x1108, 0x116E, 0x11C2, 0x1108, 0x116F, 0x1108, 0x116F, 0x11A8,
    0x1108, 0x116F, 0x11A9, 0x1108, 0x116F, 0x11AA, 0x1108, 0x116F, 0x11AB, 0x1108, 0x116F, 0x11AC,
    0x1108, 0x116F, 0x11AD, 0x1108, 0x116F, 0x11AE, 0x1108, 0x116F, 0x11AF, 0x1108, 0x116F, 0x11B0,
    0x1108, 0x116F, 0x11B1, 0x1108, 0x116F, 0x11B2, 0x1108, 0x116F, 0x11B3, 0x1108, 0x116F, 0x11B4,
    0x1108, 0x116F, 0x11B5, 0x1108, 0x116F, 0x11B6, 0x1108, 0x116F, 0x11B7, 0x1108, 0x116F, 0x11B8,
    0x1108, 0x116F, 0x11B9, 0x1108, 0x116F, 0x11BA, 0x1108, 0x116F, 0x11BB, 0x1108, 0x116F, 0x11BC,
    0x1108, 0x116F, 0x11BD, 0x1108, 0x116F, 0x11BE, 0x1108, 0x116F, 0x11BF, 0x1108, 0x116F, 0x11C0,
    0x1108, 0x116F, 0x11C1, 0x1108, 0x116F, 0x11C2, 0x1108, 0x1170, 0x1108, 0x1170, 0x11A8, 0x1108,
    0x1170, 0x11A9, 0x1108, 0x1170, 0x11AA, 0x1108, 0x1170, 0x11AB, 0x1108, 0x1170, 0x11AC, 0x1108,
    0x1170, 0x11AD, 0x1108, 0x1170, 0x11AE, 0x1108, 0x1170, 0x11AF, 0x1108, 0x1170, 0x11B0, 0x1108,
    0x1170, 0x11B1, 0x1108, 0x1170, 0x11B2, 0x1108, 0x1170, 0x11B3, 0x1108, 0x1170, 0x11B4, 0x1108,
    0x1170, 0x11B5, 0x1108, 0x1170, 0x11B6, 0x1108, 0x1170, 0x11B7, 0x1108, 0x1170, 0x11B8, 0x1108,
    0x1170, 0x11B9, 0x1108, 0x1170, 0x11BA, 0x1108, 0x1170, 0x11BB, 0x1108, 0x1170, 0x11BC, 0x1108,
    0x1170, 0x11BD, 0x1108, 0x1170, 0x11BE, 0x1108, 0x1170, 0x11BF, 0x1108, 0x1170, 0x11C0, 0x1108,
    0x1170, 0x11C1, 0x1108, 0x1170, 0x11C2, 0x1108, 0x1171, 0x1108, 0x1171, 0x11A8, 0x1108, 0x1171,
    0x11A9, 0x1108, 0x1171, 0x11AA, 0x1108, 0x1171, 0x11AB, 0x1108, 0x1171, 0x11AC, 0x1108, 0x1171,
    0x11AD, 0x1108, 0x1171, 0x11AE, 0x1108, 0x1171, 0x11AF, 0x1108, 0x1171, 0x11B0, 0x1108, 0x1171,
    0x11B1, 0x1108, 0x1171, 0x11B2, 0x1108, 0x1171, 0x11B3, 0x1108, 0x1171, 0x11B4, 0x1108, 0x1171,
    0x11B5, 0x1108, 0x1171, 0x11B6, 0x1108, 0x1171, 0x11B7, 0x1108, 0x1171, 0x11B8, 0x1108, 0x1171,
    0x11B9, 0x1108, 0x1171, 0x11BA, 0x1108, 0x1171, 0x11BB, 0x1108, 0x1171, 0x11BC, 0x1108, 0x1171,
    0x11BD, 0x1108, 0x1171, 0x11BE, 0x1108, 0x1171, 0x11BF, 0x1108, 0x1171, 0x11C0, 0x1108, 0x1171,
    0x11C1, 0x1108, 0x1171, 0x11C2, 0x1108, 0x1172, 0x1108, 0x1172, 0x11A8, 0x1108, 0x1172, 0x11A9,
    0x1108, 0x1172, 0x11AA, 0x1108, 0x1172, 0x11AB, 0x1108, 0x1172, 0x11AC, 0x1108, 0x1172, 0x11AD,
    0x1108, 0x1172, 0x11AE, 0x1108, 0x1172, 0x11AF, 0x1108, 0x1172, 0x11B0, 0x1108, 0x1172, 0x11B1,
    0x1108, 0x1172, 0x11B2, 0x1108, 0x1172, 0x11B3, 0x1108, 0x1172, 0x11B4, 0x1108, 0x1172, 0x11B5,
    0x1108, 0x1172, 0x11B6, 0x1108, 0x1172, 0x11B7, 0x1108, 0x1172, 0x11B8, 0x1108, 0x1172, 0x11B9,
    0x1108, 0x1172, 0x11BA, 0x1108, 0x1172, 0x11BB, 0x1108, 0x1172, 0x11BC, 0x1108, 0x1172, 0x11BD,
    0x1108, 0x1172, 0x11BE, 0x1108, 0x1172, 0x11BF, 0x1108, 0x1172, 0x11C0, 0x1108, 0x1172, 0x11C1,
    0x1108, 0x1172, 0x11C2, 0x1108, 0x1173, 0x1108, 0x1173, 0x11A8, 0x1108, 0x1173, 0x11A9, 0x1108,
    0x1173, 0x11AA, 0x1108, 0x1173, 0x11AB, 0x1108, 0x1173, 0x11AC, 0x1108, 0x1173, 0x11AD, 0x1108,
    0x1173, 0x11AE, 0x1108, 0x1173, 0x11AF, 0x1108, 0x1173, 0x11B0, 0x1108, 0x1173, 0x11B1, 0x1108,
    0x1173, 0x11B2, 0x1108, 0x1173, 0x11B3, 0x1108, 0x1173, 0x11B4, 0x1108, 0x1173, 0x11B5, 0x1108,
    0x1173, 0x11B6, 0x1108, 0x1173, 0x11B7, 0x1108, 0x1173, 0x11B8, 0x1108, 0x1173, 0x11B9, 0x1108,
    0x1173, 0x11BA, 0x1108, 0x1173, 0x11BB, 0x1108, 0x1173, 0x11BC, 0x1108, 0x1173, 0x11BD, 0x1108,
    0x1173, 0x11BE, 0x1108, 0x1173, 0x11BF, 0x1108, 0x1173, 0x11C0, 0x1108, 0x1173, 0x11C1, 0x1108,
    0x1173, 0x11C2, 0x1108, 0x1174, 0x1108, 0x1174, 0x11A8, 0x1108, 0x1174, 0x11A9, 0x1108, 0x1174,
    0x11AA, 0x1108, 0x1174, 0x11AB, 0x1108, 0x1174, 0x11AC, 0x1108, 0x1174, 0x11AD, 0x1108, 0x1174,
    0x11AE, 0x1108, 0x1174, 0x11AF, 0x1108, 0x1174, 0x11B0, 0x1108, 0x1174, 0x11B1, 0x1108, 0x1174,
    0x11B2, 0x1108, 0x1174, 0x11B3, 0x1108, 0x1174, 0x11B4, 0x1108, 0x1174, 0x11B5, 0x1108, 0x1174,
    0x11B6, 0x1108, 0x1174, 0x11B7, 0x1108, 0x1174, 0x11B8, 0x1108, 0x1174, 0x11B9, 0x1108, 0x1174,
    0x11BA, 0x1108, 0x1174, 0x11BB, 0x1108, 0x1174, 0x11BC, 0x1108, 0x1174, 0x11BD, 0x1108, 0x1174,
    0x11BE, 0x1108, 0x1174, 0x11BF, 0x1108, 0x1174, 0x11C0, 0x1108, 0x1174, 0x11C1, 0x1108, 0x1174,
    0x11C2, 0x1108, 0x1175, 0x1108, 0x1175, 0x11A8, 0x1108, 0x1175, 0x11A9, 0x1108, 0x1175, 0x11AA,
    0x1108, 0x1175, 0x11AB, 0x1108, 0x1175, 0x11AC, 0x1108, 0x1175, 0x11AD, 0x1108, 0x1175, 0x11AE,
    0x1108, 0x1175, 0x11AF, 0x1108, 0x1175, 0x11B0, 0x1108, 0x1175, 0x11B1, 0x1108, 0x1175, 0x11B2,
    0x1108, 0x1175, 0x11B3, 0x1108, 0x1175, 0x11B4, 0x1108, 0x1175, 0x11B5, 0x1108, 0x1175, 0x11B6,
    0x1108, 0x1175, 0x11B7, 0x1108, 0x1175, 0x11B8, 0x1108, 0x1175, 0x11B9, 0x1108, 0x1175, 0x11BA,
    0x1108, 0x1175, 0x11BB, 0x1108, 0x1175, 0x11BC, 0x1108, 0x1175, 0x11BD, 0x1108, 0x1175, 0x11BE,
    0x1108, 0x1175, 0x11BF, 0x1108, 0x1175, 0x11C0, 0x1108, 0x1175, 0x11C1, 0x1108, 0x1175, 0x11C2,
    0x1109, 0x1161, 0x1109, 0x1161, 0x11A8, 0x1109, 0x1161, 0x11A9, 0x1109, 0x1161, 0x11AA, 0x1109,
    0x1161, 0x11AB, 0x1109, 0x1161, 0x11AC, 0x1109, 0x1161, 0x11AD, 0x1109, 0x1161, 0x11AE, 0x1109,
    0x1161, 0x11AF, 0x1109, 0x1161, 0x11B0, 0x1109, 0x1161, 0x11B1, 0x1109, 0x1161, 0x11B2, 0x1109,
    0x1161, 0x11B3, 0x1109, 0x1161, 0x11B4, 0x1109, 0x1161, 0x11B5, 0x1109, 0x1161, 0x11B6, 0x1109,
    0x1161, 0x11B7, 0x1109, 0x1161, 0x11B8, 0x1109, 0x1161, 0x11B9, 0x1109, 0x1161, 0x11BA, 0x1109,
    0x1161, 0x11BB, 0x1109, 0x1161, 0x11BC, 0x1109, 0x1161, 0x11BD, 0x1109, 0x1161, 0x11BE, 0x1109,
    0x1161, 0x11BF, 0x1109, 0x1161, 0x11C0, 0x1109, 0x1161, 0x11C1, 0x1109, 0x1161, 0x11C2, 0x1109,
    0x1162, 0x1109, 0x1162, 0x11A8, 0x1109, 0x1162, 0x11A9, 0x1109, 0x1162, 0x11AA, 0x1109, 0x1162,
    0x11AB, 0x1109, 0x1162, 0x11AC, 0x1109, 0x1162, 0x11AD, 0x1109, 0x1162, 0x11AE, 0x1109, 0x1162,
    0x11AF, 0x1109, 0x1162, 0x11B0, 0x1109, 0x1162, 0x11B1, 0x1109, 0x1162, 0x11B2, 0x1109, 0x1162,
    0x11B3, 0x1109, 0x1162, 0x11B4, 0x1109, 0x1162, 0x11B5, 0x1109, 0x1162, 0x11B6, 0x1109, 0x1162,
    0x11B7, 0x1109, 0x1162, 0x11B8, 0x1109, 0x1162, 0x11B9, 0x1109, 0x1162, 0x11BA, 0x1109, 0x1162,
    0x11BB, 0x1109, 0x1162, 0x11BC, 0x1109, 0x1162, 0x11BD, 0x1109, 0x1162, 0x11BE, 0x1109, 0x1162,
    0x11BF, 0x1109, 0x1162, 0x11C0, 0x1109, 0x1162, 0x11C1, 0x1109, 0x1162, 0x11C2, 0x1109, 0x1163,
    0x1109, 0x1163, 0x11A8, 0x1109, 0x1163, 0x11A9, 0x1109, 0x1163, 0x11AA, 0x1109, 0x1163, 0x11AB,
    0x1109, 0x1163, 0x11AC, 0x1109, 0x1163, 0x11AD, 0x1109, 0x1163, 0x11AE, 0x1109, 0x1163, 0x11AF,
    0x1109, 0x1163, 0x11B0, 0x1109, 0x1163, 0x11B1, 0x1109, 0x1163, 0x11B2, 0x1109, 0x1163, 0x11B3,
    0x1109, 0x1163, 0x11B4, 0x1109, 0x1163, 0x11B5, 0x1109, 0x1163, 0x11B6, 0x1109, 0x1163, 0x11B7,
    0x1109, 0x1163, 0x11B8, 0x1109, 0x1163, 0x11B9, 0x1109, 0x1163, 0x11BA, 0x1109, 0x1163, 0x11BB,
    0x1109, 0x1163, 0x11BC, 0x1109, 0x1163, 0x11BD, 0x1109, 0x1163, 0x11BE, 0x1109, 0x1163, 0x11BF,
    0x1109, 0x1163, 0x11C0, 0x1109, 0x1163, 0x11C1, 0x1109, 0x1163, 0x11C2, 0x1109, 0x1164, 0x1109,
    0x1164, 0x11A8, 0x1109, 0x1164, 0x11A9, 0x1109, 0x1164, 0x11AA, 0x1109, 0x1164, 0x11AB, 0x1109,
    0x1164, 0x11AC, 0x1109, 0x1164, 0x11AD, 0x1109, 0x1164, 0x11AE, 0x1109, 0x1164, 0x11AF, 0x1109,
    0x1164, 0x11B0, 0x1109, 0x1164, 0x11B1, 0x1109, 0x1164, 0x11B2, 0x1109, 0x1164, 0x11B3, 0x1109,
    0x1164, 0x11B4, 0x1109, 0x1164, 0x11B5, 0x1109, 0x1164, 0x11B6, 0x1109, 0x1164, 0x11B7, 0x1109,
    0x1164, 0x11B8, 0x1109, 0x1164, 0x11B9, 0x1109, 0x1164, 0x11BA, 0x1109, 0x1164, 0x11BB, 0x1109,
    0x1164, 0x11BC, 0x1109, 0x1164, 0x11BD, 0x1109, 0x1164, 0x11BE, 0x1109, 0x1164, 0x11BF, 0x1109,
    0x1164, 0x11C0, 0x1109, 0x1164, 0x11C1, 0x1109, 0x1164, 0x11C2, 0x1109, 0x1165, 0x1109, 0x1165,
    0x11A8, 0x1109, 0x1165, 0x11A9, 0x1109, 0x1165, 0x11AA, 0x1109, 0x1165, 0x11AB, 0x1109, 0x1165,
    0x11AC, 0x1109, 0x1165, 0x11AD, 0x1109, 0x1165, 0x11AE, 0x1109, 0x1165, 0x11AF, 0x1109, 0x1165,
    0x11B0, 0x1109, 0x1165, 0x11B1, 0x1109, 0x1165, 0x11B2, 0x1109, 0x1165, 0x11B3, 0x1109, 0x1165,
    0x11B4, 0x1109, 0x1165, 0x11B5, 0x1109, 0x1165, 0x11B6, 0x1109, 0x1165, 0x11B7, 0x1109, 0x1165,
    0x11B8, 0x1109, 0x1165, 0x11B9, 0x1109, 0x1165, 0x11BA, 0x1109, 0x1165, 0x11BB, 0x1109, 0x1165,
    0x11BC, 0x1109, 0x1165, 0x11BD, 0x1109, 0x1165, 0x11BE, 0x1109, 0x1165, 0x11BF, 0x1109, 0x1165,
    0x11C0, 0x1109, 0x1165, 0x11C1, 0x1109, 0x1165, 0x11C2, 0x1109, 0x1166, 0x1109, 0x1166, 0x11A8,
    0x1109, 0x1166, 0x11A9, 0x1109, 0x1166, 0x11AA, 0x1109, 0x1166, 0x11AB, 0x1109, 0x1166, 0x11AC,
    0x1109, 0x1166, 0x11AD, 0x1109, 0x1166, 0x11AE, 0x1109, 0x1166, 0x11AF, 0x1109, 0x1166, 0x11B0,
    0x1109, 0x1166, 0x11B1, 0x1109, 0x1166, 0x11B2, 0x1109, 0x1166, 0x11B3, 0x1109, 0x1166, 0x11B4,
    0x1109, 0x1166, 0x11B5, 0x1109, 0x1166, 0x11B6, 0x1109, 0x1166, 0x11B7, 0x1109, 0x1166, 0x11B8,
    0x1109, 0x1166, 0x11B9, 0x1109, 0x1166, 0x11BA, 0x1109, 0x1166, 0x11BB, 0x1109, 0x1166, 0x11BC,
    0x1109, 0x1166, 0x11BD, 0x1109, 0x1166, 0x11BE, 0x1109, 0x1166, 0x11BF, 0x1109, 0x1166, 0x11C0,
    0x1109, 0x1166, 0x11C1, 0x1109, 0x1166, 0x11C2, 0x1109, 0x1167, 0x1109, 0x1167, 0x11A8, 0x1109,
    0x1167, 0x11A9, 0x1109, 0x1167, 0x11AA, 0x1109, 0x1167, 0x11AB, 0x1109, 0x1167, 0x11AC, 0x1109,
    0x1167, 0x11AD, 0x1109, 0x1167, 0x11AE, 0x1109, 0x1167, 0x11AF, 0x1109, 0x1167, 0x11B0, 0x1109,
    0x1167, 0x11B1, 0x1109, 0x1167, 0x11B2, 0x1109, 0x1167, 0x11B3, 0x1109, 0x1167, 0x11B4, 0x1109,
    0x1167, 0x11B5, 0x1109, 0x1167, 0x11B6, 0x1109, 0x1167, 0x11B7, 0x1109, 0x1167, 0x11B8, 0x1109,
    0x1167, 0x11B9, 0x1109, 0x1167, 0x11BA, 0x1109, 0x1167, 0x11BB, 0x1109, 0x1167, 0x11BC, 0x1109,
    0x1167, 0x11BD, 0x1109, 0x1167, 0x11BE, 0x1109, 0x1167, 0x11BF, 0x1109, 0x1167, 0x11C0, 0x1109,
    0x1167, 0x11C1, 0x1109, 0x1167, 0x11C2, 0x1109, 0x1168, 0x1109, 0x1168, 0x11A8, 0x1109, 0x1168,
    0x11A9, 0x1109, 0x1168, 0x11AA, 0x1109, 0x1168, 0x11AB, 0x1109, 0x1168, 0x11AC, 0x1109, 0x1168,
    0x11AD, 0x1109, 0x1168, 0x11AE, 0x1109, 0x1168, 0x11AF, 0x1109, 0x1168, 0x11B0, 0x1109, 0x1168,
    0x11B1, 0x1109, 0x1168, 0x11B2, 0x1109, 0x1168, 0x11B3, 0x1109, 0x1168, 0x11B4, 0x1109, 0x1168,
    0x11B5, 0x1109, 0x1168, 0x11B6, 0x1109, 0x1168, 0x11B7, 0x1109, 0x1168, 0x11B8, 0x1109, 0x1168,
    0x11B9, 0x1109, 0x1168, 0x11BA, 0x1109, 0x1168, 0x11BB, 0x1109, 0x1168, 0x11BC, 0x1109, 0x1168,
    0x11BD, 0x1109, 0x1168, 0x11BE, 0x1109, 0x1168, 0x11BF, 0x1109, 0x1168, 0x11C0, 0x1109, 0x1168,
    0x11C1, 0x1109, 0x1168, 0x11C2, 0x1109, 0x1169, 0x1109, 0x1169, 0x11A8, 0x1109, 0x1169, 0x11A9,
    0x1109, 0x1169, 0x11AA, 0x1109, 0x1169, 0x11AB, 0x1109, 0x1169, 0x11AC, 0x1109, 0x1169, 0x11AD,
    0x1109, 0x1169, 0x11AE, 0x1109, 0x1169, 0x11AF, 0x1109, 0x1169, 0x11B0, 0x1109, 0x1169, 0x11B1,
    0x1109, 0x1169, 0x11B2, 0x1109, 0x1169, 0x11B3, 0x1109, 0x1169, 0x11B4, 0x1109, 0x1169, 0x11B5,
    0x1109, 0x1169, 0x11B6, 0x1109, 0x1169, 0x11B7, 0x1109, 0x1169, 0x11B8, 0x1109, 0x1169, 0x11B9,
    0x1109, 0x1169, 0x11BA, 0x1109, 0x1169, 0x11BB, 0x1109, 0x1169, 0x11BC, 0x1109, 0x1169, 0x11BD,
    0x1109, 0x1169, 0x11BE, 0x1109, 0x1169, 0x11BF, 0x1109, 0x1169, 0x11C0, 0x1109, 0x1169, 0x11C1,
    0x1109, 0x1169, 0x11C2, 0x1109, 0x116A, 0x1109, 0x116A, 0x11A8, 0x1109, 0x116A, 0x11A9, 0x1109,
    0x116A, 0x11AA, 0x1109, 0x116A, 0x11AB, 0x1109, 0x116A, 0x11AC, 0x1109, 0x116A, 0x11AD, 0x1109,
    0x116A, 0x11AE, 0x1109, 0x116A, 0x11AF, 0x1109, 0x116A, 0x11B0, 0x1109, 0x116A, 0x11B1, 0x1109,
    0x116A, 0x11B2, 0x1109, 0x116A, 0x11B3, 0x1109, 0x116A, 0x11B4, 0x1109, 0x116A, 0x11B5, 0x1109,
    0x116A, 0x11B6, 0x1109, 0x116A, 0x11B7, 0x1109, 0x116A, 0x11B8, 0x1109, 0x116A, 0x11B9, 0x1109,
    0x116A, 0x11BA, 0x1109, 0x116A, 0x11BB, 0x1109, 0x116A, 0x11BC, 0x1109, 0x116A, 0x11BD, 0x1109,
    0x116A, 0x11BE, 0x1109, 0x116A, 0x11BF, 0x1109, 0x116A, 0x11C0, 0x1109, 0x116A, 0x11C1, 0x1109,
    0x116A, 0x11C2, 0x1109, 0x116B, 0x1109, 0x116B, 0x11A8, 0x1109, 0x116B, 0x11A9, 0x1109, 0x116B,
    0x11AA, 0x1109, 0x116B, 0x11AB, 0x1109, 0x116B, 0x11AC, 0x1109, 0x116B, 0x11AD, 0x1109, 0x116B,
    0x11AE, 0x1109, 0x116B, 0x11AF, 0x1109, 0x116B, 0x11B0, 0x1109, 0x116B, 0x11B1, 0x1109, 0x116B,
    0x11B2, 0x1109, 0x116B, 0x11B3, 0x1109, 0x116B, 0x11B4, 0x1109, 0x116B, 0x11B5, 0x1109, 0x116B,
    0x11B6, 0x1109, 0x116B, 0x11B7, 0x1109, 0x116B, 0x11B8, 0x1109, 0x116B, 0x11B9, 0x1109, 0x116B,
    0x11BA, 0x1109, 0x116B, 0x11BB, 0x1109, 0x116B, 0x11BC, 0x1109, 0x116B, 0x11BD, 0x1109, 0x116B,
    0x11BE, 0x1109, 0x116B, 0x11BF, 0x1109, 0x116B, 0x11C0, 0x1109, 0x116B, 0x11C1, 0x1109, 0x116B,
    0x11C2, 0x1109, 0x116C, 0x1109, 0x116C, 0x11A8, 0x1109, 0x116C, 0x11A9, 0x1109, 0x116C, 0x11AA,
    0x1109, 0x116C, 0x11AB, 0x1109, 0x116C, 0x11AC, 0x1109, 0x116C, 0x11AD, 0x1109, 0x116C, 0x11AE,
    0x1109, 0x116C, 0x11AF, 0x1109, 0x116C, 0x11B0, 0x1109, 0x116C, 0x11B1, 0x1109, 0x116C, 0x11B2,
    0x1109, 0x116C, 0x11B3, 0x1109, 0x116C, 0x11B4, 0x1109, 0x116C, 0x11B5, 0x1109, 0x116C, 0x11B6,
    0x1109, 0x116C, 0x11B7, 0x1109, 0x116C, 0x11B8, 0x1109, 0x116C, 0x11B9, 0x1109, 0x116C, 0x11BA,
    0x1109, 0x116C, 0x11BB, 0x1109, 0x116C, 0x11BC, 0x1109, 0x116C, 0x11BD, 0x1109, 0x116C, 0x11BE,
    0x1109, 0x116C, 0x11BF, 0x1109, 0x116C, 0x11C0, 0x1109, 0x116C, 0x11C1, 0x1109, 0x116C, 0x11C2,
    0x1109, 0x116D, 0x1109, 0x116D, 0x11A8, 0x1109, 0x116D, 0x11A9, 0x1109, 0x116D, 0x11AA, 0x1109,
    0x116D, 0x11AB, 0x1109, 0x116D, 0x11AC, 0x1109, 0x116D, 0x11AD, 0x1109, 0x116D, 0x11AE, 0x1109,
    0x116D, 0x11AF, 0x1109, 0x116D, 0x11B0, 0x1109, 0x116D, 0x11B1, 0x1109, 0x116D, 0x11B2, 0x1109,
    0x116D, 0x11B3, 0x1109, 0x116D, 0x11B4, 0x1109, 0x116D, 0x11B5, 0x1109, 0x116D, 0x11B6, 0x1109,
    0x116D, 0x11B7, 0x1109, 0x116D, 0x11B8, 0x1109, 0x116D, 0x11B9, 0x1109, 0x116D, 0x11BA, 0x1109,
    0x116D, 0x11BB, 0x1109, 0x116D, 0x11BC, 0x1109, 0x116D, 0x11BD, 0x1109, 0x116D, 0x11BE, 0x1109,
    0x116D, 0x11BF, 0x1109, 0x116D, 0x11C0, 0x1109, 0x116D, 0x11C1, 0x1109, 0x116D, 0x11C2, 0x1109,
    0x116E, 0x1109, 0x116E, 0x11A8, 0x1109, 0x116E, 0x11A9, 0x1109, 0x116E, 0x11AA, 0x1109, 0x116E,
    0x11AB, 0x1109, 0x116E, 0x11AC, 0x1109, 0x116E, 0x11AD, 0x1109, 0x116E, 0x11AE, 0x1109, 0x116E,
    0x11AF, 0x1109, 0x116E, 0x11B0, 0x1109, 0x116E, 0x11B1, 0x1109, 0x116E, 0x11B2, 0x1109, 0x116E,
    0x11B3, 0x1109, 0x116E, 0x11B4, 0x1109, 0x116E, 0x11B5, 0x1109, 0x116E, 0x11B6, 0x1109, 0x116E,
    0x11B7, 0x1109, 0x116E, 0x11B8, 0x1109, 0x116E, 0x11B9, 0x1109, 0x116E, 0x11BA, 0x1109, 0x116E,
    0x11BB, 0x1109, 0x116E, 0x11BC, 0x1109, 0x116E, 0x11BD, 0x1109, 0x116E, 0x11BE, 0x1109, 0x116E,
    0x11BF, 0x1109, 0x116E, 0x11C0, 0x1109, 0x116E, 0x11C1, 0x1109, 0x116E, 0x11C2, 0x1109, 0x116F,
    0x1109, 0x116F, 0x11A8, 0x1109, 0x116F, 0x11A9, 0x1109, 0x116F, 0x11AA, 0x1109, 0x116F, 0x11AB,
    0x1109, 0x116F, 0x11AC, 0x1109, 0x116F, 0x11AD, 0x1109, 0x116F, 0x11AE, 0x1109, 0x116F, 0x11AF,
    0x1109, 0x116F, 0x11B0, 0x1109, 0x116F, 0x11B1, 0x1109, 0x116F, 0x11B2, 0x1109, 0x116F, 0x11B3,
    0x1109, 0x116F, 0x11B4, 0x1109, 0x116F, 0x11B5, 0x1109, 0x116F, 0x11B6, 0x1109, 0x116F, 0x11B7,
    0x1109, 0x116F, 0x11B8, 0x1109, 0x116F, 0x11B9, 0x1109, 0x116F, 0x11BA, 0x1109, 0x116F, 0x11BB,
    0x1109, 0x116F, 0x11BC, 0x1109, 0x116F, 0x11BD, 0x1109, 0x116F, 0x11BE, 0x1109, 0x116F, 0x11BF,
    0x1109, 0x116F, 0x11C0, 0x1109, 0x116F, 0x11C1, 0x1109, 0x116F, 0x11C2, 0x1109, 0x1170, 0x1109,
    0x1170, 0x11A8, 0x1109, 0x1170, 0x11A9, 0x1109, 0x1170, 0x11AA, 0x1109, 0x1170, 0x11AB, 0x1109,
    0x1170, 0x11AC, 0x1109, 0x1170, 0x11AD, 0x1109, 0x1170, 0x11AE, 0x1109, 0x1170, 0x11AF, 0x1109,
    0x1170, 0x11B0, 0x1109, 0x1170, 0x11B1, 0x1109, 0x1170, 0x11B2, 0x1109, 0x1170, 0x11B3, 0x1109,
    0x1170, 0x11B4, 0x1109, 0x1170, 0x11B5, 0x1109, 0x1170, 0x11B6, 0x1109, 0x1170, 0x11B7, 0x1109,
    0x1170, 0x11B8, 0x1109, 0x1170, 0x11B9, 0x1109, 0x1170, 0x11BA, 0x1109, 0x1170, 0x11BB, 0x1109,
    0x1170, 0x11BC, 0x1109, 0x1170, 0x11BD, 0x1109, 0x1170, 0x11BE, 0x1109, 0x1170, 0x11BF, 0x1109,
    0x1170, 0x11C0, 0x1109, 0x1170, 0x11C1, 0x1109, 0x1170, 0x11C2, 0x1109, 0x1171, 0x1109, 0x1171,
    0x11A8, 0x1109, 0x1171, 0x11A9, 0x1109, 0x1171, 0x11AA, 0x1109, 0x1171, 0x11AB, 0x1109, 0x1171,
    0x11AC, 0x1109, 0x1171, 0x11AD, 0x1109, 0x1171, 0x11AE, 0x1109, 0x1171, 0x11AF, 0x1109, 0x1171,
    0x11B0, 0x1109, 0x1171, 0x11B1, 0x1109, 0x1171, 0x11B2, 0x1109, 0x1171, 0x11B3, 0x1109, 0x1171,
    0x11B4, 0x1109, 0x1171, 0x11B5, 0x1109, 0x1171, 0x11B6, 0x1109, 0x1171, 0x11B7, 0x1109, 0x1171,
    0x11B8, 0x1109, 0x1171, 0x11B9, 0x1109, 0x1171, 0x11BA, 0x1109, 0x1171, 0x11BB, 0x1109, 0x1171,
    0x11BC, 0x1109, 0x1171, 0x11BD, 0x1109, 0x1171, 0x11BE, 0x1109, 0x1171, 0x11BF, 0x1109, 0x1171,
    0x11C0, 0x1109, 0x1171, 0x11C1, 0x1109, 0x1171, 0x11C2, 0x1109, 0x1172, 0x1109, 0x1172, 0x11A8,
    0x1109, 0x1172, 0x11A9, 0x1109, 0x1172, 0x11AA, 0x1109, 0x1172, 0x11AB, 0x1109, 0x1172, 0x11AC,
    0x1109, 0x1172, 0x11AD, 0x1109, 0x1172, 0x11AE, 0x1109, 0x1172, 0x11AF, 0x1109, 0x1172, 0x11B0,
    0x1109, 0x1172, 0x11B1, 0x1109, 0x1172, 0x11B2, 0x1109, 0x1172, 0x11B3, 0x1109, 0x1172, 0x11B4,
    0x1109, 0x1172, 0x11B5, 0x1109, 0x1172, 0x11B6, 0x1109, 0x1172, 0x11B7, 0x1109, 0x1172, 0x11B8,
    0x1109, 0x1172, 0x11B9, 0x1109, 0x1172, 0x11BA, 0x1109, 0x1172, 0x11BB, 0x1109, 0x1172, 0x11BC,
    0x1109, 0x1172, 0x11BD, 0x1109, 0x1172, 0x11BE, 0x1109, 0x1172, 0x11BF, 0x1109, 0x1172, 0x11C0,
    0x1109, 0x1172, 0x11C1, 0x1109, 0x1172, 0x11C2, 0x1109, 0x1173, 0x1109, 0x1173, 0x11A8, 0x1109,
    0x1173, 0x11A9, 0x1109, 0x1173, 0x11AA, 0x1109, 0x1173, 0x11AB, 0x1109, 0x1173, 0x11AC, 0x1109,
    0x1173, 0x11AD, 0x1109, 0x1173, 0x11AE, 0x1109, 0x1173, 0x11AF, 0x1109, 0x1173, 0x11B0, 0x1109,
    0x1173, 0x11B1, 0x1109, 0x1173, 0x11B2, 0x1109, 0x1173, 0x11B3, 0x1109, 0x1173, 0x11B4, 0x1109,
    0x1173, 0x11B5, 0x1109, 0x1173, 0x11B6, 0x1109, 0x1173, 0x11B7, 0x1109, 0x1173, 0x11B8, 0x1109,
    0x1173, 0x11B9, 0x1109, 0x1173, 0x11BA, 0x1109, 0x1173, 0x11BB, 0x1109, 0x1173, 0x11BC, 0x1109,
    0x1173, 0x11BD, 0x1109, 0x1173, 0x11BE, 0x1109, 0x1173, 0x11BF, 0x1109, 0x1173, 0x11C0, 0x1109,
    0x1173, 0x11C1, 0x1109, 0x1173, 0x11C2, 0x1109, 0x1174, 0x1109, 0x1174, 0x11A8, 0x1109, 0x1174,
    0x11A9, 0x1109, 0x1174, 0x11AA, 0x1109, 0x1174, 0x11AB, 0x1109, 0x1174, 0x11AC, 0x1109, 0x1174,
    0x11AD, 0x1109, 0x1174, 0x11AE, 0x1109, 0x1174, 0x11AF, 0x1109, 0x1174, 0x11B0, 0x1109, 0x1174,
    0x11B1, 0x1109, 0x1174, 0x11B2, 0x1109, 0x1174, 0x11B3, 0x1109, 0x1174, 0x11B4, 0x1109, 0x1174,
    0x11B5, 0x1109, 0x1174, 0x11B6, 0x1109, 0x1174, 0x11B7, 0x1109, 0x1174, 0x11B8, 0x1109, 0x1174,
    0x11B9, 0x1109, 0x1174, 0x11BA, 0x1109, 0x1174, 0x11BB, 0x1109, 0x1174, 0x11BC, 0x1109, 0x1174,
    0x11BD, 0x1109, 0x1174, 0x11BE, 0x1109, 0x1174, 0x11BF, 0x1109, 0x1174, 0x11C0, 0x1109, 0x1174,
    0x11C1, 0x1109, 0x1174, 0x11C2, 0x1109, 0x1175, 0x1109, 0x1175, 0x11A8, 0x1109, 0x1175, 0x11A9,
    0x1109, 0x1175, 0x11AA, 0x1109, 0x1175, 0x11AB, 0x1109, 0x1175, 0x11AC, 0x1109, 0x1175, 0x11AD,
    0x1109, 0x1175, 0x11AE, 0x1109, 0x1175, 0x11AF, 0x1109, 0x1175, 0x11B0, 0x1109, 0x1175, 0x11B1,
    0x1109, 0x1175, 0x11B2, 0x1109, 0x1175, 0x11B3, 0x1109, 0x1175, 0x11B4, 0x1109, 0x1175, 0x11B5,
    0x1109, 0x1175, 0x11B6, 0x1109, 0x1175, 0x11B7, 0x1109, 0x1175, 0x11B8, 0x1109, 0x1175, 0x11B9,
    0x1109, 0x1175, 0x11BA, 0x1109, 0x1175, 0x11BB, 0x1109, 0x1175, 0x11BC, 0x1109, 0x1175, 0x11BD,
    0x1109, 0x1175, 0x11BE, 0x1109, 0x1175, 0x11BF, 0x1109, 0x1175, 0x11C0, 0x1109, 0x1175, 0x11C1,
    0x1109, 0x1175, 0x11C2, 0x110A, 0x1161, 0x110A, 0x1161, 0x11A8, 0x110A, 0x1161, 0x11A9, 0x110A,
    0x1161, 0x11AA, 0x110A, 0x1161, 0x11AB, 0x110A, 0x1161, 0x11AC, 0x110A, 0x1161, 0x11AD, 0x110A,
    0x1161, 0x11AE, 0x110A, 0x1161, 0x11AF, 0x110A, 0x1161, 0x11B0, 0x110A, 0x1161, 0x11B1, 0x110A,
    0x1161, 0x11B2, 0x110A, 0x1161, 0x11B3, 0x110A, 0x1161, 0x11B4, 0x110A, 0x1161, 0x11B5, 0x110A,
    0x1161, 0x11B6, 0x110A, 0x1161, 0x11B7, 0x110A, 0x1161, 0x11B8, 0x110A, 0x1161, 0x11B9, 0x110A,
    0x1161, 0x11BA, 0x110A, 0x1161, 0x11BB, 0x110A, 0x1161, 0x11BC, 0x110A, 0x1161, 0x11BD, 0x110A,
    0x1161, 0x11BE, 0x110A, 0x1161, 0x11BF, 0x110A, 0x1161, 0x11C0, 0x110A, 0x1161, 0x11C1, 0x110A,
    0x1161, 0x11C2, 0x110A, 0x1162, 0x110A, 0x1162, 0x11A8, 0x110A, 0x1162, 0x11A9, 0x110A, 0x1162,
    0x11AA, 0x110A, 0x1162, 0x11AB, 0x110A, 0x1162, 0x11AC, 0x110A, 0x1162, 0x11AD, 0x110A, 0x1162,
    0x11AE, 0x110A, 0x1162, 0x11AF, 0x110A, 0x1162, 0x11B0, 0x110A, 0x1162, 0x11B1, 0x110A, 0x1162,
    0x11B2, 0x110A, 0x1162, 0x11B3, 0x110A, 0x1162, 0x11B4, 0x110A, 0x1162, 0x11B5, 0x110A, 0x1162,
    0x11B6, 0x110A, 0x1162, 0x11B7, 0x110A, 0x1162, 0x11B8, 0x110A, 0x1162, 0x11B9, 0x110A, 0x1162,
    0x11BA, 0x110A, 0x1162, 0x11BB, 0x110A, 0x1162, 0x11BC, 0x110A, 0x1162, 0x11BD, 0x110A, 0x1162,
    0x11BE, 0x110A, 0x1162, 0x11BF, 0x110A, 0x1162, 0x11C0, 0x110A, 0x1162, 0x11C1, 0x110A, 0x1162,
    0x11C2, 0x110A, 0x1163, 0x110A, 0x1163, 0x11A8, 0x110A, 0x1163, 0x11A9, 0x110A, 0x1163, 0x11AA,
    0x110A, 0x1163, 0x11AB, 0x110A, 0x1163, 0x11AC, 0x110A, 0x1163, 0x11AD, 0x110A, 0x1163, 0x11AE,
    0x110A, 0x1163, 0x11AF, 0x110A, 0x1163, 0x11B0, 0x110A, 0x1163, 0x11B1, 0x110A, 0x1163, 0x11B2,
    0x110A, 0x1163, 0x11B3, 0x110A, 0x1163, 0x11B4, 0x110A, 0x1163, 0x11B5, 0x110A, 0x1163, 0x11B6,
    0x110A, 0x1163, 0x11B7, 0x110A, 0x1163, 0x11B8, 0x110A, 0x1163, 0x11B9, 0x110A, 0x1163, 0x11BA,
    0x110A, 0x1163, 0x11BB, 0x110A, 0x1163, 0x11BC, 0x110A, 0x1163, 0x11BD, 0x110A, 0x1163, 0x11BE,
    0x110A, 0x1163, 0x11BF, 0x110A, 0x1163, 0x11C0, 0x110A, 0x1163, 0x11C1, 0x110A, 0x1163, 0x11C2,
    0x110A, 0x1164, 0x110A, 0x1164, 0x11A8, 0x110A, 0x1164, 0x11A9, 0x110A, 0x1164, 0x11AA, 0x110A,
    0x1164, 0x11AB, 0x110A, 0x1164, 0x11AC, 0x110A, 0x1164, 0x11AD, 0x110A, 0x1164, 0x11AE, 0x110A,
    0x1164, 0x11AF, 0x110A, 0x1164, 0x11B0, 0x110A, 0x1164, 0x11B1, 0x110A, 0x1164, 0x11B2, 0x110A,
    0x1164, 0x11B3, 0x110A, 0x1164, 0x11B4, 0x110A, 0x1164, 0x11B5, 0x110A, 0x1164, 0x11B6, 0x110A,
    0x1164, 0x11B7, 0x110A, 0x1164, 0x11B8, 0x110A, 0x1164, 0x11B9, 0x110A, 0x1164, 0x11BA, 0x110A,
    0x1164, 0x11BB, 0x110A, 0x1164, 0x11BC, 0x110A, 0x1164, 0x11BD, 0x110A, 0x1164, 0x11BE, 0x110A,
    0x1164, 0x11BF, 0x110A, 0x1164, 0x11C0, 0x110A, 0x1164, 0x11C1, 0x110A, 0x1164, 0x11C2, 0x110A,
    0x1165, 0x110A, 0x1165, 0x11A8, 0x110A, 0x1165, 0x11A9, 0x110A, 0x1165, 0x11AA, 0x110A, 0x1165,
    0x11AB, 0x110A, 0x1165, 0x11AC, 0x110A, 0x1165, 0x11AD, 0x110A, 0x1165, 0x11AE, 0x110A, 0x1165,
    0x11AF, 0x110A, 0x1165, 0x11B0, 0x110A, 0x1165, 0x11B1, 0x110A, 0x1165, 0x11B2, 0x110A, 0x1165,
    0x11B3, 0x110A, 0x1165, 0x11B4, 0x110A, 0x1165, 0x11B5, 0x110A, 0x1165, 0x11B6, 0x110A, 0x1165,
    0x11B7, 0x110A, 0x1165, 0x11B8, 0x110A, 0x1165, 0x11B9, 0x110A, 0x1165, 0x11BA, 0x110A, 0x1165,
    0x11BB, 0x110A, 0x1165, 0x11BC, 0x110A, 0x1165, 0x11BD, 0x110A, 0x1165, 0x11BE, 0x110A, 0x1165,
    0x11BF, 0x110A, 0x1165, 0x11C0, 0x110A, 0x1165, 0x11C1, 0x110A, 0x1165, 0x11C2, 0x110A, 0x1166,
    0x110A, 0x1166, 0x11A8, 0x110A, 0x1166, 0x11A9, 0x110A, 0x1166, 0x11AA, 0x110A, 0x1166, 0x11AB,
    0x110A, 0x1166, 0x11AC, 0x110A, 0x1166, 0x11AD, 0x110A, 0x1166, 0x11AE, 0x110A, 0x1166, 0x11AF,
    0x110A, 0x1166, 0x11B0, 0x110A, 0x1166, 0x11B1, 0x110A, 0x1166, 0x11B2, 0x110A, 0x1166, 0x11B3,
    0x110A, 0x1166, 0x11B4, 0x110A, 0x1166, 0x11B5, 0x110A, 0x1166, 0x11B6, 0x110A, 0x1166, 0x11B7,
    0x110A, 0x1166, 0x11B8, 0x110A, 0x1166, 0x11B9, 0x110A, 0x1166, 0x11BA, 0x110A, 0x1166, 0x11BB,
    0x110A, 0x1166, 0x11BC, 0x110A, 0x1166, 0x11BD, 0x110A, 0x1166, 0x11BE, 0x110A, 0x1166, 0x11BF,
    0x110A, 0x1166, 0x11C0, 0x110A, 0x1166, 0x11C1, 0x110A, 0x1166, 0x11C2, 0x110A, 0x1167, 0x110A,
    0x1167, 0x11A8, 0x110A, 0x1167, 0x11A9, 0x110A, 0x1167, 0x11AA, 0x110A, 0x1167, 0x11AB, 0x110A,
    0x1167, 0x11AC, 0x110A, 0x1167, 0x11AD, 0x110A, 0x1167, 0x11AE, 0x110A, 0x1167, 0x11AF, 0x110A,
    0x1167, 0x11B0, 0x110A, 0x1167, 0x11B1, 0x110A, 0x1167, 0x11B2, 0x110A, 0x1167, 0x11B3, 0x110A,
    0x1167, 0x11B4, 0x110A, 0x1167, 0x11B5, 0x110A, 0x1167, 0x11B6, 0x110A, 0x1167, 0x11B7, 0x110A,
    0x1167, 0x11B8, 0x110A, 0x1167, 0x11B9, 0x110A, 0x1167, 0x11BA, 0x110A, 0x1167, 0x11BB, 0x110A,
    0x1167, 0x11BC, 0x110A, 0x1167, 0x11BD, 0x110A, 0x1167, 0x11BE, 0x110A, 0x1167, 0x11BF, 0x110A,
    0x1167, 0x11C0, 0x110A, 0x1167, 0x11C1, 0x110A, 0x1167, 0x11C2, 0x110A, 0x1168, 0x110A, 0x1168,
    0x11A8, 0x110A, 0x1168, 0x11A9, 0x110A, 0x1168, 0x11AA, 0x110A, 0x1168, 0x11AB, 0x110A, 0x1168,
    0x11AC, 0x110A, 0x1168, 0x11AD, 0x110A, 0x1168, 0x11AE, 0x110A, 0x1168, 0x11AF, 0x110A, 0x1168,
    0x11B0, 0x110A, 0x1168, 0x11B1, 0x110A, 0x1168, 0x11B2, 0x110A, 0x1168, 0x11B3, 0x110A, 0x1168,
    0x11B4, 0x110A, 0x1168, 0x11B5, 0x110A, 0x1168, 0x11B6, 0x110A, 0x1168, 0x11B7, 0x110A, 0x1168,
    0x11B8, 0x110A, 0x1168, 0x11B9, 0x110A, 0x1168, 0x11BA, 0x110A, 0x1168, 0x11BB, 0x110A, 0x1168,
    0x11BC, 0x110A, 0x1168, 0x11BD, 0x110A, 0x1168, 0x11BE, 0x110A, 0x1168, 0x11BF, 0x110A, 0x1168,
    0x11C0, 0x110A, 0x1168, 0x11C1, 0x110A, 0x1168, 0x11C2, 0x110A, 0x1169, 0x110A, 0x1169, 0x11A8,
    0x110A, 0x1169, 0x11A9, 0x110A, 0x1169, 0x11AA, 0x110A, 0x1169, 0x11AB, 0x110A, 0x1169, 0x11AC,
    0x110A, 0x1169, 0x11AD, 0x110A, 0x1169, 0x11AE, 0x110A, 0x1169, 0x11AF, 0x110A, 0x1169, 0x11B0,
    0x110A, 0x1169, 0x11B1, 0x110A, 0x1169, 0x11B2, 0x110A, 0x1169, 0x11B3, 0x110A, 0x1169, 0x11B4,
    0x110A, 0x1169, 0x11B5, 0x110A, 0x1169, 0x11B6, 0x110A, 0x1169, 0x11B7, 0x110A, 0x1169, 0x11B8,
    0x110A, 0x1169, 0x11B9, 0x110A, 0x1169, 0x11BA, 0x110A, 0x1169, 0x11BB, 0x110A, 0x1169, 0x11BC,
    0x110A, 0x1169, 0x11BD, 0x110A, 0x1169, 0x11BE, 0x110A, 0x1169, 0x11BF, 0x110A, 0x1169, 0x11C0,
    0x110A, 0x1169, 0x11C1, 0x110A, 0x1169, 0x11C2, 0x110A, 0x116A, 0x110A, 0x116A, 0x11A8, 0x110A,
    0x116A, 0x11A9, 0x110A, 0x116A, 0x11AA, 0x110A, 0x116A, 0x11AB, 0x110A, 0x116A, 0x11AC, 0x110A,
    0x116A, 0x11AD, 0x110A, 0x116A, 0x11AE, 0x110A, 0x116A, 0x11AF, 0x110A, 0x116A, 0x11B0, 0x110A,
    0x116A, 0x11B1, 0x110A, 0x116A, 0x11B2, 0x110A, 0x116A, 0x11B3, 0x110A, 0x116A, 0x11B4, 0x110A,
    0x116A, 0x11B5, 0x110A, 0x116A, 0x11B6, 0x110A, 0x116A, 0x11B7, 0x110A, 0x116A, 0x11B8, 0x110A,
    0x116A, 0x11B9, 0x110A, 0x116A, 0x11BA, 0x110A, 0x116A, 0x11BB, 0x110A, 0x116A, 0x11BC, 0x110A,
    0x116A, 0x11BD, 0x110A, 0x116A, 0x11BE, 0x110A, 0x116A, 0x11BF, 0x110A, 0x116A, 0x11C0, 0x110A,
    0x116A, 0x11C1, 0x110A, 0x116A, 0x11C2, 0x110A, 0x116B, 0x110A, 0x116B, 0x11A8, 0x110A, 0x116B,
    0x11A9, 0x110A, 0x116B, 0x11AA, 0x110A, 0x116B, 0x11AB, 0x110A, 0x116B, 0x11AC, 0x110A, 0x116B,
    0x11AD, 0x110A, 0x116B, 0x11AE, 0x110A, 0x116B, 0x11AF, 0x110A, 0x116B, 0x11B0, 0x110A, 0x116B,
    0x11B1, 0x110A, 0x116B, 0x11B2, 0x110A, 0x116B, 0x11B3, 0x110A, 0x116B, 0x11B4, 0x110A, 0x116B,
    0x11B5, 0x110A, 0x116B, 0x11B6, 0x110A, 0x116B, 0x11B7, 0x110A, 0x116B, 0x11B8, 0x110A, 0x116B,
    0x11B9, 0x110A, 0x116B, 0x11BA, 0x110A, 0x116B, 0x11BB, 0x110A, 0x116B, 0x11BC, 0x110A, 0x116B,
    0x11BD, 0x110A, 0x116B, 0x11BE, 0x110A, 0x116B, 0x11BF, 0x110A, 0x116B, 0x11C0, 0x110A, 0x116B,
    0x11C1, 0x110A, 0x116B, 0x11C2, 0x110A, 0x116C, 0x110A, 0x116C, 0x11A8, 0x110A, 0x116C, 0x11A9,
    0x110A, 0x116C, 0x11AA, 0x110A, 0x116C, 0x11AB, 0x110A, 0x116C, 0x11AC, 0x110A, 0x116C, 0x11AD,
    0x110A, 0x116C, 0x11AE, 0x110A, 0x116C, 0x11AF, 0x110A, 0x116C, 0x11B0, 0x110A, 0x116C, 0x11B1,
    0x110A, 0x116C, 0x11B2, 0x110A, 0x116C, 0x11B3, 0x110A, 0x116C, 0x11B4, 0x110A, 0x116C, 0x11B5,
    0x110A, 0x116C, 0x11B6, 0x110A, 0x116C, 0x11B7, 0x110A, 0x116C, 0x11B8, 0x110A, 0x116C, 0x11B9,
    0x110A, 0x116C, 0x11BA, 0x110A, 0x116C, 0x11BB, 0x110A, 0x116C, 0x11BC, 0x110A, 0x116C, 0x11BD,
    0x110A, 0x116C, 0x11BE, 0x110A, 0x116C, 0x11BF, 0x110A, 0x116C, 0x11C0, 0x110A, 0x116C, 0x11C1,
    0x110A, 0x116C, 0x11C2, 0x110A, 0x116D, 0x110A, 0x116D, 0x11A8, 0x110A, 0x116D, 0x11A9, 0x110A,
    0x116D, 0x11AA, 0x110A, 0x116D, 0x11AB, 0x110A, 0x116D, 0x11AC, 0x110A, 0x116D, 0x11AD, 0x110A,
    0x116D, 0x11AE, 0x110A, 0x116D, 0x11AF, 0x110A, 0x116D, 0x11B0, 0x110A, 0x116D, 0x11B1, 0x110A,
    0x116D, 0x11B2, 0x110A, 0x116D, 0x11B3, 0x110A, 0x116D, 0x11B4, 0x110A, 0x116D, 0x11B5, 0x110A,
    0x116D, 0x11B6, 0x110A, 0x116D, 0x11B7, 0x110A, 0x116D, 0x11B8, 0x110A, 0x116D, 0x11B9, 0x110A,
    0x116D, 0x11BA, 0x110A, 0x116D, 0x11BB, 0x110A, 0x116D, 0x11BC, 0x110A, 0x116D, 0x11BD, 0x110A,
    0x116D, 0x11BE, 0x110A, 0x116D, 0x11BF, 0x110A, 0x116D, 0x11C0, 0x110A, 0x116D, 0x11C1, 0x110A,
    0x116D, 0x11C2, 0x110A, 0x116E, 0x110A, 0x116E, 0x11A8, 0x110A, 0x116E, 0x11A9, 0x110A, 0x116E,
    0x11AA, 0x110A, 0x116E, 0x11AB, 0x110A, 0x116E, 0x11AC, 0x110A, 0x116E, 0x11AD, 0x110A, 0x116E,
    0x11AE, 0x110A, 0x116E, 0x11AF, 0x110A, 0x116E, 0x11B0, 0x110A, 0x116E, 0x11B1, 0x110A, 0x116E,
    0x11B2, 0x110A, 0x116E, 0x11B3, 0x110A, 0x116E, 0x11B4, 0x110A, 0x116E, 0x11B5, 0x110A, 0x116E,
    0x11B6, 0x110A, 0x116E, 0x11B7, 0x110A, 0x116E, 0x11B8, 0x110A, 0x116E, 0x11B9, 0x110A, 0x116E,
    0x11BA, 0x110A, 0x116E, 0x11BB, 0x110A, 0x116E, 0x11BC, 0x110A, 0x116E, 0x11BD, 0x110A, 0x116E,
    0x11BE, 0x110A, 0x116E, 0x11BF, 0x110A, 0x116E, 0x11C0, 0x110A, 0x116E, 0x11C1, 0x110A, 0x116E,
    0x11C2, 0x110A, 0x116F, 0x110A, 0x116F, 0x11A8, 0x110A, 0x116F, 0x11A9, 0x110A, 0x116F, 0x11AA,
    0x110A, 0x116F, 0x11AB, 0x110A, 0x116F, 0x11AC, 0x110A, 0x116F, 0x11AD, 0x110A, 0x116F, 0x11AE,
    0x110A, 0x116F, 0x11AF, 0x110A, 0x116F, 0x11B0, 0x110A, 0x116F, 0x11B1, 0x110A, 0x116F, 0x11B2,
    0x110A, 0x116F, 0x11B3, 0x110A, 0x116F, 0x11B4, 0x110A, 0x116F, 0x11B5, 0x110A, 0x116F, 0x11B6,
    0x110A, 0x116F, 0x11B7, 0x110A, 0x116F, 0x11B8, 0x110A, 0x116F, 0x11B9, 0x110A, 0x116F, 0x11BA,
    0x110A, 0x116F, 0x11BB, 0x110A, 0x116F, 0x11BC, 0x110A, 0x116F, 0x11BD, 0x110A, 0x116F, 0x11BE,
    0x110A, 0x116F, 0x11BF, 0x110A, 0x116F, 0x11C0, 0x110A, 0x116F, 0x11C1, 0x110A, 0x116F, 0x11C2,
    0x110A, 0x1170, 0x110A, 0x1170, 0x11A8, 0x110A, 0x1170, 0x11A9, 0x110A, 0x1170, 0x11AA, 0x110A,
    0x1170, 0x11AB, 0x110A, 0x1170, 0x11AC, 0x110A, 0x1170, 0x11AD, 0x110A, 0x1170, 0x11AE, 0x110A,
    0x1170, 0x11AF, 0x110A, 0x1170, 0x11B0, 0x110A, 0x1170, 0x11B1, 0x110A, 0x1170, 0x11B2, 0x110A,
    0x1170, 0x11B3, 0x110A, 0x1170, 0x11B4, 0x110A, 0x1170, 0x11B5, 0x110A, 0x1170, 0x11B6, 0x110A,
    0x1170, 0x11B7, 0x110A, 0x1170, 0x11B8, 0x110A, 0x1170, 0x11B9, 0x110A, 0x1170, 0x11BA, 0x110A,
    0x1170, 0x11BB, 0x110A, 0x1170, 0x11BC, 0x110A, 0x1170, 0x11BD, 0x110A, 0x1170, 0x11BE, 0x110A,
    0x1170, 0x11BF, 0x110A, 0x1170, 0x11C0, 0x110A, 0x1170, 0x11C1, 0x110A, 0x1170, 0x11C2, 0x110A,
    0x1171, 0x110A, 0x1171, 0x11A8, 0x110A, 0x1171, 0x11A9, 0x110A, 0x1171, 0x11AA, 0x110A, 0x1171,
    0x11AB, 0x110A, 0x1171, 0x11AC, 0x110A, 0x1171, 0x11AD, 0x110A, 0x1171, 0x11AE, 0x110A, 0x1171,
    0x11AF, 0x110A, 0x1171, 0x11B0, 0x110A, 0x1171, 0x11B1, 0x110A, 0x1171, 0x11B2, 0x110A, 0x1171,
    0x11B3, 0x110A, 0x1171, 0x11B4, 0x110A, 0x1171, 0x11B5, 0x110A, 0x1171, 0x11B6, 0x110A, 0x1171,
    0x11B7, 0x110A, 0x1171, 0x11B8, 0x110A, 0x1171, 0x11B9, 0x110A, 0x1171, 0x11BA, 0x110A, 0x1171,
    0x11BB, 0x110A, 0x1171, 0x11BC, 0x110A, 0x1171, 0x11BD, 0x110A, 0x1171, 0x11BE, 0x110A, 0x1171,
    0x11BF, 0x110A, 0x1171, 0x11C0, 0x110A, 0x1171, 0x11C1, 0x110A, 0x1171, 0x11C2, 0x110A, 0x1172,
    0x110A, 0x1172, 0x11A8, 0x110A, 0x1172, 0x11A9, 0x110A, 0x1172, 0x11AA, 0x110A, 0x1172, 0x11AB,
    0x110A, 0x1172, 0x11AC, 0x110A, 0x1172, 0x11AD, 0x110A, 0x1172, 0x11AE, 0x110A, 0x1172, 0x11AF,
    0x110A, 0x1172, 0x11B0, 0x110A, 0x1172, 0x11B1, 0x110A, 0x1172, 0x11B2, 0x110A, 0x1172, 0x11B3,
    0x110A, 0x1172, 0x11B4, 0x110A, 0x1172, 0x11B5, 0x110A, 0x1172, 0x11B6, 0x110A, 0x1172, 0x11B7,
    0x110A, 0x1172, 0x11B8, 0x110A, 0x1172, 0x11B9, 0x110A, 0x1172, 0x11BA, 0x110A, 0x1172, 0x11BB,
    0x110A, 0x1172, 0x11BC, 0x110A, 0x1172, 0x11BD, 0x110A, 0x1172, 0x11BE, 0x110A, 0x1172, 0x11BF,
    0x110A, 0x1172, 0x11C0, 0x110A, 0x1172, 0x11C1, 0x110A, 0x1172, 0x11C2, 0x110A, 0x1173, 0x110A,
    0x1173, 0x11A8, 0x110A, 0x1173, 0x11A9, 0x110A, 0x1173, 0x11AA, 0x110A, 0x1173, 0x11AB, 0x110A,
    0x1173, 0x11AC, 0x110A, 0x1173, 0x11AD, 0x110A, 0x1173, 0x11AE, 0x110A, 0x1173, 0x11AF, 0x110A,
    0x1173, 0x11B0, 0x110A, 0x1173, 0x11B1, 0x110A, 0x1173, 0x11B2, 0x110A, 0x1173, 0x11B3, 0x110A,
    0x1173, 0x11B4, 0x110A, 0x1173, 0x11B5, 0x110A, 0x1173, 0x11B6, 0x110A, 0x1173, 0x11B7, 0x110A,
    0x1173, 0x11B8, 0x110A, 0x1173, 0x11B9, 0x110A, 0x1173, 0x11BA, 0x110A, 0x1173, 0x11BB, 0x110A,
    0x1173, 0x11BC, 0x110A, 0x1173, 0x11BD, 0x110A, 0x1173, 0x11BE, 0x110A, 0x1173, 0x11BF, 0x110A,
    0x1173, 0x11C0, 0x110A, 0x1173, 0x11C1, 0x110A, 0x1173, 0x11C2, 0x110A, 0x1174, 0x110A, 0x1174,
    0x11A8, 0x110A, 0x1174, 0x11A9, 0x110A, 0x1174, 0x11AA, 0x110A, 0x1174, 0x11AB, 0x110A, 0x1174,
    0x11AC, 0x110A, 0x1174, 0x11AD, 0x110A, 0x1174, 0x11AE, 0x110A, 0x1174, 0x11AF, 0x110A, 0x1174,
    0x11B0, 0x110A, 0x1174, 0x11B1, 0x110A, 0x1174, 0x11B2, 0x110A, 0x1174, 0x11B3, 0x110A, 0x1174,
    0x11B4, 0x110A, 0x1174, 0x11B5, 0x110A, 0x1174, 0x11B6, 0x110A, 0x1174, 0x11B7, 0x110A, 0x1174,
    0x11B8, 0x110A, 0x1174, 0x11B9, 0x110A, 0x1174, 0x11BA, 0x110A, 0x1174, 0x11BB, 0x110A, 0x1174,
    0x11BC, 0x110A, 0x1174, 0x11BD, 0x110A, 0x1174, 0x11BE, 0x110A, 0x1174, 0x11BF, 0x110A, 0x1174,
    0x11C0, 0x110A, 0x1174, 0x11C1, 0x110A, 0x1174, 0x11C2, 0x110A, 0x1175, 0x110A, 0x1175, 0x11A8,
    0x110A, 0x1175, 0x11A9, 0x110A, 0x1175, 0x11AA, 0x110A, 0x1175, 0x11AB, 0x110A, 0x1175, 0x11AC,
    0x110A, 0x1175, 0x11AD, 0x110A, 0x1175, 0x11AE, 0x110A, 0x1175, 0x11AF, 0x110A, 0x1175, 0x11B0,
    0x110A, 0x1175, 0x11B1, 0x110A, 0x1175, 0x11B2, 0x110A, 0x1175, 0x11B3, 0x110A, 0x1175, 0x11B4,
    0x110A, 0x1175, 0x11B5, 0x110A, 0x1175, 0x11B6, 0x110A, 0x1175, 0x11B7, 0x110A, 0x1175, 0x11B8,
    0x110A, 0x1175, 0x11B9, 0x110A, 0x1175, 0x11BA, 0x110A, 0x1175, 0x11BB, 0x110A, 0x1175, 0x11BC,
    0x110A, 0x1175, 0x11BD, 0x110A, 0x1175, 0x11BE, 0x110A, 0x1175, 0x11BF, 0x110A, 0x1175, 0x11C0,
    0x110A, 0x1175, 0x11C1, 0x110A, 0x1175, 0x11C2, 0x110B, 0x1161, 0x110B, 0x1161, 0x11A8, 0x110B,
    0x1161, 0x11A9, 0x110B, 0x1161, 0x11AA, 0x110B, 0x1161, 0x11AB, 0x110B, 0x1161, 0x11AC, 0x110B,
    0x1161, 0x11AD, 0x110B, 0x1161, 0x11AE, 0x110B, 0x1161, 0x11AF, 0x110B, 0x1161, 0x11B0, 0x110B,
    0x1161, 0x11B1, 0x110B, 0x1161, 0x11B2, 0x110B, 0x1161, 0x11B3, 0x110B, 0x1161, 0x11B4, 0x110B,
    0x1161, 0x11B5, 0x110B, 0x1161, 0x11B6, 0x110B, 0x1161, 0x11B7, 0x110B, 0x1161, 0x11B8, 0x110B,
    0x1161, 0x11B9, 0x110B, 0x1161, 0x11BA, 0x110B, 0x1161, 0x11BB, 0x110B, 0x1161, 0x11BC, 0x110B,
    0x1161, 0x11BD, 0x110B, 0x1161, 0x11BE, 0x110B, 0x1161, 0x11BF, 0x110B, 0x1161, 0x11C0, 0x110B,
    0x1161, 0x11C1, 0x110B, 0x1161, 0x11C2, 0x110B, 0x1162, 0x110B, 0x1162, 0x11A8, 0x110B, 0x1162,
    0x11A9, 0x110B, 0x1162, 0x11AA, 0x110B, 0x1162, 0x11AB, 0x110B, 0x1162, 0x11AC, 0x110B, 0x1162,
    0x11AD, 0x110B, 0x1162, 0x11AE, 0x110B, 0x1162, 0x11AF, 0x110B, 0x1162, 0x11B0, 0x110B, 0x1162,
    0x11B1, 0x110B, 0x1162, 0x11B2, 0x110B, 0x1162, 0x11B3, 0x110B, 0x1162, 0x11B4, 0x110B, 0x1162,
    0x11B5, 0x110B, 0x1162, 0x11B6, 0x110B, 0x1162, 0x11B7, 0x110B, 0x1162, 0x11B8, 0x110B, 0x1162,
    0x11B9, 0x110B, 0x1162, 0x11BA, 0x110B, 0x1162, 0x11BB, 0x110B, 0x1162, 0x11BC, 0x110B, 0x1162,
    0x11BD, 0x110B, 0x1162, 0x11BE, 0x110B, 0x1162, 0x11BF, 0x110B, 0x1162, 0x11C0, 0x110B, 0x1162,
    0x11C1, 0x110B, 0x1162, 0x11C2, 0x110B, 0x1163, 0x110B, 0x1163, 0x11A8, 0x110B, 0x1163, 0x11A9,
    0x110B, 0x1163, 0x11AA, 0x110B, 0x1163, 0x11AB, 0x110B, 0x1163, 0x11AC, 0x110B, 0x1163, 0x11AD,
    0x110B, 0x1163, 0x11AE, 0x110B, 0x1163, 0x11AF, 0x110B, 0x1163, 0x11B0, 0x110B, 0x1163, 0x11B1,
    0x110B, 0x1163, 0x11B2, 0x110B, 0x1163, 0x11B3, 0x110B, 0x1163, 0x11B4, 0x110B, 0x1163, 0x11B5,
    0x110B, 0x1163, 0x11B6, 0x110B, 0x1163, 0x11B7, 0x110B, 0x1163, 0x11B8, 0x110B, 0x1163, 0x11B9,
    0x110B, 0x1163, 0x11BA, 0x110B, 0x1163, 0x11BB, 0x110B, 0x1163, 0x11BC, 0x110B, 0x1163, 0x11BD,
    0x110B, 0x1163, 0x11BE, 0x110B, 0x1163, 0x11BF, 0x110B, 0x1163, 0x11C0, 0x110B, 0x1163, 0x11C1,
    0x110B, 0x1163, 0x11C2, 0x110B, 0x1164, 0x110B, 0x1164, 0x11A8, 0x110B, 0x1164, 0x11A9, 0x110B,
    0x1164, 0x11AA, 0x110B, 0x1164, 0x11AB, 0x110B, 0x1164, 0x11AC, 0x110B, 0x1164, 0x11AD, 0x110B,
    0x1164, 0x11AE, 0x110B, 0x1164, 0x11AF, 0x110B, 0x1164, 0x11B0, 0x110B, 0x1164, 0x11B1, 0x110B,
    0x1164, 0x11B2, 0x110B, 0x1164, 0x11B3, 0x110B, 0x1164, 0x11B4, 0x110B, 0x1164, 0x11B5, 0x110B,
    0x1164, 0x11B6, 0x110B, 0x1164, 0x11B7, 0x110B, 0x1164, 0x11B8, 0x110B, 0x1164, 0x11B9, 0x110B,
    0x1164, 0x11BA, 0x110B, 0x1164, 0x11BB, 0x110B, 0x1164, 0x11BC, 0x110B, 0x1164, 0x11BD, 0x110B,
    0x1164, 0x11BE, 0x110B, 0x1164, 0x11BF, 0x110B, 0x1164, 0x11C0, 0x110B, 0x1164, 0x11C1, 0x110B,
    0x1164, 0x11C2, 0x110B, 0x1165, 0x110B, 0x1165, 0x11A8, 0x110B, 0x1165, 0x11A9, 0x110B, 0x1165,
    0x11AA, 0x110B, 0x1165, 0x11AB, 0x110B, 0x1165, 0x11AC, 0x110B, 0x1165, 0x11AD, 0x110B, 0x1165,
    0x11AE, 0x110B, 0x1165, 0x11AF, 0x110B, 0x1165, 0x11B0, 0x110B, 0x1165, 0x11B1, 0x110B, 0x1165,
    0x11B2, 0x110B, 0x1165, 0x11B3, 0x110B, 0x1165, 0x11B4, 0x110B, 0x1165, 0x11B5, 0x110B, 0x1165,
    0x11B6, 0x110B, 0x1165, 0x11B7, 0x110B, 0x1165, 0x11B8, 0x110B, 0x1165, 0x11B9, 0x110B, 0x1165,
    0x11BA, 0x110B, 0x1165, 0x11BB, 0x110B, 0x1165, 0x11BC, 0x110B, 0x1165, 0x11BD, 0x110B, 0x1165,
    0x11BE, 0x110B, 0x1165, 0x11BF, 0x110B, 0x1165, 0x11C0, 0x110B, 0x1165, 0x11C1, 0x110B, 0x1165,
    0x11C2, 0x110B, 0x1166, 0x110B, 0x1166, 0x11A8, 0x110B, 0x1166, 0x11A9, 0x110B, 0x1166, 0x11AA,
    0x110B, 0x1166, 0x11AB, 0x110B, 0x1166, 0x11AC, 0x110B, 0x1166, 0x11AD, 0x110B, 0x1166, 0x11AE,
    0x110B, 0x1166, 0x11AF, 0x110B, 0x1166, 0x11B0, 0x110B, 0x1166, 0x11B1, 0x110B, 0x1166, 0x11B2,
    0x110B, 0x1166, 0x11B3, 0x110B, 0x1166, 0x11B4, 0x110B, 0x1166, 0x11B5, 0x110B, 0x1166, 0x11B6,
    0x110B, 0x1166, 0x11B7, 0x110B, 0x1166, 0x11B8, 0x110B, 0x1166, 0x11B9, 0x110B, 0x1166, 0x11BA,
    0x110B, 0x1166, 0x11BB, 0x110B, 0x1166, 0x11BC, 0x110B, 0x1166, 0x11BD, 0x110B, 0x1166, 0x11BE,
    0x110B, 0x1166, 0x11BF, 0x110B, 0x1166, 0x11C0, 0x110B, 0x1166, 0x11C1, 0x110B, 0x1166, 0x11C2,
    0x110B, 0x1167, 0x110B, 0x1167, 0x11A8, 0x110B, 0x1167, 0x11A9, 0x110B, 0x1167, 0x11AA, 0x110B,
    0x1167, 0x11AB, 0x110B, 0x1167, 0x11AC, 0x110B, 0x1167, 0x11AD, 0x110B, 0x1167, 0x11AE, 0x110B,
    0x1167, 0x11AF, 0x110B, 0x1167, 0x11B0, 0x110B, 0x1167, 0x11B1, 0x110B, 0x1167, 0x11B2, 0x110B,
    0x1167, 0x11B3, 0x110B, 0x1167, 0x11B4, 0x110B, 0x1167, 0x11B5, 0x110B, 0x1167, 0x11B6, 0x110B,
    0x1167, 0x11B7, 0x110B, 0x1167, 0x11B8, 0x110B, 0x1167, 0x11B9, 0x110B, 0x1167, 0x11BA, 0x110B,
    0x1167, 0x11BB, 0x110B, 0x1167, 0x11BC, 0x110B, 0x1167, 0x11BD, 0x110B, 0x1167, 0x11BE, 0x110B,
    0x1167, 0x11BF, 0x110B, 0x1167, 0x11C0, 0x110B, 0x1167, 0x11C1, 0x110B, 0x1167, 0x11C2, 0x110B,
    0x1168, 0x110B, 0x1168, 0x11A8, 0x110B, 0x1168, 0x11A9, 0x110B, 0x1168, 0x11AA, 0x110B, 0x1168,
    0x11AB, 0x110B, 0x1168, 0x11AC, 0x110B, 0x1168, 0x11AD, 0x110B, 0x1168, 0x11AE, 0x110B, 0x1168,
    0x11AF, 0x110B, 0x1168, 0x11B0, 0x110B, 0x1168, 0x11B1, 0x110B, 0x1168, 0x11B2, 0x110B, 0x1168,
    0x11B3, 0x110B, 0x1168, 0x11B4, 0x110B, 0x1168, 0x11B5, 0x110B, 0x1168, 0x11B6, 0x110B, 0x1168,
    0x11B7, 0x110B, 0x1168, 0x11B8, 0x110B, 0x1168, 0x11B9, 0x110B, 0x1168, 0x11BA, 0x110B, 0x1168,
    0x11BB, 0x110B, 0x1168, 0x11BC, 0x110B, 0x1168, 0x11BD, 0x110B, 0x1168, 0x11BE, 0x110B, 0x1168,
    0x11BF, 0x110B, 0x1168, 0x11C0, 0x110B, 0x1168, 0x11C1, 0x110B, 0x1168, 0x11C2, 0x110B, 0x1169,
    0x110B, 0x1169, 0x11A8, 0x110B, 0x1169, 0x11A9, 0x110B, 0x1169, 0x11AA, 0x110B, 0x1169, 0x11AB,
    0x110B, 0x1169, 0x11AC, 0x110B, 0x1169, 0x11AD, 0x110B, 0x1169, 0x11AE, 0x110B, 0x1169, 0x11AF,
    0x110B, 0x1169, 0x11B0, 0x110B, 0x1169, 0x11B1, 0x110B, 0x1169, 0x11B2, 0x110B, 0x1169, 0x11B3,
    0x110B, 0x1169, 0x11B4, 0x110B, 0x1169, 0x11B5, 0x110B, 0x1169, 0x11B6, 0x110B, 0x1169, 0x11B7,
    0x110B, 0x1169, 0x11B8, 0x110B, 0x1169, 0x11B9, 0x110B, 0x1169, 0x11BA, 0x110B, 0x1169, 0x11BB,
    0x110B, 0x1169, 0x11BC, 0x110B, 0x1169, 0x11BD, 0x110B, 0x1169, 0x11BE, 0x110B, 0x1169, 0x11BF,
    0x110B, 0x1169, 0x11C0, 0x110B, 0x1169, 0x11C1, 0x110B, 0x1169, 0x11C2, 0x110B, 0x116A, 0x110B,
    0x116A, 0x11A8, 0x110B, 0x116A, 0x11A9, 0x110B, 0x116A, 0x11AA, 0x110B, 0x116A, 0x11AB, 0x110B,
    0x116A, 0x11AC, 0x110B, 0x116A, 0x11AD, 0x110B, 0x116A, 0x11AE, 0x110B, 0x116A, 0x11AF, 0x110B,
    0x116A, 0x11B0, 0x110B, 0x116A, 0x11B1, 0x110B, 0x116A, 0x11B2, 0x110B, 0x116A, 0x11B3, 0x110B,
    0x116A, 0x11B4, 0x110B, 0x116A, 0x11B5, 0x110B, 0x116A, 0x11B6, 0x110B, 0x116A, 0x11B7, 0x110B,
    0x116A, 0x11B8, 0x110B, 0x116A, 0x11B9, 0x110B, 0x116A, 0x11BA, 0x110B, 0x116A, 0x11BB, 0x110B,
    0x116A, 0x11BC, 0x110B, 0x116A, 0x11BD, 0x110B, 0x116A, 0x11BE, 0x110B, 0x116A, 0x11BF, 0x110B,
    0x116A, 0x11C0, 0x110B, 0x116A, 0x11C1, 0x110B, 0x116A, 0x11C2, 0x110B, 0x116B, 0x110B, 0x116B,
    0x11A8, 0x110B, 0x116B, 0x11A9, 0x110B, 0x116B, 0x11AA, 0x110B, 0x116B, 0x11AB, 0x110B, 0x116B,
    0x11AC, 0x110B, 0x116B, 0x11AD, 0x110B, 0x116B, 0x11AE, 0x110B, 0x116B, 0x11AF, 0x110B, 0x116B,
    0x11B0, 0x110B, 0x116B, 0x11B1, 0x110B, 0x116B, 0x11B2, 0x110B, 0x116B, 0x11B3, 0x110B, 0x116B,
    0x11B4, 0x110B, 0x116B, 0x11B5, 0x110B, 0x116B, 0x11B6, 0x110B, 0x116B, 0x11B7, 0x110B, 0x116B,
    0x11B8, 0x110B, 0x116B, 0x11B9, 0x110B, 0x116B, 0x11BA, 0x110B, 0x116B, 0x11BB, 0x110B, 0x116B,
    0x11BC, 0x110B, 0x116B, 0x11BD, 0x110B, 0x116B, 0x11BE, 0x110B, 0x116B, 0x11BF, 0x110B, 0x116B,
    0x11C0, 0x110B, 0x116B, 0x11C1, 0x110B, 0x116B, 0x11C2, 0x110B, 0x116C, 0x110B, 0x116C, 0x11A8,
    0x110B, 0x116C, 0x11A9, 0x110B, 0x116C, 0x11AA, 0x110B, 0x116C, 0x11AB, 0x110B, 0x116C, 0x11AC,
    0x110B, 0x116C, 0x11AD, 0x110B, 0x116C, 0x11AE, 0x110B, 0x116C, 0x11AF, 0x110B, 0x116C, 0x11B0,
    0x110B, 0x116C, 0x11B1, 0x110B, 0x116C, 0x11B2, 0x110B, 0x116C, 0x11B3, 0x110B, 0x116C, 0x11B4,
    0x110B, 0x116C, 0x11B5, 0x110B, 0x116C, 0x11B6, 0x110B, 0x116C, 0x11B7, 0x110B, 0x116C, 0x11B8,
    0x110B, 0x116C, 0x11B9, 0x110B, 0x116C, 0x11BA, 0x110B, 0x116C, 0x11BB, 0x110B, 0x116C, 0x11BC,
    0x110B, 0x116C, 0x11BD, 0x110B, 0x116C, 0x11BE, 0x110B, 0x116C, 0x11BF, 0x110B, 0x116C, 0x11C0,
    0x110B, 0x116C, 0x11C1, 0x110B, 0x116C, 0x11C2, 0x110B, 0x116D, 0x110B, 0x116D, 0x11A8, 0x110B,
    0x116D, 0x11A9, 0x110B, 0x116D, 0x11AA, 0x110B, 0x116D, 0x11AB, 0x110B, 0x116D, 0x11AC, 0x110B,
    0x116D, 0x11AD, 0x110B, 0x116D, 0x11AE, 0x110B, 0x116D, 0x11AF, 0x110B, 0x116D, 0x11B0, 0x110B,
    0x116D, 0x11B1, 0x110B, 0x116D, 0x11B2, 0x110B, 0x116D, 0x11B3, 0x110B, 0x116D, 0x11B4, 0x110B,
    0x116D, 0x11B5, 0x110B, 0x116D, 0x11B6, 0x110B, 0x116D, 0x11B7, 0x110B, 0x116D, 0x11B8, 0x110B,
    0x116D, 0x11B9, 0x110B, 0x116D, 0x11BA, 0x110B, 0x116D, 0x11BB, 0x110B, 0x116D, 0x11BC, 0x110B,
    0x116D, 0x11BD, 0x110B, 0x116D, 0x11BE, 0x110B, 0x116D, 0x11BF, 0x110B, 0x116D, 0x11C0, 0x110B,
    0x116D, 0x11C1, 0x110B, 0x116D, 0x11C2, 0x110B, 0x116E, 0x110B, 0x116E, 0x11A8, 0x110B, 0x116E,
    0x11A9, 0x110B, 0x116E, 0x11AA, 0x110B, 0x116E, 0x11AB, 0x110B, 0x116E, 0x11AC, 0x110B, 0x116E,
    0x11AD, 0x110B, 0x116E, 0x11AE, 0x110B, 0x116E, 0x11AF, 0x110B, 0x116E, 0x11B0, 0x110B, 0x116E,
    0x11B1, 0x110B, 0x116E, 0x11B2, 0x110B, 0x116E, 0x11B3, 0x110B, 0x116E, 0x11B4, 0x110B, 0x116E,
    0x11B5, 0x110B, 0x116E, 0x11B6, 0x110B, 0x116E, 0x11B7, 0x110B, 0x116E, 0x11B8, 0x110B, 0x116E,
    0x11B9, 0x110B, 0x116E, 0x11BA, 0x110B, 0x116E, 0x11BB, 0x110B, 0x116E, 0x11BC, 0x110B, 0x116E,
    0x11BD, 0x110B, 0x116E, 0x11BE, 0x110B, 0x116E, 0x11BF, 0x110B, 0x116E, 0x11C0, 0x110B, 0x116E,
    0x11C1, 0x110B, 0x116E, 0x11C2, 0x110B, 0x116F, 0x110B, 0x116F, 0x11A8, 0x110B, 0x116F, 0x11A9,
    0x110B, 0x116F, 0x11AA, 0x110B, 0x116F, 0x11AB, 0x110B, 0x116F, 0x11AC, 0x110B, 0x116F, 0x11AD,
    0x110B, 0x116F, 0x11AE, 0x110B, 0x116F, 0x11AF, 0x110B, 0x116F, 0x11B0, 0x110B, 0x116F, 0x11B1,
    0x110B, 0x116F, 0x11B2, 0x110B, 0x116F, 0x11B3, 0x110B, 0x116F, 0x11B4, 0x110B, 0x116F, 0x11B5,
    0x110B, 0x116F, 0x11B6, 0x110B, 0x116F, 0x11B7, 0x110B, 0x116F, 0x11B8, 0x110B, 0x116F, 0x11B9,
    0x110B, 0x116F, 0x11BA, 0x110B, 0x116F, 0x11BB, 0x110B, 0x116F, 0x11BC, 0x110B, 0x116F, 0x11BD,
    0x110B, 0x116F, 0x11BE, 0x110B, 0x116F, 0x11BF, 0x110B, 0x116F, 0x11C0, 0x110B, 0x116F, 0x11C1,
    0x110B, 0x116F, 0x11C2, 0x110B, 0x1170, 0x110B, 0x1170, 0x11A8, 0x110B, 0x1170, 0x11A9, 0x110B,
    0x1170, 0x11AA, 0x110B, 0x1170, 0x11AB, 0x110B, 0x1170, 0x11AC, 0x110B, 0x1170, 0x11AD, 0x110B,
    0x1170, 0x11AE, 0x110B, 0x1170, 0x11AF, 0x110B, 0x1170, 0x11B0, 0x110B, 0x1170, 0x11B1, 0x110B,
    0x1170, 0x11B2, 0x110B, 0x1170, 0x11B3, 0x110B, 0x1170, 0x11B4, 0x110B, 0x1170, 0x11B5, 0x110B,
    0x1170, 0x11B6, 0x110B, 0x1170, 0x11B7, 0x110B, 0x1170, 0x11B8, 0x110B, 0x1170, 0x11B9, 0x110B,
    0x1170, 0x11BA, 0x110B, 0x1170, 0x11BB, 0x110B, 0x1170, 0x11BC, 0x110B, 0x1170, 0x11BD, 0x110B,
    0x1170, 0x11BE, 0x110B, 0x1170, 0x11BF, 0x110B, 0x1170, 0x11C0, 0x110B, 0x1170, 0x11C1, 0x110B,
    0x1170, 0x11C2, 0x110B, 0x1171, 0x110B, 0x1171, 0x11A8, 0x110B, 0x1171, 0x11A9, 0x110B, 0x1171,
    0x11AA, 0x110B, 0x1171, 0x11AB, 0x110B, 0x1171, 0x11AC, 0x110B, 0x1171, 0x11AD, 0x110B, 0x1171,
    0x11AE, 0x110B, 0x1171, 0x11AF, 0x110B, 0x1171, 0x11B0, 0x110B, 0x1171, 0x11B1, 0x110B, 0x1171,
    0x11B2, 0x110B, 0x1171, 0x11B3, 0x110B, 0x1171, 0x11B4, 0x110B, 0x1171, 0x11B5, 0x110B, 0x1171,
    0x11B6, 0x110B, 0x1171, 0x11B7, 0x110B, 0x1171, 0x11B8, 0x110B, 0x1171, 0x11B9, 0x110B, 0x1171,
    0x11BA, 0x110B, 0x1171, 0x11BB, 0x110B, 0x1171, 0x11BC, 0x110B, 0x1171, 0x11BD, 0x110B, 0x1171,
    0x11BE, 0x110B, 0x1171, 0x11BF, 0x110B, 0x1171, 0x11C0, 0x110B, 0x1171, 0x11C1, 0x110B, 0x1171,
    0x11C2, 0x110B, 0x1172, 0x110B, 0x1172, 0x11A8, 0x110B, 0x1172, 0x11A9, 0x110B, 0x1172, 0x11AA,
    0x110B, 0x1172, 0x11AB, 0x110B, 0x1172, 0x11AC, 0x110B, 0x1172, 0x11AD, 0x110B, 0x1172, 0x11AE,
    0x110B, 0x1172, 0x11AF, 0x110B, 0x1172, 0x11B0, 0x110B, 0x1172, 0x11B1, 0x110B, 0x1172, 0x11B2,
    0x110B, 0x1172, 0x11B3, 0x110B, 0x1172, 0x11B4, 0x110B, 0x1172, 0x11B5, 0x110B, 0x1172, 0x11B6,
    0x110B, 0x1172, 0x11B7, 0x110B, 0x1172, 0x11B8, 0x110B, 0x1172, 0x11B9, 0x110B, 0x1172, 0x11BA,
    0x110B, 0x1172, 0x11BB, 0x110B, 0x1172, 0x11BC, 0x110B, 0x1172, 0x11BD, 0x110B, 0x1172, 0x11BE,
    0x110B, 0x1172, 0x11BF, 0x110B, 0x1172, 0x11C0, 0x110B, 0x1172, 0x11C1, 0x110B, 0x1172, 0x11C2,
    0x110B, 0x1173, 0x110B, 0x1173, 0x11A8, 0x110B, 0x1173, 0x11A9, 0x110B, 0x1173, 0x11AA, 0x110B,
    0x1173, 0x11AB, 0x110B, 0x1173, 0x11AC, 0x110B, 0x1173, 0x11AD, 0x110B, 0x1173, 0x11AE, 0x110B,
    0x1173, 0x11AF, 0x110B, 0x1173, 0x11B0, 0x110B, 0x1173, 0x11B1, 0x110B, 0x1173, 0x11B2, 0x110B,
    0x1173, 0x11B3, 0x110B, 0x1173, 0x11B4, 0x110B, 0x1173, 0x11B5, 0x110B, 0x1173, 0x11B6, 0x110B,
    0x1173, 0x11B7, 0x110B, 0x1173, 0x11B8, 0x110B, 0x1173, 0x11B9, 0x110B, 0x1173, 0x11BA, 0x110B,
    0x1173, 0x11BB, 0x110B, 0x1173, 0x11BC, 0x110B, 0x1173, 0x11BD, 0x110B, 0x1173, 0x11BE, 0x110B,
    0x1173, 0x11BF, 0x110B, 0x1173, 0x11C0, 0x110B, 0x1173, 0x11C1, 0x110B, 0x1173, 0x11C2, 0x110B,
    0x1174, 0x110B, 0x1174, 0x11A8, 0x110B, 0x1174, 0x11A9, 0x110B, 0x1174, 0x11AA, 0x110B, 0x1174,
    0x11AB, 0x110B, 0x1174, 0x11AC, 0x110B, 0x1174, 0x11AD, 0x110B, 0x1174, 0x11AE, 0x110B, 0x1174,
    0x11AF, 0x110B, 0x1174, 0x11B0, 0x110B, 0x1174, 0x11B1, 0x110B, 0x1174, 0x11B2, 0x110B, 0x1174,
    0x11B3, 0x110B, 0x1174, 0x11B4, 0x110B, 0x1174, 0x11B5, 0x110B, 0x1174, 0x11B6, 0x110B, 0x1174,
    0x11B7, 0x110B, 0x1174, 0x11B8, 0x110B, 0x1174, 0x11B9, 0x110B, 0x1174, 0x11BA, 0x110B, 0x1174,
    0x11BB, 0x110B, 0x1174, 0x11BC, 0x110B, 0x1174, 0x11BD, 0x110B, 0x1174, 0x11BE, 0x110B, 0x1174,
    0x11BF, 0x110B, 0x1174, 0x11C0, 0x110B, 0x1174, 0x11C1, 0x110B, 0x1174, 0x11C2, 0x110B, 0x1175,
    0x110B, 0x1175, 0x11A8, 0x110B, 0x1175, 0x11A9, 0x110B, 0x1175, 0x11AA, 0x110B, 0x1175, 0x11AB,
    0x110B, 0x1175, 0x11AC, 0x110B, 0x1175, 0x11AD, 0x110B, 0x1175, 0x11AE, 0x110B, 0x1175, 0x11AF,
    0x110B, 0x1175, 0x11B0, 0x110B, 0x1175, 0x11B1, 0x110B, 0x1175, 0x11B2, 0x110B, 0x1175, 0x11B3,
    0x110B, 0x1175, 0x11B4, 0x110B, 0x1175, 0x11B5, 0x110B, 0x1175, 0x11B6, 0x110B, 0x1175, 0x11B7,
    0x110B, 0x1175, 0x11B8, 0x110B, 0x1175, 0x11B9, 0x110B, 0x1175, 0x11BA, 0x110B, 0x1175, 0x11BB,
    0x110B, 0x1175, 0x11BC, 0x110B, 0x1175, 0x11BD, 0x110B, 0x1175, 0x11BE, 0x110B, 0x1175, 0x11BF,
    0x110B, 0x1175, 0x11C0, 0x110B, 0x1175, 0x11C1, 0x110B, 0x1175, 0x11C2, 0x110C, 0x1161, 0x110C,
    0x1161, 0x11A8, 0x110C, 0x1161, 0x11A9, 0x110C, 0x1161, 0x11AA, 0x110C, 0x1161, 0x11AB, 0x110C,
    0x1161, 0x11AC, 0x110C, 0x1161, 0x11AD, 0x110C, 0x1161, 0x11AE, 0x110C, 0x1161, 0x11AF, 0x110C,
    0x1161, 0x11B0, 0x110C, 0x1161, 0x11B1, 0x110C, 0x1161, 0x11B2, 0x110C, 0x1161, 0x11B3, 0x110C,
    0x1161, 0x11B4, 0x110C, 0x1161, 0x11B5, 0x110C, 0x1161, 0x11B6, 0x110C, 0x1161, 0x11B7, 0x110C,
    0x1161, 0x11B8, 0x110C, 0x1161, 0x11B9, 0x110C, 0x1161, 0x11BA, 0x110C, 0x1161, 0x11BB, 0x110C,
    0x1161, 0x11BC, 0x110C, 0x1161, 0x11BD, 0x110C, 0x1161, 0x11BE, 0x110C, 0x1161, 0x11BF, 0x110C,
    0x1161, 0x11C0, 0x110C, 0x1161, 0x11C1, 0x110C, 0x1161, 0x11C2, 0x110C, 0x1162, 0x110C, 0x1162,
    0x11A8, 0x110C, 0x1162, 0x11A9, 0x110C, 0x1162, 0x11AA, 0x110C, 0x1162, 0x11AB, 0x110C, 0x1162,
    0x11AC, 0x110C, 0x1162, 0x11AD, 0x110C, 0x1162, 0x11AE, 0x110C, 0x1162, 0x11AF, 0x110C, 0x1162,
    0x11B0, 0x110C, 0x1162, 0x11B1, 0x110C, 0x1162, 0x11B2, 0x110C, 0x1162, 0x11B3, 0x110C, 0x1162,
    0x11B4, 0x110C, 0x1162, 0x11B5, 0x110C, 0x1162, 0x11B6, 0x110C, 0x1162, 0x11B7, 0x110C, 0x1162,
    0x11B8, 0x110C, 0x1162, 0x11B9, 0x110C, 0x1162, 0x11BA, 0x110C, 0x1162, 0x11BB, 0x110C, 0x1162,
    0x11BC, 0x110C, 0x1162, 0x11BD, 0x110C, 0x1162, 0x11BE, 0x110C, 0x1162, 0x11BF, 0x110C, 0x1162,
    0x11C0, 0x110C, 0x1162, 0x11C1, 0x110C, 0x1162, 0x11C2, 0x110C, 0x1163, 0x110C, 0x1163, 0x11A8,
    0x110C, 0x1163, 0x11A9, 0x110C, 0x1163, 0x11AA, 0x110C, 0x1163, 0x11AB, 0x110C, 0x1163, 0x11AC,
    0x110C, 0x1163, 0x11AD, 0x110C, 0x1163, 0x11AE, 0x110C, 0x1163, 0x11AF, 0x110C, 0x1163, 0x11B0,
    0x110C, 0x1163, 0x11B1, 0x110C, 0x1163, 0x11B2, 0x110C, 0x1163, 0x11B3, 0x110C, 0x1163, 0x11B4,
    0x110C, 0x1163, 0x11B5, 0x110C, 0x1163, 0x11B6, 0x110C, 0x1163, 0x11B7, 0x110C, 0x1163, 0x11B8,
    0x110C, 0x1163, 0x11B9, 0x110C, 0x1163, 0x11BA, 0x110C, 0x1163, 0x11BB, 0x110C, 0x1163, 0x11BC,
    0x110C, 0x1163, 0x11BD, 0x110C, 0x1163, 0x11BE, 0x110C, 0x1163, 0x11BF, 0x110C, 0x1163, 0x11C0,
    0x110C, 0x1163, 0x11C1, 0x110C, 0x1163, 0x11C2, 0x110C, 0x1164, 0x110C, 0x1164, 0x11A8, 0x110C,
    0x1164, 0x11A9, 0x110C, 0x1164, 0x11AA, 0x110C, 0x1164, 0x11AB, 0x110C, 0x1164, 0x11AC, 0x110C,
    0x1164, 0x11AD, 0x110C, 0x1164, 0x11AE, 0x110C, 0x1164, 0x11AF, 0x110C, 0x1164, 0x11B0, 0x110C,
    0x1164, 0x11B1, 0x110C, 0x1164, 0x11B2, 0x110C, 0x1164, 0x11B3, 0x110C, 0x1164, 0x11B4, 0x110C,
    0x1164, 0x11B5, 0x110C, 0x1164, 0x11B6, 0x110C, 0x1164, 0x11B7, 0x110C, 0x1164, 0x11B8, 0x110C,
    0x1164, 0x11B9, 0x110C, 0x1164, 0x11BA, 0x110C, 0x1164, 0x11BB, 0x110C, 0x1164, 0x11BC, 0x110C,
    0x1164, 0x11BD, 0x110C, 0x1164, 0x11BE, 0x110C, 0x1164, 0x11BF, 0x110C, 0x1164, 0x11C0, 0x110C,
    0x1164, 0x11C1, 0x110C, 0x1164, 0x11C2, 0x110C, 0x1165, 0x110C, 0x1165, 0x11A8, 0x110C, 0x1165,
    0x11A9, 0x110C, 0x1165, 0x11AA, 0x110C, 0x1165, 0x11AB, 0x110C, 0x1165, 0x11AC, 0x110C, 0x1165,
    0x11AD, 0x110C, 0x1165, 0x11AE, 0x110C, 0x1165, 0x11AF, 0x110C, 0x1165, 0x11B0, 0x110C, 0x1165,
    0x11B1, 0x110C, 0x1165, 0x11B2, 0x110C, 0x1165, 0x11B3, 0x110C, 0x1165, 0x11B4, 0x110C, 0x1165,
    0x11B5, 0x110C, 0x1165, 0x11B6, 0x110C, 0x1165, 0x11B7, 0x110C, 0x1165, 0x11B8, 0x110C, 0x1165,
    0x11B9, 0x110C, 0x1165, 0x11BA, 0x110C, 0x1165, 0x11BB, 0x110C, 0x1165, 0x11BC, 0x110C, 0x1165,
    0x11BD, 0x110C, 0x1165, 0x11BE, 0x110C, 0x1165, 0x11BF, 0x110C, 0x1165, 0x11C0, 0x110C, 0x1165,
    0x11C1, 0x110C, 0x1165, 0x11C2, 0x110C, 0x1166, 0x110C, 0x1166, 0x11A8, 0x110C, 0x1166, 0x11A9,
    0x110C, 0x1166, 0x11AA, 0x110C, 0x1166, 0x11AB, 0x110C, 0x1166, 0x11AC, 0x110C, 0x1166, 0x11AD,
    0x110C, 0x1166, 0x11AE, 0x110C, 0x1166, 0x11AF, 0x110C, 0x1166, 0x11B0, 0x110C, 0x1166, 0x11B1,
    0x110C, 0x1166, 0x11B2, 0x110C, 0x1166, 0x11B3, 0x110C, 0x1166, 0x11B4, 0x110C, 0x1166, 0x11B5,
    0x110C, 0x1166, 0x11B6, 0x110C, 0x1166, 0x11B7, 0x110C, 0x1166, 0x11B8, 0x110C, 0x1166, 0x11B9,
    0x110C, 0x1166, 0x11BA, 0x110C, 0x1166, 0x11BB, 0x110C, 0x1166, 0x11BC, 0x110C, 0x1166, 0x11BD,
    0x110C, 0x1166, 0x11BE, 0x110C, 0x1166, 0x11BF, 0x110C, 0x1166, 0x11C0, 0x110C, 0x1166, 0x11C1,
    0x110C, 0x1166, 0x11C2, 0x110C, 0x1167, 0x110C, 0x1167, 0x11A8, 0x110C, 0x1167, 0x11A9, 0x110C,
    0x1167, 0x11AA, 0x110C, 0x1167, 0x11AB, 0x110C, 0x1167, 0x11AC, 0x110C, 0x1167, 0x11AD, 0x110C,
    0x1167, 0x11AE, 0x110C, 0x1167, 0x11AF, 0x110C, 0x1167, 0x11B0, 0x110C, 0x1167, 0x11B1, 0x110C,
    0x1167, 0x11B2, 0x110C, 0x1167, 0x11B3, 0x110C, 0x1167, 0x11B4, 0x110C, 0x1167, 0x11B5, 0x110C,
    0x1167, 0x11B6, 0x110C, 0x1167, 0x11B7, 0x110C, 0x1167, 0x11B8, 0x110C, 0x1167, 0x11B9, 0x110C,
    0x1167, 0x11BA, 0x110C, 0x1167, 0x11BB, 0x110C, 0x1167, 0x11BC, 0x110C, 0x1167, 0x11BD, 0x110C,
    0x1167, 0x11BE, 0x110C, 0x1167, 0x11BF, 0x110C, 0x1167, 0x11C0, 0x110C, 0x1167, 0x11C1, 0x110C,
    0x1167, 0x11C2, 0x110C, 0x1168, 0x110C, 0x1168, 0x11A8, 0x110C, 0x1168, 0x11A9, 0x110C, 0x1168,
    0x11AA, 0x110C, 0x1168, 0x11AB, 0x110C, 0x1168, 0x11AC, 0x110C, 0x1168, 0x11AD, 0x110C, 0x1168,
    0x11AE, 0x110C, 0x1168, 0x11AF, 0x110C, 0x1168, 0x11B0, 0x110C, 0x1168, 0x11B1, 0x110C, 0x1168,
    0x11B2, 0x110C, 0x1168, 0x11B3, 0x110C, 0x1168, 0x11B4, 0x110C, 0x1168, 0x11B5, 0x110C, 0x1168,
    0x11B6, 0x110C, 0x1168, 0x11B7, 0x110C, 0x1168, 0x11B8, 0x110C, 0x1168, 0x11B9, 0x110C, 0x1168,
    0x11BA, 0x110C, 0x1168, 0x11BB, 0x110C, 0x1168, 0x11BC, 0x110C, 0x1168, 0x11BD, 0x110C, 0x1168,
    0x11BE, 0x110C, 0x1168, 0x11BF, 0x110C, 0x1168, 0x11C0, 0x110C, 0x1168, 0x11C1, 0x110C, 0x1168,
    0x11C2, 0x110C, 0x1169, 0x110C, 0x1169, 0x11A8, 0x110C, 0x1169, 0x11A9, 0x110C, 0x1169, 0x11AA,
    0x110C, 0x1169, 0x11AB, 0x110C, 0x1169, 0x11AC, 0x110C, 0x1169, 0x11AD, 0x110C, 0x1169, 0x11AE,
    0x110C, 0x1169, 0x11AF, 0x110C, 0x1169, 0x11B0, 0x110C, 0x1169, 0x11B1, 0x110C, 0x1169, 0x11B2,
    0x110C, 0x1169, 0x11B3, 0x110C, 0x1169, 0x11B4, 0x110C, 0x1169, 0x11B5, 0x110C, 0x1169, 0x11B6,
    0x110C, 0x1169, 0x11B7, 0x110C, 0x1169, 0x11B8, 0x110C, 0x1169, 0x11B9, 0x110C, 0x1169, 0x11BA,
    0x110C, 0x1169, 0x11BB, 0x110C, 0x1169, 0x11BC, 0x110C, 0x1169, 0x11BD, 0x110C, 0x1169, 0x11BE,
    0x110C, 0x1169, 0x11BF, 0x110C, 0x1169, 0x11C0, 0x110C, 0x1169, 0x11C1, 0x110C, 0x1169, 0x11C2,
    0x110C, 0x116A, 0x110C, 0x116A, 0x11A8, 0x110C, 0x116A, 0x11A9, 0x110C, 0x116A, 0x11AA, 0x110C,
    0x116A, 0x11AB, 0x110C, 0x116A, 0x11AC, 0x110C, 0x116A, 0x11AD, 0x110C, 0x116A, 0x11AE, 0x110C,
    0x116A, 0x11AF, 0x110C, 0x116A, 0x11B0, 0x110C, 0x116A, 0x11B1, 0x110C, 0x116A, 0x11B2, 0x110C,
    0x116A, 0x11B3, 0x110C, 0x116A, 0x11B4, 0x110C, 0x116A, 0x11B5, 0x110C, 0x116A, 0x11B6, 0x110C,
    0x116A, 0x11B7, 0x110C, 0x116A, 0x11B8, 0x110C, 0x116A, 0x11B9, 0x110C, 0x116A, 0x11BA, 0x110C,
    0x116A, 0x11BB, 0x110C, 0x116A, 0x11BC, 0x110C, 0x116A, 0x11BD, 0x110C, 0x116A, 0x11BE, 0x110C,
    0x116A, 0x11BF, 0x110C, 0x116A, 0x11C0, 0x110C, 0x116A, 0x11C1, 0x110C, 0x116A, 0x11C2, 0x110C,
    0x116B, 0x110C, 0x116B, 0x11A8, 0x110C, 0x116B, 0x11A9, 0x110C, 0x116B, 0x11AA, 0x110C, 0x116B,
    0x11AB, 0x110C, 0x116B, 0x11AC, 0x110C, 0x116B, 0x11AD, 0x110C, 0x116B, 0x11AE, 0x110C, 0x116B,
    0x11AF, 0x110C, 0x116B, 0x11B0, 0x110C, 0x116B, 0x11B1, 0x110C, 0x116B, 0x11B2, 0x110C, 0x116B,
    0x11B3, 0x110C, 0x116B, 0x11B4, 0x110C, 0x116B, 0x11B5, 0x110C, 0x116B, 0x11B6, 0x110C, 0x116B,
    0x11B7, 0x110C, 0x116B, 0x11B8, 0x110C, 0x116B, 0x11B9, 0x110C, 0x116B, 0x11BA, 0x110C, 0x116B,
    0x11BB, 0x110C, 0x116B, 0x11BC, 0x110C, 0x116B, 0x11BD, 0x110C, 0x116B, 0x11BE, 0x110C, 0x116B,
    0x11BF, 0x110C, 0x116B, 0x11C0, 0x110C, 0x116B, 0x11C1, 0x110C, 0x116B, 0x11C2, 0x110C, 0x116C,
    0x110C, 0x116C, 0x11A8, 0x110C, 0x116C, 0x11A9, 0x110C, 0x116C, 0x11AA, 0x110C, 0x116C, 0x11AB,
    0x110C, 0x116C, 0x11AC, 0x110C, 0x116C, 0x11AD, 0x110C, 0x116C, 0x11AE, 0x110C, 0x116C, 0x11AF,
    0x110C, 0x116C, 0x11B0, 0x110C, 0x116C, 0x11B1, 0x110C, 0x116C, 0x11B2, 0x110C, 0x116C, 0x11B3,
    0x110C, 0x116C, 0x11B4, 0x110C, 0x116C, 0x11B5, 0x110C, 0x116C, 0x11B6, 0x110C, 0x116C, 0x11B7,
    0x110C, 0x116C, 0x11B8, 0x110C, 0x116C, 0x11B9, 0x110C, 0x116C, 0x11BA, 0x110C, 0x116C, 0x11BB,
    0x110C, 0x116C, 0x11BC, 0x110C, 0x116C, 0x11BD, 0x110C, 0x116C, 0x11BE, 0x110C, 0x116C, 0x11BF,
    0x110C, 0x116C, 0x11C0, 0x110C, 0x116C, 0x11C1, 0x110C, 0x116C, 0x11C2, 0x110C, 0x116D, 0x110C,
    0x116D, 0x11A8, 0x110C, 0x116D, 0x11A9, 0x110C, 0x116D, 0x11AA, 0x110C, 0x116D, 0x11AB, 0x110C,
    0x116D, 0x11AC, 0x110C, 0x116D, 0x11AD, 0x110C, 0x116D, 0x11AE, 0x110C, 0x116D, 0x11AF, 0x110C,
    0x116D, 0x11B0, 0x110C, 0x116D, 0x11B1, 0x110C, 0x116D, 0x11B2, 0x110C, 0x116D, 0x11B3, 0x110C,
    0x116D, 0x11B4, 0x110C, 0x116D, 0x11B5, 0x110C, 0x116D, 0x11B6, 0x110C, 0x116D, 0x11B7, 0x110C,
    0x116D, 0x11B8, 0x110C, 0x116D, 0x11B9, 0x110C, 0x116D, 0x11BA, 0x110C, 0x116D, 0x11BB, 0x110C,
    0x116D, 0x11BC, 0x110C, 0x116D, 0x11BD, 0x110C, 0x116D, 0x11BE, 0x110C, 0x116D, 0x11BF, 0x110C,
    0x116D, 0x11C0, 0x110C, 0x116D, 0x11C1, 0x110C, 0x116D, 0x11C2, 0x110C, 0x116E, 0x110C, 0x116E,
    0x11A8, 0x110C, 0x116E, 0x11A9, 0x110C, 0x116E, 0x11AA, 0x110C, 0x116E, 0x11AB, 0x110C, 0x116E,
    0x11AC, 0x110C, 0x116E, 0x11AD, 0x110C, 0x116E, 0x11AE, 0x110C, 0x116E, 0x11AF, 0x110C, 0x116E,
    0x11B0, 0x110C, 0x116E, 0x11B1, 0x110C, 0x116E, 0x11B2, 0x110C, 0x116E, 0x11B3, 0x110C, 0x116E,
    0x11B4, 0x110C, 0x116E, 0x11B5, 0x110C, 0x116E, 0x11B6, 0x110C, 0x116E, 0x11B7, 0x110C, 0x116E,
    0x11B8, 0x110C, 0x116E, 0x11B9, 0x110C, 0x116E, 0x11BA, 0x110C, 0x116E, 0x11BB, 0x110C, 0x116E,
    0x11BC, 0x110C, 0x116E, 0x11BD, 0x110C, 0x116E, 0x11BE, 0x110C, 0x116E, 0x11BF, 0x110C, 0x116E,
    0x11C0, 0x110C, 0x116E, 0x11C1, 0x110C, 0x116E, 0x11C2, 0x110C, 0x116F, 0x110C, 0x116F, 0x11A8,
    0x110C, 0x116F, 0x11A9, 0x110C, 0x116F, 0x11AA, 0x110C, 0x116F, 0x11AB, 0x110C, 0x116F, 0x11AC,
    0x110C, 0x116F, 0x11AD, 0x110C, 0x116F, 0x11AE, 0x110C, 0x116F, 0x11AF, 0x110C, 0x116F, 0x11B0,
    0x110C, 0x116F, 0x11B1, 0x110C, 0x116F, 0x11B2, 0x110C, 0x116F, 0x11B3, 0x110C, 0x116F, 0x11B4,
    0x110C, 0x116F, 0x11B5, 0x110C, 0x116F, 0x11B6, 0x110C, 0x116F, 0x11B7, 0x110C, 0x116F, 0x11B8,
    0x110C, 0x116F, 0x11B9, 0x110C, 0x116F, 0x11BA, 0x110C, 0x116F, 0x11BB, 0x110C, 0x116F, 0x11BC,
    0x110C, 0x116F, 0x11BD, 0x110C, 0x116F, 0x11BE, 0x110C, 0x116F, 0x11BF, 0x110C, 0x116F, 0x11C0,
    0x110C, 0x116F, 0x11C1, 0x110C, 0x116F, 0x11C2, 0x110C, 0x1170, 0x110C, 0x1170, 0x11A8, 0x110C,
    0x1170, 0x11A9, 0x110C, 0x1170, 0x11AA, 0x110C, 0x1170, 0x11AB, 0x110C, 0x1170, 0x11AC, 0x110C,
    0x1170, 0x11AD, 0x110C, 0x1170, 0x11AE, 0x110C, 0x1170, 0x11AF, 0x110C, 0x1170, 0x11B0, 0x110C,
    0x1170, 0x11B1, 0x110C, 0x1170, 0x11B2, 0x110C, 0x1170, 0x11B3, 0x110C, 0x1170, 0x11B4, 0x110C,
    0x1170, 0x11B5, 0x110C, 0x1170, 0x11B6, 0x110C, 0x1170, 0x11B7, 0x110C, 0x1170, 0x11B8, 0x110C,
    0x1170, 0x11B9, 0x110C, 0x1170, 0x11BA, 0x110C, 0x1170, 0x11BB, 0x110C, 0x1170, 0x11BC, 0x110C,
    0x1170, 0x11BD, 0x110C, 0x1170, 0x11BE, 0x110C, 0x1170, 0x11BF, 0x110C, 0x1170, 0x11C0, 0x110C,
    0x1170, 0x11C1, 0x110C, 0x1170, 0x11C2, 0x110C, 0x1171, 0x110C, 0x1171, 0x11A8, 0x110C, 0x1171,
    0x11A9, 0x110C, 0x1171, 0x11AA, 0x110C, 0x1171, 0x11AB, 0x110C, 0x1171, 0x11AC, 0x110C, 0x1171,
    0x11AD, 0x110C, 0x1171, 0x11AE, 0x110C, 0x1171, 0x11AF, 0x110C, 0x1171, 0x11B0, 0x110C, 0x1171,
    0x11B1, 0x110C, 0x1171, 0x11B2, 0x110C, 0x1171, 0x11B3, 0x110C, 0x1171, 0x11B4, 0x110C, 0x1171,
    0x11B5, 0x110C, 0x1171, 0x11B6, 0x110C, 0x1171, 0x11B7, 0x110C, 0x1171, 0x11B8, 0x110C, 0x1171,
    0x11B9, 0x110C, 0x1171, 0x11BA, 0x110C, 0x1171, 0x11BB, 0x110C, 0x1171, 0x11BC, 0x110C, 0x1171,
    0x11BD, 0x110C, 0x1171, 0x11BE, 0x110C, 0x1171, 0x11BF, 0x110C, 0x1171, 0x11C0, 0x110C, 0x1171,
    0x11C1, 0x110C, 0x1171, 0x11C2, 0x110C, 0x1172, 0x110C, 0x1172, 0x11A8, 0x110C, 0x1172, 0x11A9,
    0x110C, 0x1172, 0x11AA, 0x110C, 0x1172, 0x11AB, 0x110C, 0x1172, 0x11AC, 0x110C, 0x1172, 0x11AD,
    0x110C, 0x1172, 0x11AE, 0x110C, 0x1172, 0x11AF, 0x110C, 0x1172, 0x11B0, 0x110C, 0x1172, 0x11B1,
    0x110C, 0x1172, 0x11B2, 0x110C, 0x1172, 0x11B3, 0x110C, 0x1172, 0x11B4, 0x110C, 0x1172, 0x11B5,
    0x110C, 0x1172, 0x11B6, 0x110C, 0x1172, 0x11B7, 0x110C, 0x1172, 0x11B8, 0x110C, 0x1172, 0x11B9,
    0x110C, 0x1172, 0x11BA, 0x110C, 0x1172, 0x11BB, 0x110C, 0x1172, 0x11BC, 0x110C, 0x1172, 0x11BD,
    0x110C, 0x1172, 0x11BE, 0x110C, 0x1172, 0x11BF, 0x110C, 0x1172, 0x11C0, 0x110C, 0x1172, 0x11C1,
    0x110C, 0x1172, 0x11C2, 0x110C, 0x1173, 0x110C, 0x1173, 0x11A8, 0x110C, 0x1173, 0x11A9, 0x110C,
    0x1173, 0x11AA, 0x110C, 0x1173, 0x11AB, 0x110C, 0x1173, 0x11AC, 0x110C, 0x1173, 0x11AD, 0x110C,
    0x1173, 0x11AE, 0x110C, 0x1173, 0x11AF, 0x110C, 0x1173, 0x11B0, 0x110C, 0x1173, 0x11B1, 0x110C,
    0x1173, 0x11B2, 0x110C, 0x1173, 0x11B3, 0x110C, 0x1173, 0x11B4, 0x110C, 0x1173, 0x11B5, 0x110C,
    0x1173, 0x11B6, 0x110C, 0x1173, 0x11B7, 0x110C, 0x1173, 0x11B8, 0x110C, 0x1173, 0x11B9, 0x110C,
    0x1173, 0x11BA, 0x110C, 0x1173, 0x11BB, 0x110C, 0x1173, 0x11BC, 0x110C, 0x1173, 0x11BD, 0x110C,
    0x1173, 0x11BE, 0x110C, 0x1173, 0x11BF, 0x110C, 0x1173, 0x11C0, 0x110C, 0x1173, 0x11C1, 0x110C,
    0x1173, 0x11C2, 0x110C, 0x1174, 0x110C, 0x1174, 0x11A8, 0x110C, 0x1174, 0x11A9, 0x110C, 0x1174,
    0x11AA, 0x110C, 0x1174, 0x11AB, 0x110C, 0x1174, 0x11AC, 0x110C, 0x1174, 0x11AD, 0x110C, 0x1174,
    0x11AE, 0x110C, 0x1174, 0x11AF, 0x110C, 0x1174, 0x11B0, 0x110C, 0x1174, 0x11B1, 0x110C, 0x1174,
    0x11B2, 0x110C, 0x1174, 0x11B3, 0x110C, 0x1174, 0x11B4, 0x110C, 0x1174, 0x11B5, 0x110C, 0x1174,
    0x11B6, 0x110C, 0x1174, 0x11B7, 0x110C, 0x1174, 0x11B8, 0x110C, 0x1174, 0x11B9, 0x110C, 0x1174,
    0x11BA, 0x110C, 0x1174, 0x11BB, 0x110C, 0x1174, 0x11BC, 0x110C, 0x1174, 0x11BD, 0x110C, 0x1174,
    0x11BE, 0x110C, 0x1174, 0x11BF, 0x110C, 0x1174, 0x11C0, 0x110C, 0x1174, 0x11C1, 0x110C, 0x1174,
    0x11C2, 0x110C, 0x1175, 0x110C, 0x1175, 0x11A8, 0x110C, 0x1175, 0x11A9, 0x110C, 0x1175, 0x11AA,
    0x110C, 0x1175, 0x11AB, 0x110C, 0x1175, 0x11AC, 0x110C, 0x1175, 0x11AD, 0x110C, 0x1175, 0x11AE,
    0x110C, 0x1175, 0x11AF, 0x110C, 0x1175, 0x11B0, 0x110C, 0x1175, 0x11B1, 0x110C, 0x1175, 0x11B2,
    0x110C, 0x1175, 0x11B3, 0x110C, 0x1175, 0x11B4, 0x110C, 0x1175, 0x11B5, 0x110C, 0x1175, 0x11B6,
    0x110C, 0x1175, 0x11B7, 0x110C, 0x1175, 0x11B8, 0x110C, 0x1175, 0x11B9, 0x110C, 0x1175, 0x11BA,
    0x110C, 0x1175, 0x11BB, 0x110C, 0x1175, 0x11BC, 0x110C, 0x1175, 0x11BD, 0x110C, 0x1175, 0x11BE,
    0x110C, 0x1175, 0x11BF, 0x110C, 0x1175, 0x11C0, 0x110C, 0x1175, 0x11C1, 0x110C, 0x1175, 0x11C2,
    0x110D, 0x1161, 0x110D, 0x1161, 0x11A8, 0x110D, 0x1161, 0x11A9, 0x110D, 0x1161, 0x11AA, 0x110D,
    0x1161, 0x11AB, 0x110D, 0x1161, 0x11AC, 0x110D, 0x1161, 0x11AD, 0x110D, 0x1161, 0x11AE, 0x110D,
    0x1161, 0x11AF, 0x110D, 0x1161, 0x11B0, 0x110D, 0x1161, 0x11B1, 0x110D, 0x1161, 0x11B2, 0x110D,
    0x1161, 0x11B3, 0x110D, 0x1161, 0x11B4, 0x110D, 0x1161, 0x11B5, 0x110D, 0x1161, 0x11B6, 0x110D,
    0x1161, 0x11B7, 0x110D, 0x1161, 0x11B8, 0x110D, 0x1161, 0x11B9, 0x110D, 0x1161, 0x11BA, 0x110D,
    0x1161, 0x11BB, 0x110D, 0x1161, 0x11BC, 0x110D, 0x1161, 0x11BD, 0x110D, 0x1161, 0x11BE, 0x110D,
    0x1161, 0x11BF, 0x110D, 0x1161, 0x11C0, 0x110D, 0x1161, 0x11C1, 0x110D, 0x1161, 0x11C2, 0x110D,
    0x1162, 0x110D, 0x1162, 0x11A8, 0x110D, 0x1162, 0x11A9, 0x110D, 0x1162, 0x11AA, 0x110D, 0x1162,
    0x11AB, 0x110D, 0x1162, 0x11AC, 0x110D, 0x1162, 0x11AD, 0x110D, 0x1162, 0x11AE, 0x110D, 0x1162,
    0x11AF, 0x110D, 0x1162, 0x11B0, 0x110D, 0x1162, 0x11B1, 0x110D, 0x1162, 0x11B2, 0x110D, 0x1162,
    0x11B3, 0x110D, 0x1162, 0x11B4, 0x110D, 0x1162, 0x11B5, 0x110D, 0x1162, 0x11B6, 0x110D, 0x1162,
    0x11B7, 0x110D, 0x1162, 0x11B8, 0x110D, 0x1162, 0x11B9, 0x110D, 0x1162, 0x11BA, 0x110D, 0x1162,
    0x11BB, 0x110D, 0x1162, 0x11BC, 0x110D, 0x1162, 0x11BD, 0x110D, 0x1162, 0x11BE, 0x110D, 0x1162,
    0x11BF, 0x110D, 0x1162, 0x11C0, 0x110D, 0x1162, 0x11C1, 0x110D, 0x1162, 0x11C2, 0x110D, 0x1163,
    0x110D, 0x1163, 0x11A8, 0x110D, 0x1163, 0x11A9, 0x110D, 0x1163, 0x11AA, 0x110D, 0x1163, 0x11AB,
    0x110D, 0x1163, 0x11AC, 0x110D, 0x1163, 0x11AD, 0x110D, 0x1163, 0x11AE, 0x110D, 0x1163, 0x11AF,
    0x110D, 0x1163, 0x11B0, 0x110D, 0x1163, 0x11B1, 0x110D, 0x1163, 0x11B2, 0x110D, 0x1163, 0x11B3,
    0x110D, 0x1163, 0x11B4, 0x110D, 0x1163, 0x11B5, 0x110D, 0x1163, 0x11B6, 0x110D, 0x1163, 0x11B7,
    0x110D, 0x1163, 0x11B8, 0x110D, 0x1163, 0x11B9, 0x110D, 0x1163, 0x11BA, 0x110D, 0x1163, 0x11BB,
    0x110D, 0x1163, 0x11BC, 0x110D, 0x1163, 0x11BD, 0x110D, 0x1163, 0x11BE, 0x110D, 0x1163, 0x11BF,
    0x110D, 0x1163, 0x11C0, 0x110D, 0x1163, 0x11C1, 0x110D, 0x1163, 0x11C2, 0x110D, 0x1164, 0x110D,
    0x1164, 0x11A8, 0x110D, 0x1164, 0x11A9, 0x110D, 0x1164, 0x11AA, 0x110D, 0x1164, 0x11AB, 0x110D,
    0x1164, 0x11AC, 0x110D, 0x1164, 0x11AD, 0x110D, 0x1164, 0x11AE, 0x110D, 0x1164, 0x11AF, 0x110D,
    0x1164, 0x11B0, 0x110D, 0x1164, 0x11B1, 0x110D, 0x1164, 0x11B2, 0x110D, 0x1164, 0x11B3, 0x110D,
    0x1164, 0x11B4, 0x110D, 0x1164, 0x11B5, 0x110D, 0x1164, 0x11B6, 0x110D, 0x1164, 0x11B7, 0x110D,
    0x1164, 0x11B8, 0x110D, 0x1164, 0x11B9, 0x110D, 0x1164, 0x11BA, 0x110D, 0x1164, 0x11BB, 0x110D,
    0x1164, 0x11BC, 0x110D, 0x1164, 0x11BD, 0x110D, 0x1164, 0x11BE, 0x110D, 0x1164, 0x11BF, 0x110D,
    0x1164, 0x11C0, 0x110D, 0x1164, 0x11C1, 0x110D, 0x1164, 0x11C2, 0x110D, 0x1165, 0x110D, 0x1165,
    0x11A8, 0x110D, 0x1165, 0x11A9, 0x110D, 0x1165, 0x11AA, 0x110D, 0x1165, 0x11AB, 0x110D, 0x1165,
    0x11AC, 0x110D, 0x1165, 0x11AD, 0x110D, 0x1165, 0x11AE, 0x110D, 0x1165, 0x11AF, 0x110D, 0x1165,
    0x11B0, 0x110D, 0x1165, 0x11B1, 0x110D, 0x1165, 0x11B2, 0x110D, 0x1165, 0x11B3, 0x110D, 0x1165,
    0x11B4, 0x110D, 0x1165, 0x11B5, 0x110D, 0x1165, 0x11B6, 0x110D, 0x1165, 0x11B7, 0x110D, 0x1165,
    0x11B8, 0x110D, 0x1165, 0x11B9, 0x110D, 0x1165, 0x11BA, 0x110D, 0x1165, 0x11BB, 0x110D, 0x1165,
    0x11BC, 0x110D, 0x1165, 0x11BD, 0x110D, 0x1165, 0x11BE, 0x110D, 0x1165, 0x11BF, 0x110D, 0x1165,
    0x11C0, 0x110D, 0x1165, 0x11C1, 0x110D, 0x1165, 0x11C2, 0x110D, 0x1166, 0x110D, 0x1166, 0x11A8,
    0x110D, 0x1166, 0x11A9, 0x110D, 0x1166, 0x11AA, 0x110D, 0x1166, 0x11AB, 0x110D, 0x1166, 0x11AC,
    0x110D, 0x1166, 0x11AD, 0x110D, 0x1166, 0x11AE, 0x110D, 0x1166, 0x11AF, 0x110D, 0x1166, 0x11B0,
    0x110D, 0x1166, 0x11B1, 0x110D, 0x1166, 0x11B2, 0x110D, 0x1166, 0x11B3, 0x110D, 0x1166, 0x11B4,
    0x110D, 0x1166, 0x11B5, 0x110D, 0x1166, 0x11B6, 0x110D, 0x1166, 0x11B7, 0x110D, 0x1166, 0x11B8,
    0x110D, 0x1166, 0x11B9, 0x110D, 0x1166, 0x11BA, 0x110D, 0x1166, 0x11BB, 0x110D, 0x1166, 0x11BC,
    0x110D, 0x1166, 0x11BD, 0x110D, 0x1166, 0x11BE, 0x110D, 0x1166, 0x11BF, 0x110D, 0x1166, 0x11C0,
    0x110D, 0x1166, 0x11C1, 0x110D, 0x1166, 0x11C2, 0x110D, 0x1167, 0x110D, 0x1167, 0x11A8, 0x110D,
    0x1167, 0x11A9, 0x110D, 0x1167, 0x11AA, 0x110D, 0x1167, 0x11AB, 0x110D, 0x1167, 0x11AC, 0x110D,
    0x1167, 0x11AD, 0x110D, 0x1167, 0x11AE, 0x110D, 0x1167, 0x11AF, 0x110D, 0x1167, 0x11B0, 0x110D,
    0x1167, 0x11B1, 0x110D, 0x1167, 0x11B2, 0x110D, 0x1167, 0x11B3, 0x110D, 0x1167, 0x11B4, 0x110D,
    0x1167, 0x11B5, 0x110D, 0x1167, 0x11B6, 0x110D, 0x1167, 0x11B7, 0x110D, 0x1167, 0x11B8, 0x110D,
    0x1167, 0x11B9, 0x110D, 0x1167, 0x11BA, 0x110D, 0x1167, 0x11BB, 0x110D, 0x1167, 0x11BC, 0x110D,
    0x1167, 0x11BD, 0x110D, 0x1167, 0x11BE, 0x110D, 0x1167, 0x11BF, 0x110D, 0x1167, 0x11C0, 0x110D,
    0x1167, 0x11C1, 0x110D, 0x1167, 0x11C2, 0x110D, 0x1168, 0x110D, 0x1168, 0x11A8, 0x110D, 0x1168,
    0x11A9, 0x110D, 0x1168, 0x11AA, 0x110D, 0x1168, 0x11AB, 0x110D, 0x1168, 0x11AC, 0x110D, 0x1168,
    0x11AD, 0x110D, 0x1168, 0x11AE, 0x110D, 0x1168, 0x11AF, 0x110D, 0x1168, 0x11B0, 0x110D, 0x1168,
    0x11B1, 0x110D, 0x1168, 0x11B2, 0x110D, 0x1168, 0x11B3, 0x110D, 0x1168, 0x11B4, 0x110D, 0x1168,
    0x11B5, 0x110D, 0x1168, 0x11B6, 0x110D, 0x1168, 0x11B7, 0x110D, 0x1168, 0x11B8, 0x110D, 0x1168,
    0x11B9, 0x110D, 0x1168, 0x11BA, 0x110D, 0x1168, 0x11BB, 0x110D, 0x1168, 0x11BC, 0x110D, 0x1168,
    0x11BD, 0x110D, 0x1168, 0x11BE, 0x110D, 0x1168, 0x11BF, 0x110D, 0x1168, 0x11C0, 0x110D, 0x1168,
    0x11C1, 0x110D, 0x1168, 0x11C2, 0x110D, 0x1169, 0x110D, 0x1169, 0x11A8, 0x110D, 0x1169, 0x11A9,
    0x110D, 0x1169, 0x11AA, 0x110D, 0x1169, 0x11AB, 0x110D, 0x1169, 0x11AC, 0x110D, 0x1169, 0x11AD,
    0x110D, 0x1169, 0x11AE, 0x110D, 0x1169, 0x11AF, 0x110D, 0x1169, 0x11B0, 0x110D, 0x1169, 0x11B1,
    0x110D, 0x1169, 0x11B2, 0x110D, 0x1169, 0x11B3, 0x110D, 0x1169, 0x11B4, 0x110D, 0x1169, 0x11B5,
    0x110D, 0x1169, 0x11B6, 0x110D, 0x1169, 0x11B7, 0x110D, 0x1169, 0x11B8, 0x110D, 0x1169, 0x11B9,
    0x110D, 0x1169, 0x11BA, 0x110D, 0x1169, 0x11BB, 0x110D, 0x1169, 0x11BC, 0x110D, 0x1169, 0x11BD,
    0x110D, 0x1169, 0x11BE, 0x110D, 0x1169, 0x11BF, 0x110D, 0x1169, 0x11C0, 0x110D, 0x1169, 0x11C1,
    0x110D, 0x1169, 0x11C2, 0x110D, 0x116A, 0x110D, 0x116A, 0x11A8, 0x110D, 0x116A, 0x11A9, 0x110D,
    0x116A, 0x11AA, 0x110D, 0x116A, 0x11AB, 0x110D, 0x116A, 0x11AC, 0x110D, 0x116A, 0x11AD, 0x110D,
    0x116A, 0x11AE, 0x110D, 0x116A, 0x11AF, 0x110D, 0x116A, 0x11B0, 0x110D, 0x116A, 0x11B1, 0x110D,
    0x116A, 0x11B2, 0x110D, 0x116A, 0x11B3, 0x110D, 0x116A, 0x11B4, 0x110D, 0x116A, 0x11B5, 0x110D,
    0x116A, 0x11B6, 0x110D, 0x116A, 0x11B7, 0x110D, 0x116A, 0x11B8, 0x110D, 0x116A, 0x11B9, 0x110D,
    0x116A, 0x11BA, 0x110D, 0x116A, 0x11BB, 0x110D, 0x116A, 0x11BC, 0x110D, 0x116A, 0x11BD, 0x110D,
    0x116A, 0x11BE, 0x110D, 0x116A, 0x11BF, 0x110D, 0x116A, 0x11C0, 0x110D, 0x116A, 0x11C1, 0x110D,
    0x116A, 0x11C2, 0x110D, 0x116B, 0x110D, 0x116B, 0x11A8, 0x110D, 0x116B, 0x11A9, 0x110D, 0x116B,
    0x11AA, 0x110D, 0x116B, 0x11AB, 0x110D, 0x116B, 0x11AC, 0x110D, 0x116B, 0x11AD, 0x110D, 0x116B,
    0x11AE, 0x110D, 0x116B, 0x11AF, 0x110D, 0x116B, 0x11B0, 0x110D, 0x116B, 0x11B1, 0x110D, 0x116B,
    0x11B2, 0x110D, 0x116B, 0x11B3, 0x110D, 0x116B, 0x11B4, 0x110D, 0x116B, 0x11B5, 0x110D, 0x116B,
    0x11B6, 0x110D, 0x116B, 0x11B7, 0x110D, 0x116B, 0x11B8, 0x110D, 0x116B, 0x11B9, 0x110D, 0x116B,
    0x11BA, 0x110D, 0x116B, 0x11BB, 0x110D, 0x116B, 0x11BC, 0x110D, 0x116B, 0x11BD, 0x110D, 0x116B,
    0x11BE, 0x110D, 0x116B, 0x11BF, 0x110D, 0x116B, 0x11C0, 0x110D, 0x116B, 0x11C1, 0x110D, 0x116B,
    0x11C2, 0x110D, 0x116C, 0x110D, 0x116C, 0x11A8, 0x110D, 0x116C, 0x11A9, 0x110D, 0x116C, 0x11AA,
    0x110D, 0x116C, 0x11AB, 0x110D, 0x116C, 0x11AC, 0x110D, 0x116C, 0x11AD, 0x110D, 0x116C, 0x11AE,
    0x110D, 0x116C, 0x11AF, 0x110D, 0x116C, 0x11B0, 0x110D, 0x116C, 0x11B1, 0x110D, 0x116C, 0x11B2,
    0x110D, 0x116C, 0x11B3, 0x110D, 0x116C, 0x11B4, 0x110D, 0x116C, 0x11B5, 0x110D, 0x116C, 0x11B6,
    0x110D, 0x116C, 0x11B7, 0x110D, 0x116C, 0x11B8, 0x110D, 0x116C, 0x11B9, 0x110D, 0x116C, 0x11BA,
    0x110D, 0x116C, 0x11BB, 0x110D, 0x116C, 0x11BC, 0x110D, 0x116C, 0x11BD, 0x110D, 0x116C, 0x11BE,
    0x110D, 0x116C, 0x11BF, 0x110D, 0x116C, 0x11C0, 0x110D, 0x116C, 0x11C1, 0x110D, 0x116C, 0x11C2,
    0x110D, 0x116D, 0x110D, 0x116D, 0x11A8, 0x110D, 0x116D, 0x11A9, 0x110D, 0x116D, 0x11AA, 0x110D,
    0x116D, 0x11AB, 0x110D, 0x116D, 0x11AC, 0x110D, 0x116D, 0x11AD, 0x110D, 0x116D, 0x11AE, 0x110D,
    0x116D, 0x11AF, 0x110D, 0x116D, 0x11B0, 0x110D, 0x116D, 0x11B1, 0x110D, 0x116D, 0x11B2, 0x110D,
    0x116D, 0x11B3, 0x110D, 0x116D, 0x11B4, 0x110D, 0x116D, 0x11B5, 0x110D, 0x116D, 0x11B6, 0x110D,
    0x116D, 0x11B7, 0x110D, 0x116D, 0x11B8, 0x110D, 0x116D, 0x11B9, 0x110D, 0x116D, 0x11BA, 0x110D,
    0x116D, 0x11BB, 0x110D, 0x116D, 0x11BC, 0x110D, 0x116D, 0x11BD, 0x110D, 0x116D, 0x11BE, 0x110D,
    0x116D, 0x11BF, 0x110D, 0x116D, 0x11C0, 0x110D, 0x116D, 0x11C1, 0x110D, 0x116D, 0x11C2, 0x110D,
    0x116E, 0x110D, 0x116E, 0x11A8, 0x110D, 0x116E, 0x11A9, 0x110D, 0x116E, 0x11AA, 0x110D, 0x116E,
    0x11AB, 0x110D, 0x116E, 0x11AC, 0x110D, 0x116E, 0x11AD, 0x110D, 0x116E, 0x11AE, 0x110D, 0x116E,
    0x11AF, 0x110D, 0x116E, 0x11B0, 0x110D, 0x116E, 0x11B1, 0x110D, 0x116E, 0x11B2, 0x110D, 0x116E,
    0x11B3, 0x110D, 0x116E, 0x11B4, 0x110D, 0x116E, 0x11B5, 0x110D, 0x116E, 0x11B6, 0x110D, 0x116E,
    0x11B7, 0x110D, 0x116E, 0x11B8, 0x110D, 0x116E, 0x11B9, 0x110D, 0x116E, 0x11BA, 0x110D, 0x116E,
    0x11BB, 0x110D, 0x116E, 0x11BC, 0x110D, 0x116E, 0x11BD, 0x110D, 0x116E, 0x11BE, 0x110D, 0x116E,
    0x11BF, 0x110D, 0x116E, 0x11C0, 0x110D, 0x116E, 0x11C1, 0x110D, 0x116E, 0x11C2, 0x110D, 0x116F,
    0x110D, 0x116F, 0x11A8, 0x110D, 0x116F, 0x11A9, 0x110D, 0x116F, 0x11AA, 0x110D, 0x116F, 0x11AB,
    0x110D, 0x116F, 0x11AC, 0x110D, 0x116F, 0x11AD, 0x110D, 0x116F, 0x11AE, 0x110D, 0x116F, 0x11AF,
    0x110D, 0x116F, 0x11B0, 0x110D, 0x116F, 0x11B1, 0x110D, 0x116F, 0x11B2, 0x110D, 0x116F, 0x11B3,
    0x110D, 0x116F, 0x11B4, 0x110D, 0x116F, 0x11B5, 0x110D, 0x116F, 0x11B6, 0x110D, 0x116F, 0x11B7,
    0x110D, 0x116F, 0x11B8, 0x110D, 0x116F, 0x11B9, 0x110D, 0x116F, 0x11BA, 0x110D, 0x116F, 0x11BB,
    0x110D, 0x116F, 0x11BC, 0x110D, 0x116F, 0x11BD, 0x110D, 0x116F, 0x11BE, 0x110D, 0x116F, 0x11BF,
    0x110D, 0x116F, 0x11C0, 0x110D, 0x116F, 0x11C1, 0x110D, 0x116F, 0x11C2, 0x110D, 0x1170, 0x110D,
    0x1170, 0x11A8, 0x110D, 0x1170, 0x11A9, 0x110D, 0x1170, 0x11AA, 0x110D, 0x1170, 0x11AB, 0x110D,
    0x1170, 0x11AC, 0x110D, 0x1170, 0x11AD, 0x110D, 0x1170, 0x11AE, 0x110D, 0x1170, 0x11AF, 0x110D,
    0x1170, 0x11B0, 0x110D, 0x1170, 0x11B1, 0x110D, 0x1170, 0x11B2, 0x110D, 0x1170, 0x11B3, 0x110D,
    0x1170, 0x11B4, 0x110D, 0x1170, 0x11B5, 0x110D, 0x1170, 0x11B6, 0x110D, 0x1170, 0x11B7, 0x110D,
    0x1170, 0x11B8, 0x110D, 0x1170, 0x11B9, 0x110D, 0x1170, 0x11BA, 0x110D, 0x1170, 0x11BB, 0x110D,
    0x1170, 0x11BC, 0x110D, 0x1170, 0x11BD, 0x110D, 0x1170, 0x11BE, 0x110D, 0x1170, 0x11BF, 0x110D,
    0x1170, 0x11C0, 0x110D, 0x1170, 0x11C1, 0x110D, 0x1170, 0x11C2, 0x110D, 0x1171, 0x110D, 0x1171,
    0x11A8, 0x110D, 0x1171, 0x11A9, 0x110D, 0x1171, 0x11AA, 0x110D, 0x1171, 0x11AB, 0x110D, 0x1171,
    0x11AC, 0x110D, 0x1171, 0x11AD, 0x110D, 0x1171, 0x11AE, 0x110D, 0x1171, 0x11AF, 0x110D, 0x1171,
    0x11B0, 0x110D, 0x1171, 0x11B1, 0x110D, 0x1171, 0x11B2, 0x110D, 0x1171, 0x11B3, 0x110D, 0x1171,
    0x11B4, 0x110D, 0x1171, 0x11B5, 0x110D, 0x1171, 0x11B6, 0x110D, 0x1171, 0x11B7, 0x110D, 0x1171,
    0x11B8, 0x110D, 0x1171, 0x11B9, 0x110D, 0x1171, 0x11BA, 0x110D, 0x1171, 0x11BB, 0x110D, 0x1171,
    0x11BC, 0x110D, 0x1171, 0x11BD, 0x110D, 0x1171, 0x11BE, 0x110D, 0x1171, 0x11BF, 0x110D, 0x1171,
    0x11C0, 0x110D, 0x1171, 0x11C1, 0x110D, 0x1171, 0x11C2, 0x110D, 0x1172, 0x110D, 0x1172, 0x11A8,
    0x110D, 0x1172, 0x11A9, 0x110D, 0x1172, 0x11AA, 0x110D, 0x1172, 0x11AB, 0x110D, 0x1172, 0x11AC,
    0x110D, 0x1172, 0x11AD, 0x110D, 0x1172, 0x11AE, 0x110D, 0x1172, 0x11AF, 0x110D, 0x1172, 0x11B0,
    0x110D, 0x1172, 0x11B1, 0x110D, 0x1172, 0x11B2, 0x110D, 0x1172, 0x11B3, 0x110D, 0x1172, 0x11B4,
    0x110D, 0x1172, 0x11B5, 0x110D, 0x1172, 0x11B6, 0x110D, 0x1172, 0x11B7, 0x110D, 0x1172, 0x11B8,
    0x110D, 0x1172, 0x11B9, 0x110D, 0x1172, 0x11BA, 0x110D, 0x1172, 0x11BB, 0x110D, 0x1172, 0x11BC,
    0x110D, 0x1172, 0x11BD, 0x110D, 0x1172, 0x11BE, 0x110D, 0x1172, 0x11BF, 0x110D, 0x1172, 0x11C0,
    0x110D, 0x1172, 0x11C1, 0x110D, 0x1172, 0x11C2, 0x110D, 0x1173, 0x110D, 0x1173, 0x11A8, 0x110D,
    0x1173, 0x11A9, 0x110D, 0x1173, 0x11AA, 0x110D, 0x1173, 0x11AB, 0x110D, 0x1173, 0x11AC, 0x110D,
    0x1173, 0x11AD, 0x110D, 0x1173, 0x11AE, 0x110D, 0x1173, 0x11AF, 0x110D, 0x1173, 0x11B0, 0x110D,
    0x1173, 0x11B1, 0x110D, 0x1173, 0x11B2, 0x110D, 0x1173, 0x11B3, 0x110D, 0x1173, 0x11B4, 0x110D,
    0x1173, 0x11B5, 0x110D, 0x1173, 0x11B6, 0x110D, 0x1173, 0x11B7, 0x110D, 0x1173, 0x11B8, 0x110D,
    0x1173, 0x11B9, 0x110D, 0x1173, 0x11BA, 0x110D, 0x1173, 0x11BB, 0x110D, 0x1173, 0x11BC, 0x110D,
    0x1173, 0x11BD, 0x110D, 0x1173, 0x11BE, 0x110D, 0x1173, 0x11BF, 0x110D, 0x1173, 0x11C0, 0x110D,
    0x1173, 0x11C1, 0x110D, 0x1173, 0x11C2, 0x110D, 0x1174, 0x110D, 0x1174, 0x11A8, 0x110D, 0x1174,
    0x11A9, 0x110D, 0x1174, 0x11AA, 0x110D, 0x1174, 0x11AB, 0x110D, 0x1174, 0x11AC, 0x110D, 0x1174,
    0x11AD, 0x110D, 0x1174, 0x11AE, 0x110D, 0x1174, 0x11AF, 0x110D, 0x1174, 0x11B0, 0x110D, 0x1174,
    0x11B1, 0x110D, 0x1174, 0x11B2, 0x110D, 0x1174, 0x11B3, 0x110D, 0x1174, 0x11B4, 0x110D, 0x1174,
    0x11B5, 0x110D, 0x1174, 0x11B6, 0x110D, 0x1174, 0x11B7, 0x110D, 0x1174, 0x11B8, 0x110D, 0x1174,
    0x11B9, 0x110D, 0x1174, 0x11BA, 0x110D, 0x1174, 0x11BB, 0x110D, 0x1174, 0x11BC, 0x110D, 0x1174,
    0x11BD, 0x110D, 0x1174, 0x11BE, 0x110D, 0x1174, 0x11BF, 0x110D, 0x1174, 0x11C0, 0x110D, 0x1174,
    0x11C1, 0x110D, 0x1174, 0x11C2, 0x110D, 0x1175, 0x110D, 0x1175, 0x11A8, 0x110D, 0x1175, 0x11A9,
    0x110D, 0x1175, 0x11AA, 0x110D, 0x1175, 0x11AB, 0x110D, 0x1175, 0x11AC, 0x110D, 0x1175, 0x11AD,
    0x110D, 0x1175, 0x11AE, 0x110D, 0x1175, 0x11AF, 0x110D, 0x1175, 0x11B0, 0x110D, 0x1175, 0x11B1,
    0x110D, 0x1175, 0x11B2, 0x110D, 0x1175, 0x11B3, 0x110D, 0x1175, 0x11B4, 0x110D, 0x1175, 0x11B5,
    0x110D, 0x1175, 0x11B6, 0x110D, 0x1175, 0x11B7, 0x110D, 0x1175, 0x11B8, 0x110D, 0x1175, 0x11B9,
    0x110D, 0x1175, 0x11BA, 0x110D, 0x1175, 0x11BB, 0x110D, 0x1175, 0x11BC, 0x110D, 0x1175, 0x11BD,
    0x110D, 0x1175, 0x11BE, 0x110D, 0x1175, 0x11BF, 0x110D, 0x1175, 0x11C0, 0x110D, 0x1175, 0x11C1,
    0x110D, 0x1175, 0x11C2, 0x110E, 0x1161, 0x110E, 0x1161, 0x11A8, 0x110E, 0x1161, 0x11A9, 0x110E,
    0x1161, 0x11AA, 0x110E, 0x1161, 0x11AB, 0x110E, 0x1161, 0x11AC, 0x110E, 0x1161, 0x11AD, 0x110E,
    0x1161, 0x11AE, 0x110E, 0x1161, 0x11AF, 0x110E, 0x1161, 0x11B0, 0x110E, 0x1161, 0x11B1, 0x110E,
    0x1161, 0x11B2, 0x110E, 0x1161, 0x11B3, 0x110E, 0x1161, 0x11B4, 0x110E, 0x1161, 0x11B5, 0x110E,
    0x1161, 0x11B6, 0x110E, 0x1161, 0x11B7, 0x110E, 0x1161, 0x11B8, 0x110E, 0x1161, 0x11B9, 0x110E,
    0x1161, 0x11BA, 0x110E, 0x1161, 0x11BB, 0x110E, 0x1161, 0x11BC, 0x110E, 0x1161, 0x11BD, 0x110E,
    0x1161, 0x11BE, 0x110E, 0x1161, 0x11BF, 0x110E, 0x1161, 0x11C0, 0x110E, 0x1161, 0x11C1, 0x110E,
    0x1161, 0x11C2, 0x110E, 0x1162, 0x110E, 0x1162, 0x11A8, 0x110E, 0x1162, 0x11A9, 0x110E, 0x1162,
    0x11AA, 0x110E, 0x1162, 0x11AB, 0x110E, 0x1162, 0x11AC, 0x110E, 0x1162, 0x11AD, 0x110E, 0x1162,
    0x11AE, 0x110E, 0x1162, 0x11AF, 0x110E, 0x1162, 0x11B0, 0x110E, 0x1162, 0x11B1, 0x110E, 0x1162,
    0x11B2, 0x110E, 0x1162, 0x11B3, 0x110E, 0x1162, 0x11B4, 0x110E, 0x1162, 0x11B5, 0x110E, 0x1162,
    0x11B6, 0x110E, 0x1162, 0x11B7, 0x110E, 0x1162, 0x11B8, 0x110E, 0x1162, 0x11B9, 0x110E, 0x1162,
    0x11BA, 0x110E, 0x1162, 0x11BB, 0x110E, 0x1162, 0x11BC, 0x110E, 0x1162, 0x11BD, 0x110E, 0x1162,
    0x11BE, 0x110E, 0x1162, 0x11BF, 0x110E, 0x1162, 0x11C0, 0x110E, 0x1162, 0x11C1, 0x110E, 0x1162,
    0x11C2, 0x110E, 0x1163, 0x110E, 0x1163, 0x11A8, 0x110E, 0x1163, 0x11A9, 0x110E, 0x1163, 0x11AA,
    0x110E, 0x1163, 0x11AB, 0x110E, 0x1163, 0x11AC, 0x110E, 0x1163, 0x11AD, 0x110E, 0x1163, 0x11AE,
    0x110E, 0x1163, 0x11AF, 0x110E, 0x1163, 0x11B0, 0x110E, 0x1163, 0x11B1, 0x110E, 0x1163, 0x11B2,
    0x110E, 0x1163, 0x11B3, 0x110E, 0x1163, 0x11B4, 0x110E, 0x1163, 0x11B5, 0x110E, 0x1163, 0x11B6,
    0x110E, 0x1163, 0x11B7, 0x110E, 0x1163, 0x11B8, 0x110E, 0x1163, 0x11B9, 0x110E, 0x1163, 0x11BA,
    0x110E, 0x1163, 0x11BB, 0x110E, 0x1163, 0x11BC, 0x110E, 0x1163, 0x11BD, 0x110E, 0x1163, 0x11BE,
    0x110E, 0x1163, 0x11BF, 0x110E, 0x1163, 0x11C0, 0x110E, 0x1163, 0x11C1, 0x110E, 0x1163, 0x11C2,
    0x110E, 0x1164, 0x110E, 0x1164, 0x11A8, 0x110E, 0x1164, 0x11A9, 0x110E, 0x1164, 0x11AA, 0x110E,
    0x1164, 0x11AB, 0x110E, 0x1164, 0x11AC, 0x110E, 0x1164, 0x11AD, 0x110E, 0x1164, 0x11AE, 0x110E,
    0x1164, 0x11AF, 0x110E, 0x1164, 0x11B0, 0x110E, 0x1164, 0x11B1, 0x110E, 0x1164, 0x11B2, 0x110E,
    0x1164, 0x11B3, 0x110E, 0x1164, 0x11B4, 0x110E, 0x1164, 0x11B5, 0x110E, 0x1164, 0x11B6, 0x110E,
    0x1164, 0x11B7, 0x110E, 0x1164, 0x11B8, 0x110E, 0x1164, 0x11B9, 0x110E, 0x1164, 0x11BA, 0x110E,
    0x1164, 0x11BB, 0x110E, 0x1164, 0x11BC, 0x110E, 0x1164, 0x11BD, 0x110E, 0x1164, 0x11BE, 0x110E,
    0x1164, 0x11BF, 0x110E, 0x1164, 0x11C0, 0x110E, 0x1164, 0x11C1, 0x110E, 0x1164, 0x11C2, 0x110E,
    0x1165, 0x110E, 0x1165, 0x11A8, 0x110E, 0x1165, 0x11A9, 0x110E, 0x1165, 0x11AA, 0x110E, 0x1165,
    0x11AB, 0x110E, 0x1165, 0x11AC, 0x110E, 0x1165, 0x11AD, 0x110E, 0x1165, 0x11AE, 0x110E, 0x1165,
    0x11AF, 0x110E, 0x1165, 0x11B0, 0x110E, 0x1165, 0x11B1, 0x110E, 0x1165, 0x11B2, 0x110E, 0x1165,
    0x11B3, 0x110E, 0x1165, 0x11B4, 0x110E, 0x1165, 0x11B5, 0x110E, 0x1165, 0x11B6, 0x110E, 0x1165,
    0x11B7, 0x110E, 0x1165, 0x11B8, 0x110E, 0x1165, 0x11B9, 0x110E, 0x1165, 0x11BA, 0x110E, 0x1165,
    0x11BB, 0x110E, 0x1165, 0x11BC, 0x110E, 0x1165, 0x11BD, 0x110E, 0x1165, 0x11BE, 0x110E, 0x1165,
    0x11BF, 0x110E, 0x1165, 0x11C0, 0x110E, 0x1165, 0x11C1, 0x110E, 0x1165, 0x11C2, 0x110E, 0x1166,
    0x110E, 0x1166, 0x11A8, 0x110E, 0x1166, 0x11A9, 0x110E, 0x1166, 0x11AA, 0x110E, 0x1166, 0x11AB,
    0x110E, 0x1166, 0x11AC, 0x110E, 0x1166, 0x11AD, 0x110E, 0x1166, 0x11AE, 0x110E, 0x1166, 0x11AF,
    0x110E, 0x1166, 0x11B0, 0x110E, 0x1166, 0x11B1, 0x110E, 0x1166, 0x11B2, 0x110E, 0x1166, 0x11B3,
    0x110E, 0x1166, 0x11B4, 0x110E, 0x1166, 0x11B5, 0x110E, 0x1166, 0x11B6, 0x110E, 0x1166, 0x11B7,
    0x110E, 0x1166, 0x11B8, 0x110E, 0x1166, 0x11B9, 0x110E, 0x1166, 0x11BA, 0x110E, 0x1166, 0x11BB,
    0x110E, 0x1166, 0x11BC, 0x110E, 0x1166, 0x11BD, 0x110E, 0x1166, 0x11BE, 0x110E, 0x1166, 0x11BF,
    0x110E, 0x1166, 0x11C0, 0x110E, 0x1166, 0x11C1, 0x110E, 0x1166, 0x11C2, 0x110E, 0x1167, 0x110E,
    0x1167, 0x11A8, 0x110E, 0x1167, 0x11A9, 0x110E, 0x1167, 0x11AA, 0x110E, 0x1167, 0x11AB, 0x110E,
    0x1167, 0x11AC, 0x110E, 0x1167, 0x11AD, 0x110E, 0x1167, 0x11AE, 0x110E, 0x1167, 0x11AF, 0x110E,
    0x1167, 0x11B0, 0x110E, 0x1167, 0x11B1, 0x110E, 0x1167, 0x11B2, 0x110E, 0x1167, 0x11B3, 0x110E,
    0x1167, 0x11B4, 0x110E, 0x1167, 0x11B5, 0x110E, 0x1167, 0x11B6, 0x110E, 0x1167, 0x11B7, 0x110E,
    0x1167, 0x11B8, 0x110E, 0x1167, 0x11B9, 0x110E, 0x1167, 0x11BA, 0x110E, 0x1167, 0x11BB, 0x110E,
    0x1167, 0x11BC, 0x110E, 0x1167, 0x11BD, 0x110E, 0x1167, 0x11BE, 0x110E, 0x1167, 0x11BF, 0x110E,
    0x1167, 0x11C0, 0x110E, 0x1167, 0x11C1, 0x110E, 0x1167, 0x11C2, 0x110E, 0x1168, 0x110E, 0x1168,
    0x11A8, 0x110E, 0x1168, 0x11A9, 0x110E, 0x1168, 0x11AA, 0x110E, 0x1168, 0x11AB, 0x110E, 0x1168,
    0x11AC, 0x110E, 0x1168, 0x11AD, 0x110E, 0x1168, 0x11AE, 0x110E, 0x1168, 0x11AF, 0x110E, 0x1168,
    0x11B0, 0x110E, 0x1168, 0x11B1, 0x110E, 0x1168, 0x11B2, 0x110E, 0x1168, 0x11B3, 0x110E, 0x1168,
    0x11B4, 0x110E, 0x1168, 0x11B5, 0x110E, 0x1168, 0x11B6, 0x110E, 0x1168, 0x11B7, 0x110E, 0x1168,
    0x11B8, 0x110E, 0x1168, 0x11B9, 0x110E, 0x1168, 0x11BA, 0x110E, 0x1168, 0x11BB, 0x110E, 0x1168,
    0x11BC, 0x110E, 0x1168, 0x11BD, 0x110E, 0x1168, 0x11BE, 0x110E, 0x1168, 0x11BF, 0x110E, 0x1168,
    0x11C0, 0x110E, 0x1168, 0x11C1, 0x110E, 0x1168, 0x11C2, 0x110E, 0x1169, 0x110E, 0x1169, 0x11A8,
    0x110E, 0x1169, 0x11A9, 0x110E, 0x1169, 0x11AA, 0x110E, 0x1169, 0x11AB, 0x110E, 0x1169, 0x11AC,
    0x110E, 0x1169, 0x11AD, 0x110E, 0x1169, 0x11AE, 0x110E, 0x1169, 0x11AF, 0x110E, 0x1169, 0x11B0,
    0x110E, 0x1169, 0x11B1, 0x110E, 0x1169, 0x11B2, 0x110E, 0x1169, 0x11B3, 0x110E, 0x1169, 0x11B4,
    0x110E, 0x1169, 0x11B5, 0x110E, 0x1169, 0x11B6, 0x110E, 0x1169, 0x11B7, 0x110E, 0x1169, 0x11B8,
    0x110E, 0x1169, 0x11B9, 0x110E, 0x1169, 0x11BA, 0x110E, 0x1169, 0x11BB, 0x110E, 0x1169, 0x11BC,
    0x110E, 0x1169, 0x11BD, 0x110E, 0x1169, 0x11BE, 0x110E, 0x1169, 0x11BF, 0x110E, 0x1169, 0x11C0,
    0x110E, 0x1169, 0x11C1, 0x110E, 0x1169, 0x11C2, 0x110E, 0x116A, 0x110E, 0x116A, 0x11A8, 0x110E,
    0x116A, 0x11A9, 0x110E, 0x116A, 0x11AA, 0x110E, 0x116A, 0x11AB, 0x110E, 0x116A, 0x11AC, 0x110E,
    0x116A, 0x11AD, 0x110E, 0x116A, 0x11AE, 0x110E, 0x116A, 0x11AF, 0x110E, 0x116A, 0x11B0, 0x110E,
    0x116A, 0x11B1, 0x110E, 0x116A, 0x11B2, 0x110E, 0x116A, 0x11B3, 0x110E, 0x116A, 0x11B4, 0x110E,
    0x116A, 0x11B5, 0x110E, 0x116A, 0x11B6, 0x110E, 0x116A, 0x11B7, 0x110E, 0x116A, 0x11B8, 0x110E,
    0x116A, 0x11B9, 0x110E, 0x116A, 0x11BA, 0x110E, 0x116A, 0x11BB, 0x110E, 0x116A, 0x11BC, 0x110E,
    0x116A, 0x11BD, 0x110E, 0x116A, 0x11BE, 0x110E, 0x116A, 0x11BF, 0x110E, 0x116A, 0x11C0, 0x110E,
    0x116A, 0x11C1, 0x110E, 0x116A, 0x11C2, 0x110E, 0x116B, 0x110E, 0x116B, 0x11A8, 0x110E, 0x116B,
    0x11A9, 0x110E, 0x116B, 0x11AA, 0x110E, 0x116B, 0x11AB, 0x110E, 0x116B, 0x11AC, 0x110E, 0x116B,
    0x11AD, 0x110E, 0x116B, 0x11AE, 0x110E, 0x116B, 0x11AF, 0x110E, 0x116B, 0x11B0, 0x110E, 0x116B,
    0x11B1, 0x110E, 0x116B, 0x11B2, 0x110E, 0x116B, 0x11B3, 0x110E, 0x116B, 0x11B4, 0x110E, 0x116B,
    0x11B5, 0x110E, 0x116B, 0x11B6, 0x110E, 0x116B, 0x11B7, 0x110E, 0x116B, 0x11B8, 0x110E, 0x116B,
    0x11B9, 0x110E, 0x116B, 0x11BA, 0x110E, 0x116B, 0x11BB, 0x110E, 0x116B, 0x11BC, 0x110E, 0x116B,
    0x11BD, 0x110E, 0x116B, 0x11BE, 0x110E, 0x116B, 0x11BF, 0x110E, 0x116B, 0x11C0, 0x110E, 0x116B,
    0x11C1, 0x110E, 0x116B, 0x11C2, 0x110E, 0x116C, 0x110E, 0x116C, 0x11A8, 0x110E, 0x116C, 0x11A9,
    0x110E, 0x116C, 0x11AA, 0x110E, 0x116C, 0x11AB, 0x110E, 0x116C, 0x11AC, 0x110E, 0x116C, 0x11AD,
    0x110E, 0x116C, 0x11AE, 0x110E, 0x116C, 0x11AF, 0x110E, 0x116C, 0x11B0, 0x110E, 0x116C, 0x11B1,
    0x110E, 0x116C, 0x11B2, 0x110E, 0x116C, 0x11B3, 0x110E, 0x116C, 0x11B4, 0x110E, 0x116C, 0x11B5,
    0x110E, 0x116C, 0x11B6, 0x110E, 0x116C, 0x11B7, 0x110E, 0x116C, 0x11B8, 0x110E, 0x116C, 0x11B9,
    0x110E, 0x116C, 0x11BA, 0x110E, 0x116C, 0x11BB, 0x110E, 0x116C, 0x11BC, 0x110E, 0x116C, 0x11BD,
    0x110E, 0x116C, 0x11BE, 0x110E, 0x116C, 0x11BF, 0x110E, 0x116C, 0x11C0, 0x110E, 0x116C, 0x11C1,
    0x110E, 0x116C, 0x11C2, 0x110E, 0x116D, 0x110E, 0x116D, 0x11A8, 0x110E, 0x116D, 0x11A9, 0x110E,
    0x116D, 0x11AA, 0x110E, 0x116D, 0x11AB, 0x110E, 0x116D, 0x11AC, 0x110E, 0x116D, 0x11AD, 0x110E,
    0x116D, 0x11AE, 0x110E, 0x116D, 0x11AF, 0x110E, 0x116D, 0x11B0, 0x110E, 0x116D, 0x11B1, 0x110E,
    0x116D, 0x11B2, 0x110E, 0x116D, 0x11B3, 0x110E, 0x116D, 0x11B4, 0x110E, 0x116D, 0x11B5, 0x110E,
    0x116D, 0x11B6, 0x110E, 0x116D, 0x11B7, 0x110E, 0x116D, 0x11B8, 0x110E, 0x116D, 0x11B9, 0x110E,
    0x116D, 0x11BA, 0x110E, 0x116D, 0x11BB, 0x110E, 0x116D, 0x11BC, 0x110E, 0x116D, 0x11BD, 0x110E,
    0x116D, 0x11BE, 0x110E, 0x116D, 0x11BF, 0x110E, 0x116D, 0x11C0, 0x110E, 0x116D, 0x11C1, 0x110E,
    0x116D, 0x11C2, 0x110E, 0x116E, 0x110E, 0x116E, 0x11A8, 0x110E, 0x116E, 0x11A9, 0x110E, 0x116E,
    0x11AA, 0x110E, 0x116E, 0x11AB, 0x110E, 0x116E, 0x11AC, 0x110E, 0x116E, 0x11AD, 0x110E, 0x116E,
    0x11AE, 0x110E, 0x116E, 0x11AF, 0x110E, 0x116E, 0x11B0, 0x110E, 0x116E, 0x11B1, 0x110E, 0x116E,
    0x11B2, 0x110E, 0x116E, 0x11B3, 0x110E, 0x116E, 0x11B4, 0x110E, 0x116E, 0x11B5, 0x110E, 0x116E,
    0x11B6, 0x110E, 0x116E, 0x11B7, 0x110E, 0x116E, 0x11B8, 0x110E, 0x116E, 0x11B9, 0x110E, 0x116E,
    0x11BA, 0x110E, 0x116E, 0x11BB, 0x110E, 0x116E, 0x11BC, 0x110E, 0x116E, 0x11BD, 0x110E, 0x116E,
    0x11BE, 0x110E, 0x116E, 0x11BF, 0x110E, 0x116E, 0x11C0, 0x110E, 0x116E, 0x11C1, 0x110E, 0x116E,
    0x11C2, 0x110E, 0x116F, 0x110E, 0x116F, 0x11A8, 0x110E, 0x116F, 0x11A9, 0x110E, 0x116F, 0x11AA,
    0x110E, 0x116F, 0x11AB, 0x110E, 0x116F, 0x11AC, 0x110E, 0x116F, 0x11AD, 0x110E, 0x116F, 0x11AE,
    0x110E, 0x116F, 0x11AF, 0x110E, 0x116F, 0x11B0, 0x110E, 0x116F, 0x11B1, 0x110E, 0x116F, 0x11B2,
    0x110E, 0x116F, 0x11B3, 0x110E, 0x116F, 0x11B4, 0x110E, 0x116F, 0x11B5, 0x110E, 0x116F, 0x11B6,
    0x110E, 0x116F, 0x11B7, 0x110E, 0x116F, 0x11B8, 0x110E, 0x116F, 0x11B9, 0x110E, 0x116F, 0x11BA,
    0x110E, 0x116F, 0x11BB, 0x110E, 0x116F, 0x11BC, 0x110E, 0x116F, 0x11BD, 0x110E, 0x116F, 0x11BE,
    0x110E, 0x116F, 0x11BF, 0x110E, 0x116F, 0x11C0, 0x110E, 0x116F, 0x11C1, 0x110E, 0x116F, 0x11C2,
    0x110E, 0x1170, 0x110E, 0x1170, 0x11A8, 0x110E, 0x1170, 0x11A9, 0x110E, 0x1170, 0x11AA, 0x110E,
    0x1170, 0x11AB, 0x110E, 0x1170, 0x11AC, 0x110E, 0x1170, 0x11AD, 0x110E, 0x1170, 0x11AE, 0x110E,
    0x1170, 0x11AF, 0x110E, 0x1170, 0x11B0, 0x110E, 0x1170, 0x11B1, 0x110E, 0x1170, 0x11B2, 0x110E,
    0x1170, 0x11B3, 0x110E, 0x1170, 0x11B4, 0x110E, 0x1170, 0x11B5, 0x110E, 0x1170, 0x11B6, 0x110E,
    0x1170, 0x11B7, 0x110E, 0x1170, 0x11B8, 0x110E, 0x1170, 0x11B9, 0x110E, 0x1170, 0x11BA, 0x110E,
    0x1170, 0x11BB, 0x110E, 0x1170, 0x11BC, 0x110E, 0x1170, 0x11BD, 0x110E, 0x1170, 0x11BE, 0x110E,
    0x1170, 0x11BF, 0x110E, 0x1170, 0x11C0, 0x110E, 0x1170, 0x11C1, 0x110E, 0x1170, 0x11C2, 0x110E,
    0x1171, 0x110E, 0x1171, 0x11A8, 0x110E, 0x1171, 0x11A9, 0x110E, 0x1171, 0x11AA, 0x110E, 0x1171,
    0x11AB, 0x110E, 0x1171, 0x11AC, 0x110E, 0x1171, 0x11AD, 0x110E, 0x1171, 0x11AE, 0x110E, 0x1171,
    0x11AF, 0x110E, 0x1171, 0x11B0, 0x110E, 0x1171, 0x11B1, 0x110E, 0x1171, 0x11B2, 0x110E, 0x1171,
    0x11B3, 0x110E, 0x1171, 0x11B4, 0x110E, 0x1171, 0x11B5, 0x110E, 0x1171, 0x11B6, 0x110E, 0x1171,
    0x11B7, 0x110E, 0x1171, 0x11B8, 0x110E, 0x1171, 0x11B9, 0x110E, 0x1171, 0x11BA, 0x110E, 0x1171,
    0x11BB, 0x110E, 0x1171, 0x11BC, 0x110E, 0x1171, 0x11BD, 0x110E, 0x1171, 0x11BE, 0x110E, 0x1171,
    0x11BF, 0x110E, 0x1171, 0x11C0, 0x110E, 0x1171, 0x11C1, 0x110E, 0x1171, 0x11C2, 0x110E, 0x1172,
    0x110E, 0x1172, 0x11A8, 0x110E, 0x1172, 0x11A9, 0x110E, 0x1172, 0x11AA, 0x110E, 0x1172, 0x11AB,
    0x110E, 0x1172, 0x11AC, 0x110E, 0x1172, 0x11AD, 0x110E, 0x1172, 0x11AE, 0x110E, 0x1172, 0x11AF,
    0x110E, 0x1172, 0x11B0, 0x110E, 0x1172, 0x11B1, 0x110E, 0x1172, 0x11B2, 0x110E, 0x1172, 0x11B3,
    0x110E, 0x1172, 0x11B4, 0x110E, 0x1172, 0x11B5, 0x110E, 0x1172, 0x11B6, 0x110E, 0x1172, 0x11B7,
    0x110E, 0x1172, 0x11B8, 0x110E, 0x1172, 0x11B9, 0x110E, 0x1172, 0x11BA, 0x110E, 0x1172, 0x11BB,
    0x110E, 0x1172, 0x11BC, 0x110E, 0x1172, 0x11BD, 0x110E, 0x1172, 0x11BE, 0x110E, 0x1172, 0x11BF,
    0x110E, 0x1172, 0x11C0, 0x110E, 0x1172, 0x11C1, 0x110E, 0x1172, 0x11C2, 0x110E, 0x1173, 0x110E,
    0x1173, 0x11A8, 0x110E, 0x1173, 0x11A9, 0x110E, 0x1173, 0x11AA, 0x110E, 0x1173, 0x11AB, 0x110E,
    0x1173, 0x11AC, 0x110E, 0x1173, 0x11AD, 0x110E, 0x1173, 0x11AE, 0x110E, 0x1173, 0x11AF, 0x110E,
    0x1173, 0x11B0, 0x110E, 0x1173, 0x11B1, 0x110E, 0x1173, 0x11B2, 0x110E, 0x1173, 0x11B3, 0x110E,
    0x1173, 0x11B4, 0x110E, 0x1173, 0x11B5, 0x110E, 0x1173, 0x11B6, 0x110E, 0x1173, 0x11B7, 0x110E,
    0x1173, 0x11B8, 0x110E, 0x1173, 0x11B9, 0x110E, 0x1173, 0x11BA, 0x110E, 0x1173, 0x11BB, 0x110E,
    0x1173, 0x11BC, 0x110E, 0x1173, 0x11BD, 0x110E, 0x1173, 0x11BE, 0x110E, 0x1173, 0x11BF, 0x110E,
    0x1173, 0x11C0, 0x110E, 0x1173, 0x11C1, 0x110E, 0x1173, 0x11C2, 0x110E, 0x1174, 0x110E, 0x1174,
    0x11A8, 0x110E, 0x1174, 0x11A9, 0x110E, 0x1174, 0x11AA, 0x110E, 0x1174, 0x11AB, 0x110E, 0x1174,
    0x11AC, 0x110E, 0x1174, 0x11AD, 0x110E, 0x1174, 0x11AE, 0x110E, 0x1174, 0x11AF, 0x110E, 0x1174,
    0x11B0, 0x110E, 0x1174, 0x11B1, 0x110E, 0x1174, 0x11B2, 0x110E, 0x1174, 0x11B3, 0x110E, 0x1174,
    0x11B4, 0x110E, 0x1174, 0x11B5, 0x110E, 0x1174, 0x11B6, 0x110E, 0x1174, 0x11B7, 0x110E, 0x1174,
    0x11B8, 0x110E, 0x1174, 0x11B9, 0x110E, 0x1174, 0x11BA, 0x110E, 0x1174, 0x11BB, 0x110E, 0x1174,
    0x11BC, 0x110E, 0x1174, 0x11BD, 0x110E, 0x1174, 0x11BE, 0x110E, 0x1174, 0x11BF, 0x110E, 0x1174,
    0x11C0, 0x110E, 0x1174, 0x11C1, 0x110E, 0x1174, 0x11C2, 0x110E, 0x1175, 0x110E, 0x1175, 0x11A8,
    0x110E, 0x1175, 0x11A9, 0x110E, 0x1175, 0x11AA, 0x110E, 0x1175, 0x11AB, 0x110E, 0x1175, 0x11AC,
    0x110E, 0x1175, 0x11AD, 0x110E, 0x1175, 0x11AE, 0x110E, 0x1175, 0x11AF, 0x110E, 0x1175, 0x11B0,
    0x110E, 0x1175, 0x11B1, 0x110E, 0x1175, 0x11B2, 0x110E, 0x1175, 0x11B3, 0x110E, 0x1175, 0x11B4,
    0x110E, 0x1175, 0x11B5, 0x110E, 0x1175, 0x11B6, 0x110E, 0x1175, 0x11B7, 0x110E, 0x1175, 0x11B8,
    0x110E, 0x1175, 0x11B9, 0x110E, 0x1175, 0x11BA, 0x110E, 0x1175, 0x11BB, 0x110E, 0x1175, 0x11BC,
    0x110E, 0x1175, 0x11BD, 0x110E, 0x1175, 0x11BE, 0x110E, 0x1175, 0x11BF, 0x110E, 0x1175, 0x11C0,
    0x110E, 0x1175, 0x11C1, 0x110E, 0x1175, 0x11C2, 0x110F, 0x1161, 0x110F, 0x1161, 0x11A8, 0x110F,
    0x1161, 0x11A9, 0x110F, 0x1161, 0x11AA, 0x110F, 0x1161, 0x11AB, 0x110F, 0x1161, 0x11AC, 0x110F,
    0x1161, 0x11AD, 0x110F, 0x1161, 0x11AE, 0x110F, 0x1161, 0x11AF, 0x110F, 0x1161, 0x11B0, 0x110F,
    0x1161, 0x11B1, 0x110F, 0x1161, 0x11B2, 0x110F, 0x1161, 0x11B3, 0x110F, 0x1161, 0x11B4, 0x110F,
    0x1161, 0x11B5, 0x110F, 0x1161, 0x11B6, 0x110F, 0x1161, 0x11B7, 0x110F, 0x1161, 0x11B8, 0x110F,
    0x1161, 0x11B9, 0x110F, 0x1161, 0x11BA, 0x110F, 0x1161, 0x11BB, 0x110F, 0x1161, 0x11BC, 0x110F,
    0x1161, 0x11BD, 0x110F, 0x1161, 0x11BE, 0x110F, 0x1161, 0x11BF, 0x110F, 0x1161, 0x11C0, 0x110F,
    0x1161, 0x11C1, 0x110F, 0x1161, 0x11C2, 0x110F, 0x1162, 0x110F, 0x1162, 0x11A8, 0x110F, 0x1162,
    0x11A9, 0x110F, 0x1162, 0x11AA, 0x110F, 0x1162, 0x11AB, 0x110F, 0x1162, 0x11AC, 0x110F, 0x1162,
    0x11AD, 0x110F, 0x1162, 0x11AE, 0x110F, 0x1162, 0x11AF, 0x110F, 0x1162, 0x11B0, 0x110F, 0x1162,
    0x11B1, 0x110F, 0x1162, 0x11B2, 0x110F, 0x1162, 0x11B3, 0x110F, 0x1162, 0x11B4, 0x110F, 0x1162,
    0x11B5, 0x110F, 0x1162, 0x11B6, 0x110F, 0x1162, 0x11B7, 0x110F, 0x1162, 0x11B8, 0x110F, 0x1162,
    0x11B9, 0x110F, 0x1162, 0x11BA, 0x110F, 0x1162, 0x11BB, 0x110F, 0x1162, 0x11BC, 0x110F, 0x1162,
    0x11BD, 0x110F, 0x1162, 0x11BE, 0x110F, 0x1162, 0x11BF, 0x110F, 0x1162, 0x11C0, 0x110F, 0x1162,
    0x11C1, 0x110F, 0x1162, 0x11C2, 0x110F, 0x1163, 0x110F, 0x1163, 0x11A8, 0x110F, 0x1163, 0x11A9,
    0x110F, 0x1163, 0x11AA, 0x110F, 0x1163, 0x11AB, 0x110F, 0x1163, 0x11AC, 0x110F, 0x1163, 0x11AD,
    0x110F, 0x1163, 0x11AE, 0x110F, 0x1163, 0x11AF, 0x110F, 0x1163, 0x11B0, 0x110F, 0x1163, 0x11B1,
    0x110F, 0x1163, 0x11B2, 0x110F, 0x1163, 0x11B3, 0x110F, 0x1163, 0x11B4, 0x110F, 0x1163, 0x11B5,
    0x110F, 0x1163, 0x11B6, 0x110F, 0x1163, 0x11B7, 0x110F, 0x1163, 0x11B8, 0x110F, 0x1163, 0x11B9,
    0x110F, 0x1163, 0x11BA, 0x110F, 0x1163, 0x11BB, 0x110F, 0x1163, 0x11BC, 0x110F, 0x1163, 0x11BD,
    0x110F, 0x1163, 0x11BE, 0x110F, 0x1163, 0x11BF, 0x110F, 0x1163, 0x11C0, 0x110F, 0x1163, 0x11C1,
    0x110F, 0x1163, 0x11C2, 0x110F, 0x1164, 0x110F, 0x1164, 0x11A8, 0x110F, 0x1164, 0x11A9, 0x110F,
    0x1164, 0x11AA, 0x110F, 0x1164, 0x11AB, 0x110F, 0x1164, 0x11AC, 0x110F, 0x1164, 0x11AD, 0x110F,
    0x1164, 0x11AE, 0x110F, 0x1164, 0x11AF, 0x110F, 0x1164, 0x11B0, 0x110F, 0x1164, 0x11B1, 0x110F,
    0x1164, 0x11B2, 0x110F, 0x1164, 0x11B3, 0x110F, 0x1164, 0x11B4, 0x110F, 0x1164, 0x11B5, 0x110F,
    0x1164, 0x11B6, 0x110F, 0x1164, 0x11B7, 0x110F, 0x1164, 0x11B8, 0x110F, 0x1164, 0x11B9, 0x110F,
    0x1164, 0x11BA, 0x110F, 0x1164, 0x11BB, 0x110F, 0x1164, 0x11BC, 0x110F, 0x1164, 0x11BD, 0x110F,
    0x1164, 0x11BE, 0x110F, 0x1164, 0x11BF, 0x110F, 0x1164, 0x11C0, 0x110F, 0x1164, 0x11C1, 0x110F,
    0x1164, 0x11C2, 0x110F, 0x1165, 0x110F, 0x1165, 0x11A8, 0x110F, 0x1165, 0x11A9, 0x110F, 0x1165,
    0x11AA, 0x110F, 0x1165, 0x11AB, 0x110F, 0x1165, 0x11AC, 0x110F, 0x1165, 0x11AD, 0x110F, 0x1165,
    0x11AE, 0x110F, 0x1165, 0x11AF, 0x110F, 0x1165, 0x11B0, 0x110F, 0x1165, 0x11B1, 0x110F, 0x1165,
    0x11B2, 0x110F, 0x1165, 0x11B3, 0x110F, 0x1165, 0x11B4, 0x110F, 0x1165, 0x11B5, 0x110F, 0x1165,
    0x11B6, 0x110F, 0x1165, 0x11B7, 0x110F, 0x1165, 0x11B8, 0x110F, 0x1165, 0x11B9, 0x110F, 0x1165,
    0x11BA, 0x110F, 0x1165, 0x11BB, 0x110F, 0x1165, 0x11BC, 0x110F, 0x1165, 0x11BD, 0x110F, 0x1165,
    0x11BE, 0x110F, 0x1165, 0x11BF, 0x110F, 0x1165, 0x11C0, 0x110F, 0x1165, 0x11C1, 0x110F, 0x1165,
    0x11C2, 0x110F, 0x1166, 0x110F, 0x1166, 0x11A8, 0x110F, 0x1166, 0x11A9, 0x110F, 0x1166, 0x11AA,
    0x110F, 0x1166, 0x11AB, 0x110F, 0x1166, 0x11AC, 0x110F, 0x1166, 0x11AD, 0x110F, 0x1166, 0x11AE,
    0x110F, 0x1166, 0x11AF, 0x110F, 0x1166, 0x11B0, 0x110F, 0x1166, 0x11B1, 0x110F, 0x1166, 0x11B2,
    0x110F, 0x1166, 0x11B3, 0x110F, 0x1166, 0x11B4, 0x110F, 0x1166, 0x11B5, 0x110F, 0x1166, 0x11B6,
    0x110F, 0x1166, 0x11B7, 0x110F, 0x1166, 0x11B8, 0x110F, 0x1166, 0x11B9, 0x110F, 0x1166, 0x11BA,
    0x110F, 0x1166, 0x11BB, 0x110F, 0x1166, 0x11BC, 0x110F, 0x1166, 0x11BD, 0x110F, 0x1166, 0x11BE,
    0x110F, 0x1166, 0x11BF, 0x110F, 0x1166, 0x11C0, 0x110F, 0x1166, 0x11C1, 0x110F, 0x1166, 0x11C2,
    0x110F, 0x1167, 0x110F, 0x1167, 0x11A8, 0x110F, 0x1167, 0x11A9, 0x110F, 0x1167, 0x11AA, 0x110F,
    0x1167, 0x11AB, 0x110F, 0x1167, 0x11AC, 0x110F, 0x1167, 0x11AD, 0x110F, 0x1167, 0x11AE, 0x110F,
    0x1167, 0x11AF, 0x110F, 0x1167, 0x11B0, 0x110F, 0x1167, 0x11B1, 0x110F, 0x1167, 0x11B2, 0x110F,
    0x1167, 0x11B3, 0x110F, 0x1167, 0x11B4, 0x110F, 0x1167, 0x11B5, 0x110F, 0x1167, 0x11B6, 0x110F,
    0x1167, 0x11B7, 0x110F, 0x1167, 0x11B8, 0x110F, 0x1167, 0x11B9, 0x110F, 0x1167, 0x11BA, 0x110F,
    0x1167, 0x11BB, 0x110F, 0x1167, 0x11BC, 0x110F, 0x1167, 0x11BD, 0x110F, 0x1167, 0x11BE, 0x110F,
    0x1167, 0x11BF, 0x110F, 0x1167, 0x11C0, 0x110F, 0x1167, 0x11C1, 0x110F, 0x1167, 0x11C2, 0x110F,
    0x1168, 0x110F, 0x1168, 0x11A8, 0x110F, 0x1168, 0x11A9, 0x110F, 0x1168, 0x11AA, 0x110F, 0x1168,
    0x11AB, 0x110F, 0x1168, 0x11AC, 0x110F, 0x1168, 0x11AD, 0x110F, 0x1168, 0x11AE, 0x110F, 0x1168,
    0x11AF, 0x110F, 0x1168, 0x11B0, 0x110F, 0x1168, 0x11B1, 0x110F, 0x1168, 0x11B2, 0x110F, 0x1168,
    0x11B3, 0x110F, 0x1168, 0x11B4, 0x110F, 0x1168, 0x11B5, 0x110F, 0x1168, 0x11B6, 0x110F, 0x1168,
    0x11B7, 0x110F, 0x1168, 0x11B8, 0x110F, 0x1168, 0x11B9, 0x110F, 0x1168, 0x11BA, 0x110F, 0x1168,
    0x11BB, 0x110F, 0x1168, 0x11BC, 0x110F, 0x1168, 0x11BD, 0x110F, 0x1168, 0x11BE, 0x110F, 0x1168,
    0x11BF, 0x110F, 0x1168, 0x11C0, 0x110F, 0x1168, 0x11C1, 0x110F, 0x1168, 0x11C2, 0x110F, 0x1169,
    0x110F, 0x1169, 0x11A8, 0x110F, 0x1169, 0x11A9, 0x110F, 0x1169, 0x11AA, 0x110F, 0x1169, 0x11AB,
    0x110F, 0x1169, 0x11AC, 0x110F, 0x1169, 0x11AD, 0x110F, 0x1169, 0x11AE, 0x110F, 0x1169, 0x11AF,
    0x110F, 0x1169, 0x11B0, 0x110F, 0x1169, 0x11B1, 0x110F, 0x1169, 0x11B2, 0x110F, 0x1169, 0x11B3,
    0x110F, 0x1169, 0x11B4, 0x110F, 0x1169, 0x11B5, 0x110F, 0x1169, 0x11B6, 0x110F, 0x1169, 0x11B7,
    0x110F, 0x1169, 0x11B8, 0x110F, 0x1169, 0x11B9, 0x110F, 0x1169, 0x11BA, 0x110F, 0x1169, 0x11BB,
    0x110F, 0x1169, 0x11BC, 0x110F, 0x1169, 0x11BD, 0x110F, 0x1169, 0x11BE, 0x110F, 0x1169, 0x11BF,
    0x110F, 0x1169, 0x11C0, 0x110F, 0x1169, 0x11C1, 0x110F, 0x1169, 0x11C2, 0x110F, 0x116A, 0x110F,
    0x116A, 0x11A8, 0x110F, 0x116A, 0x11A9, 0x110F, 0x116A, 0x11AA, 0x110F, 0x116A, 0x11AB, 0x110F,
    0x116A, 0x11AC, 0x110F, 0x116A, 0x11AD, 0x110F, 0x116A, 0x11AE, 0x110F, 0x116A, 0x11AF, 0x110F,
    0x116A, 0x11B0, 0x110F, 0x116A, 0x11B1, 0x110F, 0x116A, 0x11B2, 0x110F, 0x116A, 0x11B3, 0x110F,
    0x116A, 0x11B4, 0x110F, 0x116A, 0x11B5, 0x110F, 0x116A, 0x11B6, 0x110F, 0x116A, 0x11B7, 0x110F,
    0x116A, 0x11B8, 0x110F, 0x116A, 0x11B9, 0x110F, 0x116A, 0x11BA, 0x110F, 0x116A, 0x11BB, 0x110F,
    0x116A, 0x11BC, 0x110F, 0x116A, 0x11BD, 0x110F, 0x116A, 0x11BE, 0x110F, 0x116A, 0x11BF, 0x110F,
    0x116A, 0x11C0, 0x110F, 0x116A, 0x11C1, 0x110F, 0x116A, 0x11C2, 0x110F, 0x116B, 0x110F, 0x116B,
    0x11A8, 0x110F, 0x116B, 0x11A9, 0x110F, 0x116B, 0x11AA, 0x110F, 0x116B, 0x11AB, 0x110F, 0x116B,
    0x11AC, 0x110F, 0x116B, 0x11AD, 0x110F, 0x116B, 0x11AE, 0x110F, 0x116B, 0x11AF, 0x110F, 0x116B,
    0x11B0, 0x110F, 0x116B, 0x11B1, 0x110F, 0x116B, 0x11B2, 0x110F, 0x116B, 0x11B3, 0x110F, 0x116B,
    0x11B4, 0x110F, 0x116B, 0x11B5, 0x110F, 0x116B, 0x11B6, 0x110F, 0x116B, 0x11B7, 0x110F, 0x116B,
    0x11B8, 0x110F, 0x116B, 0x11B9, 0x110F, 0x116B, 0x11BA, 0x110F, 0x116B, 0x11BB, 0x110F, 0x116B,
    0x11BC, 0x110F, 0x116B, 0x11BD, 0x110F, 0x116B, 0x11BE, 0x110F, 0x116B, 0x11BF, 0x110F, 0x116B,
    0x11C0, 0x110F, 0x116B, 0x11C1, 0x110F, 0x116B, 0x11C2, 0x110F, 0x116C, 0x110F, 0x116C, 0x11A8,
    0x110F, 0x116C, 0x11A9, 0x110F, 0x116C, 0x11AA, 0x110F, 0x116C, 0x11AB, 0x110F, 0x116C, 0x11AC,
    0x110F, 0x116C, 0x11AD, 0x110F, 0x116C, 0x11AE, 0x110F, 0x116C, 0x11AF, 0x110F, 0x116C, 0x11B0,
    0x110F, 0x116C, 0x11B1, 0x110F, 0x116C, 0x11B2, 0x110F, 0x116C, 0x11B3, 0x110F, 0x116C, 0x11B4,
    0x110F, 0x116C, 0x11B5, 0x110F, 0x116C, 0x11B6, 0x110F, 0x116C, 0x11B7, 0x110F, 0x116C, 0x11B8,
    0x110F, 0x116C, 0x11B9, 0x110F, 0x116C, 0x11BA, 0x110F, 0x116C, 0x11BB, 0x110F, 0x116C, 0x11BC,
    0x110F, 0x116C, 0x11BD, 0x110F, 0x116C, 0x11BE, 0x110F, 0x116C, 0x11BF, 0x110F, 0x116C, 0x11C0,
    0x110F, 0x116C, 0x11C1, 0x110F, 0x116C, 0x11C2, 0x110F, 0x116D, 0x110F, 0x116D, 0x11A8, 0x110F,
    0x116D, 0x11A9, 0x110F, 0x116D, 0x11AA, 0x110F, 0x116D, 0x11AB, 0x110F, 0x116D, 0x11AC, 0x110F,
    0x116D, 0x11AD, 0x110F, 0x116D, 0x11AE, 0x110F, 0x116D, 0x11AF, 0x110F, 0x116D, 0x11B0, 0x110F,
    0x116D, 0x11B1, 0x110F, 0x116D, 0x11B2, 0x110F, 0x116D, 0x11B3, 0x110F, 0x116D, 0x11B4, 0x110F,
    0x116D, 0x11B5, 0x110F, 0x116D, 0x11B6, 0x110F, 0x116D, 0x11B7, 0x110F, 0x116D, 0x11B8, 0x110F,
    0x116D, 0x11B9, 0x110F, 0x116D, 0x11BA, 0x110F, 0x116D, 0x11BB, 0x110F, 0x116D, 0x11BC, 0x110F,
    0x116D, 0x11BD, 0x110F, 0x116D, 0x11BE, 0x110F, 0x116D, 0x11BF, 0x110F, 0x116D, 0x11C0, 0x110F,
    0x116D, 0x11C1, 0x110F, 0x116D, 0x11C2, 0x110F, 0x116E, 0x110F, 0x116E, 0x11A8, 0x110F, 0x116E,
    0x11A9, 0x110F, 0x116E, 0x11AA, 0x110F, 0x116E, 0x11AB, 0x110F, 0x116E, 0x11AC, 0x110F, 0x116E,
    0x11AD, 0x110F, 0x116E, 0x11AE, 0x110F, 0x116E, 0x11AF, 0x110F, 0x116E, 0x11B0, 0x110F, 0x116E,
    0x11B1, 0x110F, 0x116E, 0x11B2, 0x110F, 0x116E, 0x11B3, 0x110F, 0x116E, 0x11B4, 0x110F, 0x116E,
    0x11B5, 0x110F, 0x116E, 0x11B6, 0x110F, 0x116E, 0x11B7, 0x110F, 0x116E, 0x11B8, 0x110F, 0x116E,
    0x11B9, 0x110F, 0x116E, 0x11BA, 0x110F, 0x116E, 0x11BB, 0x110F, 0x116E, 0x11BC, 0x110F, 0x116E,
    0x11BD, 0x110F, 0x116E, 0x11BE, 0x110F, 0x116E, 0x11BF, 0x110F, 0x116E, 0x11C0, 0x110F, 0x116E,
    0x11C1, 0x110F, 0x116E, 0x11C2, 0x110F, 0x116F, 0x110F, 0x116F, 0x11A8, 0x110F, 0x116F, 0x11A9,
    0x110F, 0x116F, 0x11AA, 0x110F, 0x116F, 0x11AB, 0x110F, 0x116F, 0x11AC, 0x110F, 0x116F, 0x11AD,
    0x110F, 0x116F, 0x11AE, 0x110F, 0x116F, 0x11AF, 0x110F, 0x116F, 0x11B0, 0x110F, 0x116F, 0x11B1,
    0x110F, 0x116F, 0x11B2, 0x110F, 0x116F, 0x11B3, 0x110F, 0x116F, 0x11B4, 0x110F, 0x116F, 0x11B5,
    0x110F, 0x116F, 0x11B6, 0x110F, 0x116F, 0x11B7, 0x110F, 0x116F, 0x11B8, 0x110F, 0x116F, 0x11B9,
    0x110F, 0x116F, 0x11BA, 0x110F, 0x116F, 0x11BB, 0x110F, 0x116F, 0x11BC, 0x110F, 0x116F, 0x11BD,
    0x110F, 0x116F, 0x11BE, 0x110F, 0x116F, 0x11BF, 0x110F, 0x116F, 0x11C0, 0x110F, 0x116F, 0x11C1,
    0x110F, 0x116F, 0x11C2, 0x110F, 0x1170, 0x110F, 0x1170, 0x11A8, 0x110F, 0x1170, 0x11A9, 0x110F,
    0x1170, 0x11AA, 0x110F, 0x1170, 0x11AB, 0x110F, 0x1170, 0x11AC, 0x110F, 0x1170, 0x11AD, 0x110F,
    0x1170, 0x11AE, 0x110F, 0x1170, 0x11AF, 0x110F, 0x1170, 0x11B0, 0x110F, 0x1170, 0x11B1, 0x110F,
    0x1170, 0x11B2, 0x110F, 0x1170, 0x11B3, 0x110F, 0x1170, 0x11B4, 0x110F, 0x1170, 0x11B5, 0x110F,
    0x1170, 0x11B6, 0x110F, 0x1170, 0x11B7, 0x110F, 0x1170, 0x11B8, 0x110F, 0x1170, 0x11B9, 0x110F,
    0x1170, 0x11BA, 0x110F, 0x1170, 0x11BB, 0x110F, 0x1170, 0x11BC, 0x110F, 0x1170, 0x11BD, 0x110F,
    0x1170, 0x11BE, 0x110F, 0x1170, 0x11BF, 0x110F, 0x1170, 0x11C0, 0x110F, 0x1170, 0x11C1, 0x110F,
    0x1170, 0x11C2, 0x110F, 0x1171, 0x110F, 0x1171, 0x11A8, 0x110F, 0x1171, 0x11A9, 0x110F, 0x1171,
    0x11AA, 0x110F, 0x1171, 0x11AB, 0x110F, 0x1171, 0x11AC, 0x110F, 0x1171, 0x11AD, 0x110F, 0x1171,
    0x11AE, 0x110F, 0x1171, 0x11AF, 0x110F, 0x1171, 0x11B0, 0x110F, 0x1171, 0x11B1, 0x110F, 0x1171,
    0x11B2, 0x110F, 0x1171, 0x11B3, 0x110F, 0x1171, 0x11B4, 0x110F, 0x1171, 0x11B5, 0x110F, 0x1171,
    0x11B6, 0x110F, 0x1171, 0x11B7, 0x110F, 0x1171, 0x11B8, 0x110F, 0x1171, 0x11B9, 0x110F, 0x1171,
    0x11BA, 0x110F, 0x1171, 0x11BB, 0x110F, 0x1171, 0x11BC, 0x110F, 0x1171, 0x11BD, 0x110F, 0x1171,
    0x11BE, 0x110F, 0x1171, 0x11BF, 0x110F, 0x1171, 0x11C0, 0x110F, 0x1171, 0x11C1, 0x110F, 0x1171,
    0x11C2, 0x110F, 0x1172, 0x110F, 0x1172, 0x11A8, 0x110F, 0x1172, 0x11A9, 0x110F, 0x1172, 0x11AA,
    0x110F, 0x1172, 0x11AB, 0x110F, 0x1172, 0x11AC, 0x110F, 0x1172, 0x11AD, 0x110F, 0x1172, 0x11AE,
    0x110F, 0x1172, 0x11AF, 0x110F, 0x1172, 0x11B0, 0x110F, 0x1172, 0x11B1, 0x110F, 0x1172, 0x11B2,
    0x110F, 0x1172, 0x11B3, 0x110F, 0x1172, 0x11B4, 0x110F, 0x1172, 0x11B5, 0x110F, 0x1172, 0x11B6,
    0x110F, 0x1172, 0x11B7, 0x110F, 0x1172, 0x11B8, 0x110F, 0x1172, 0x11B9, 0x110F, 0x1172, 0x11BA,
    0x110F, 0x1172, 0x11BB, 0x110F, 0x1172, 0x11BC, 0x110F, 0x1172, 0x11BD, 0x110F, 0x1172, 0x11BE,
    0x110F, 0x1172, 0x11BF, 0x110F, 0x1172, 0x11C0, 0x110F, 0x1172, 0x11C1, 0x110F, 0x1172, 0x11C2,
    0x110F, 0x1173, 0x110F, 0x1173, 0x11A8, 0x110F, 0x1173, 0x11A9, 0x110F, 0x1173, 0x11AA, 0x110F,
    0x1173, 0x11AB, 0x110F, 0x1173, 0x11AC, 0x110F, 0x1173, 0x11AD, 0x110F, 0x1173, 0x11AE, 0x110F,
    0x1173, 0x11AF, 0x110F, 0x1173, 0x11B0, 0x110F, 0x1173, 0x11B1, 0x110F, 0x1173, 0x11B2, 0x110F,
    0x1173, 0x11B3, 0x110F, 0x1173, 0x11B4, 0x110F, 0x1173, 0x11B5, 0x110F, 0x1173, 0x11B6, 0x110F,
    0x1173, 0x11B7, 0x110F, 0x1173, 0x11B8, 0x110F, 0x1173, 0x11B9, 0x110F, 0x1173, 0x11BA, 0x110F,
    0x1173, 0x11BB, 0x110F, 0x1173, 0x11BC, 0x110F, 0x1173, 0x11BD, 0x110F, 0x1173, 0x11BE, 0x110F,
    0x1173, 0x11BF, 0x110F, 0x1173, 0x11C0, 0x110F, 0x1173, 0x11C1, 0x110F, 0x1173, 0x11C2, 0x110F,
    0x1174, 0x110F, 0x1174, 0x11A8, 0x110F, 0x1174, 0x11A9, 0x110F, 0x1174, 0x11AA, 0x110F, 0x1174,
    0x11AB, 0x110F, 0x1174, 0x11AC, 0x110F, 0x1174, 0x11AD, 0x110F, 0x1174, 0x11AE, 0x110F, 0x1174,
    0x11AF, 0x110F, 0x1174, 0x11B0, 0x110F, 0x1174, 0x11B1, 0x110F, 0x1174, 0x11B2, 0x110F, 0x1174,
    0x11B3, 0x110F, 0x1174, 0x11B4, 0x110F, 0x1174, 0x11B5, 0x110F, 0x1174, 0x11B6, 0x110F, 0x1174,
    0x11B7, 0x110F, 0x1174, 0x11B8, 0x110F, 0x1174, 0x11B9, 0x110F, 0x1174, 0x11BA, 0x110F, 0x1174,
    0x11BB, 0x110F, 0x1174, 0x11BC, 0x110F, 0x1174, 0x11BD, 0x110F, 0x1174, 0x11BE, 0x110F, 0x1174,
    0x11BF, 0x110F, 0x1174, 0x11C0, 0x110F, 0x1174, 0x11C1, 0x110F, 0x1174, 0x11C2, 0x110F, 0x1175,
    0x110F, 0x1175, 0x11A8, 0x110F, 0x1175, 0x11A9, 0x110F, 0x1175, 0x11AA, 0x110F, 0x1175, 0x11AB,
    0x110F, 0x1175, 0x11AC, 0x110F, 0x1175, 0x11AD, 0x110F, 0x1175, 0x11AE, 0x110F, 0x1175, 0x11AF,
    0x110F, 0x1175, 0x11B0, 0x110F, 0x1175, 0x11B1, 0x110F, 0x1175, 0x11B2, 0x110F, 0x1175, 0x11B3,
    0x110F, 0x1175, 0x11B4, 0x110F, 0x1175, 0x11B5, 0x110F, 0x1175, 0x11B6, 0x110F, 0x1175, 0x11B7,
    0x110F, 0x1175, 0x11B8, 0x110F, 0x1175, 0x11B9, 0x110F, 0x1175, 0x11BA, 0x110F, 0x1175, 0x11BB,
    0x110F, 0x1175, 0x11BC, 0x110F, 0x1175, 0x11BD, 0x110F, 0x1175, 0x11BE, 0x110F, 0x1175, 0x11BF,
    0x110F, 0x1175, 0x11C0, 0x110F, 0x1175, 0x11C1, 0x110F, 0x1175, 0x11C2, 0x1110, 0x1161, 0x1110,
    0x1161, 0x11A8, 0x1110, 0x1161, 0x11A9, 0x1110, 0x1161, 0x11AA, 0x1110, 0x1161, 0x11AB, 0x1110,
    0x1161, 0x11AC, 0x1110, 0x1161, 0x11AD, 0x1110, 0x1161, 0x11AE, 0x1110, 0x1161, 0x11AF, 0x1110,
    0x1161, 0x11B0, 0x1110, 0x1161, 0x11B1, 0x1110, 0x1161, 0x11B2, 0x1110, 0x1161, 0x11B3, 0x1110,
    0x1161, 0x11B4, 0x1110, 0x1161, 0x11B5, 0x1110, 0x1161, 0x11B6, 0x1110, 0x1161, 0x11B7, 0x1110,
    0x1161, 0x11B8, 0x1110, 0x1161, 0x11B9, 0x1110, 0x1161, 0x11BA, 0x1110, 0x1161, 0x11BB, 0x1110,
    0x1161, 0x11BC, 0x1110, 0x1161, 0x11BD, 0x1110, 0x1161, 0x11BE, 0x1110, 0x1161, 0x11BF, 0x1110,
    0x1161, 0x11C0, 0x1110, 0x1161, 0x11C1, 0x1110, 0x1161, 0x11C2, 0x1110, 0x1162, 0x1110, 0x1162,
    0x11A8, 0x1110, 0x1162, 0x11A9, 0x1110, 0x1162, 0x11AA, 0x1110, 0x1162, 0x11AB, 0x1110, 0x1162,
    0x11AC, 0x1110, 0x1162, 0x11AD, 0x1110, 0x1162, 0x11AE, 0x1110, 0x1162, 0x11AF, 0x1110, 0x1162,
    0x11B0, 0x1110, 0x1162, 0x11B1, 0x1110, 0x1162, 0x11B2, 0x1110, 0x1162, 0x11B3, 0x1110, 0x1162,
    0x11B4, 0x1110, 0x1162, 0x11B5, 0x1110, 0x1162, 0x11B6, 0x1110, 0x1162, 0x11B7, 0x1110, 0x1162,
    0x11B8, 0x1110, 0x1162, 0x11B9, 0x1110, 0x1162, 0x11BA, 0x1110, 0x1162, 0x11BB, 0x1110, 0x1162,
    0x11BC, 0x1110, 0x1162, 0x11BD, 0x1110, 0x1162, 0x11BE, 0x1110, 0x1162, 0x11BF, 0x1110, 0x1162,
    0x11C0, 0x1110, 0x1162, 0x11C1, 0x1110, 0x1162, 0x11C2, 0x1110, 0x1163, 0x1110, 0x1163, 0x11A8,
    0x1110, 0x1163, 0x11A9, 0x1110, 0x1163, 0x11AA, 0x1110, 0x1163, 0x11AB, 0x1110, 0x1163, 0x11AC,
    0x1110, 0x1163, 0x11AD, 0x1110, 0x1163, 0x11AE, 0x1110, 0x1163, 0x11AF, 0x1110, 0x1163, 0x11B0,
    0x1110, 0x1163, 0x11B1, 0x1110, 0x1163, 0x11B2, 0x1110, 0x1163, 0x11B3, 0x1110, 0x1163, 0x11B4,
    0x1110, 0x1163, 0x11B5, 0x1110, 0x1163, 0x11B6, 0x1110, 0x1163, 0x11B7, 0x1110, 0x1163, 0x11B8,
    0x1110, 0x1163, 0x11B9, 0x1110, 0x1163, 0x11BA, 0x1110, 0x1163, 0x11BB, 0x1110, 0x1163, 0x11BC,
    0x1110, 0x1163, 0x11BD, 0x1110, 0x1163, 0x11BE, 0x1110, 0x1163, 0x11BF, 0x1110, 0x1163, 0x11C0,
    0x1110, 0x1163, 0x11C1, 0x1110, 0x1163, 0x11C2, 0x1110, 0x1164, 0x1110, 0x1164, 0x11A8, 0x1110,
    0x1164, 0x11A9, 0x1110, 0x1164, 0x11AA, 0x1110, 0x1164, 0x11AB, 0x1110, 0x1164, 0x11AC, 0x1110,
    0x1164, 0x11AD, 0x1110, 0x1164, 0x11AE, 0x1110, 0x1164, 0x11AF, 0x1110, 0x1164, 0x11B0, 0x1110,
    0x1164, 0x11B1, 0x1110, 0x1164, 0x11B2, 0x1110, 0x1164, 0x11B3, 0x1110, 0x1164, 0x11B4, 0x1110,
    0x1164, 0x11B5, 0x1110, 0x1164, 0x11B6, 0x1110, 0x1164, 0x11B7, 0x1110, 0x1164, 0x11B8, 0x1110,
    0x1164, 0x11B9, 0x1110, 0x1164, 0x11BA, 0x1110, 0x1164, 0x11BB, 0x1110, 0x1164, 0x11BC, 0x1110,
    0x1164, 0x11BD, 0x1110, 0x1164, 0x11BE, 0x1110, 0x1164, 0x11BF, 0x1110, 0x1164, 0x11C0, 0x1110,
    0x1164, 0x11C1, 0x1110, 0x1164, 0x11C2, 0x1110, 0x1165, 0x1110, 0x1165, 0x11A8, 0x1110, 0x1165,
    0x11A9, 0x1110, 0x1165, 0x11AA, 0x1110, 0x1165, 0x11AB, 0x1110, 0x1165, 0x11AC, 0x1110, 0x1165,
    0x11AD, 0x1110, 0x1165, 0x11AE, 0x1110, 0x1165, 0x11AF, 0x1110, 0x1165, 0x11B0, 0x1110, 0x1165,
    0x11B1, 0x1110, 0x1165, 0x11B2, 0x1110, 0x1165, 0x11B3, 0x1110, 0x1165, 0x11B4, 0x1110, 0x1165,
    0x11B5, 0x1110, 0x1165, 0x11B6, 0x1110, 0x1165, 0x11B7, 0x1110, 0x1165, 0x11B8, 0x1110, 0x1165,
    0x11B9, 0x1110, 0x1165, 0x11BA, 0x1110, 0x1165, 0x11BB, 0x1110, 0x1165, 0x11BC, 0x1110, 0x1165,
    0x11BD, 0x1110, 0x1165, 0x11BE, 0x1110, 0x1165, 0x11BF, 0x1110, 0x1165, 0x11C0, 0x1110, 0x1165,
    0x11C1, 0x1110, 0x1165, 0x11C2, 0x1110, 0x1166, 0x1110, 0x1166, 0x11A8, 0x1110, 0x1166, 0x11A9,
    0x1110, 0x1166, 0x11AA, 0x1110, 0x1166, 0x11AB, 0x1110, 0x1166, 0x11AC, 0x1110, 0x1166, 0x11AD,
    0x1110, 0x1166, 0x11AE, 0x1110, 0x1166, 0x11AF, 0x1110, 0x1166, 0x11B0, 0x1110, 0x1166, 0x11B1,
    0x1110, 0x1166, 0x11B2, 0x1110, 0x1166, 0x11B3, 0x1110, 0x1166, 0x11B4, 0x1110, 0x1166, 0x11B5,
    0x1110, 0x1166, 0x11B6, 0x1110, 0x1166, 0x11B7, 0x1110, 0x1166, 0x11B8, 0x1110, 0x1166, 0x11B9,
    0x1110, 0x1166, 0x11BA, 0x1110, 0x1166, 0x11BB, 0x1110, 0x1166, 0x11BC, 0x1110, 0x1166, 0x11BD,
    0x1110, 0x1166, 0x11BE, 0x1110, 0x1166, 0x11BF, 0x1110, 0x1166, 0x11C0, 0x1110, 0x1166, 0x11C1,
    0x1110, 0x1166, 0x11C2, 0x1110, 0x1167, 0x1110, 0x1167, 0x11A8, 0x1110, 0x1167, 0x11A9, 0x1110,
    0x1167, 0x11AA, 0x1110, 0x1167, 0x11AB, 0x1110, 0x1167, 0x11AC, 0x1110, 0x1167, 0x11AD, 0x1110,
    0x1167, 0x11AE, 0x1110, 0x1167, 0x11AF, 0x1110, 0x1167, 0x11B0, 0x1110, 0x1167, 0x11B1, 0x1110,
    0x1167, 0x11B2, 0x1110, 0x1167, 0x11B3, 0x1110, 0x1167, 0x11B4, 0x1110, 0x1167, 0x11B5, 0x1110,
    0x1167, 0x11B6, 0x1110, 0x1167, 0x11B7, 0x1110, 0x1167, 0x11B8, 0x1110, 0x1167, 0x11B9, 0x1110,
    0x1167, 0x11BA, 0x1110, 0x1167, 0x11BB, 0x1110, 0x1167, 0x11BC, 0x1110, 0x1167, 0x11BD, 0x1110,
    0x1167, 0x11BE, 0x1110, 0x1167, 0x11BF, 0x1110, 0x1167, 0x11C0, 0x1110, 0x1167, 0x11C1, 0x1110,
    0x1167, 0x11C2, 0x1110, 0x1168, 0x1110, 0x1168, 0x11A8, 0x1110, 0x1168, 0x11A9, 0x1110, 0x1168,
    0x11AA, 0x1110, 0x1168, 0x11AB, 0x1110, 0x1168, 0x11AC, 0x1110, 0x1168, 0x11AD, 0x1110, 0x1168,
    0x11AE, 0x1110, 0x1168, 0x11AF, 0x1110, 0x1168, 0x11B0, 0x1110, 0x1168, 0x11B1, 0x1110, 0x1168,
    0x11B2, 0x1110, 0x1168, 0x11B3, 0x1110, 0x1168, 0x11B4, 0x1110, 0x1168, 0x11B5, 0x1110, 0x1168,
    0x11B6, 0x1110, 0x1168, 0x11B7, 0x1110, 0x1168, 0x11B8, 0x1110, 0x1168, 0x11B9, 0x1110, 0x1168,
    0x11BA, 0x1110, 0x1168, 0x11BB, 0x1110, 0x1168, 0x11BC, 0x1110, 0x1168, 0x11BD, 0x1110, 0x1168,
    0x11BE, 0x1110, 0x1168, 0x11BF, 0x1110, 0x1168, 0x11C0, 0x1110, 0x1168, 0x11C1, 0x1110, 0x1168,
    0x11C2, 0x1110, 0x1169, 0x1110, 0x1169, 0x11A8, 0x1110, 0x1169, 0x11A9, 0x1110, 0x1169, 0x11AA,
    0x1110, 0x1169, 0x11AB, 0x1110, 0x1169, 0x11AC, 0x1110, 0x1169, 0x11AD, 0x1110, 0x1169, 0x11AE,
    0x1110, 0x1169, 0x11AF, 0x1110, 0x1169, 0x11B0, 0x1110, 0x1169, 0x11B1, 0x1110, 0x1169, 0x11B2,
    0x1110, 0x1169, 0x11B3, 0x1110, 0x1169, 0x11B4, 0x1110, 0x1169, 0x11B5, 0x1110, 0x1169, 0x11B6,
    0x1110, 0x1169, 0x11B7, 0x1110, 0x1169, 0x11B8, 0x1110, 0x1169, 0x11B9, 0x1110, 0x1169, 0x11BA,
    0x1110, 0x1169, 0x11BB, 0x1110, 0x1169, 0x11BC, 0x1110, 0x1169, 0x11BD, 0x1110, 0x1169, 0x11BE,
    0x1110, 0x1169, 0x11BF, 0x1110, 0x1169, 0x11C0, 0x1110, 0x1169, 0x11C1, 0x1110, 0x1169, 0x11C2,
    0x1110, 0x116A, 0x1110, 0x116A, 0x11A8, 0x1110, 0x116A, 0x11A9, 0x1110, 0x116A, 0x11AA, 0x1110,
    0x116A, 0x11AB, 0x1110, 0x116A, 0x11AC, 0x1110, 0x116A, 0x11AD, 0x1110, 0x116A, 0x11AE, 0x1110,
    0x116A, 0x11AF, 0x1110, 0x116A, 0x11B0, 0x1110, 0x116A, 0x11B1, 0x1110, 0x116A, 0x11B2, 0x1110,
    0x116A, 0x11B3, 0x1110, 0x116A, 0x11B4, 0x1110, 0x116A, 0x11B5, 0x1110, 0x116A, 0x11B6, 0x1110,
    0x116A, 0x11B7, 0x1110, 0x116A, 0x11B8, 0x1110, 0x116A, 0x11B9, 0x1110, 0x116A, 0x11BA, 0x1110,
    0x116A, 0x11BB, 0x1110, 0x116A, 0x11BC, 0x1110, 0x116A, 0x11BD, 0x1110, 0x116A, 0x11BE, 0x1110,
    0x116A, 0x11BF, 0x1110, 0x116A, 0x11C0, 0x1110, 0x116A, 0x11C1, 0x1110, 0x116A, 0x11C2, 0x1110,
    0x116B, 0x1110, 0x116B, 0x11A8, 0x1110, 0x116B, 0x11A9, 0x1110, 0x116B, 0x11AA, 0x1110, 0x116B,
    0x11AB, 0x1110, 0x116B, 0x11AC, 0x1110, 0x116B, 0x11AD, 0x1110, 0x116B, 0x11AE, 0x1110, 0x116B,
    0x11AF, 0x1110, 0x116B, 0x11B0, 0x1110, 0x116B, 0x11B1, 0x1110, 0x116B, 0x11B2, 0x1110, 0x116B,
    0x11B3, 0x1110, 0x116B, 0x11B4, 0x1110, 0x116B, 0x11B5, 0x1110, 0x116B, 0x11B6, 0x1110, 0x116B,
    0x11B7, 0x1110, 0x116B, 0x11B8, 0x1110, 0x116B, 0x11B9, 0x1110, 0x116B, 0x11BA, 0x1110, 0x116B,
    0x11BB, 0x1110, 0x116B, 0x11BC, 0x1110, 0x116B, 0x11BD, 0x1110, 0x116B, 0x11BE, 0x1110, 0x116B,
    0x11BF, 0x1110, 0x116B, 0x11C0, 0x1110, 0x116B, 0x11C1, 0x1110, 0x116B, 0x11C2, 0x1110, 0x116C,
    0x1110, 0x116C, 0x11A8, 0x1110, 0x116C, 0x11A9, 0x1110, 0x116C, 0x11AA, 0x1110, 0x116C, 0x11AB,
    0x1110, 0x116C, 0x11AC, 0x1110, 0x116C, 0x11AD, 0x1110, 0x116C, 0x11AE, 0x1110, 0x116C, 0x11AF,
    0x1110, 0x116C, 0x11B0, 0x1110, 0x116C, 0x11B1, 0x1110, 0x116C, 0x11B2, 0x1110, 0x116C, 0x11B3,
    0x1110, 0x116C, 0x11B4, 0x1110, 0x116C, 0x11B5, 0x1110, 0x116C, 0x11B6, 0x1110, 0x116C, 0x11B7,
    0x1110, 0x116C, 0x11B8, 0x1110, 0x116C, 0x11B9, 0x1110, 0x116C, 0x11BA, 0x1110, 0x116C, 0x11BB,
    0x1110, 0x116C, 0x11BC, 0x1110, 0x116C, 0x11BD, 0x1110, 0x116C, 0x11BE, 0x1110, 0x116C, 0x11BF,
    0x1110, 0x116C, 0x11C0, 0x1110, 0x116C, 0x11C1, 0x1110, 0x116C, 0x11C2, 0x1110, 0x116D, 0x1110,
    0x116D, 0x11A8, 0x1110, 0x116D, 0x11A9, 0x1110, 0x116D, 0x11AA, 0x1110, 0x116D, 0x11AB, 0x1110,
    0x116D, 0x11AC, 0x1110, 0x116D, 0x11AD, 0x1110, 0x116D, 0x11AE, 0x1110, 0x116D, 0x11AF, 0x1110,
    0x116D, 0x11B0, 0x1110, 0x116D, 0x11B1, 0x1110, 0x116D, 0x11B2, 0x1110, 0x116D, 0x11B3, 0x1110,
    0x116D, 0x11B4, 0x1110, 0x116D, 0x11B5, 0x1110, 0x116D, 0x11B6, 0x1110, 0x116D, 0x11B7, 0x1110,
    0x116D, 0x11B8, 0x1110, 0x116D, 0x11B9, 0x1110, 0x116D, 0x11BA, 0x1110, 0x116D, 0x11BB, 0x1110,
    0x116D, 0x11BC, 0x1110, 0x116D, 0x11BD, 0x1110, 0x116D, 0x11BE, 0x1110, 0x116D, 0x11BF, 0x1110,
    0x116D, 0x11C0, 0x1110, 0x116D, 0x11C1, 0x1110, 0x116D, 0x11C2, 0x1110, 0x116E, 0x1110, 0x116E,
    0x11A8, 0x1110, 0x116E, 0x11A9, 0x1110, 0x116E, 0x11AA, 0x1110, 0x116E, 0x11AB, 0x1110, 0x116E,
    0x11AC, 0x1110, 0x116E, 0x11AD, 0x1110, 0x116E, 0x11AE, 0x1110, 0x116E, 0x11AF, 0x1110, 0x116E,
    0x11B0, 0x1110, 0x116E, 0x11B1, 0x1110, 0x116E, 0x11B2, 0x1110, 0x116E, 0x11B3, 0x1110, 0x116E,
    0x11B4, 0x1110, 0x116E, 0x11B5, 0x1110, 0x116E, 0x11B6, 0x1110, 0x116E, 0x11B7, 0x1110, 0x116E,
    0x11B8, 0x1110, 0x116E, 0x11B9, 0x1110, 0x116E, 0x11BA, 0x1110, 0x116E, 0x11BB, 0x1110, 0x116E,
    0x11BC, 0x1110, 0x116E, 0x11BD, 0x1110, 0x116E, 0x11BE, 0x1110, 0x116E, 0x11BF, 0x1110, 0x116E,
    0x11C0, 0x1110, 0x116E, 0x11C1, 0x1110, 0x116E, 0x11C2, 0x1110, 0x116F, 0x1110, 0x116F, 0x11A8,
    0x1110, 0x116F, 0x11A9, 0x1110, 0x116F, 0x11AA, 0x1110, 0x116F, 0x11AB, 0x1110, 0x116F, 0x11AC,
    0x1110, 0x116F, 0x11AD, 0x1110, 0x116F, 0x11AE, 0x1110, 0x116F, 0x11AF, 0x1110, 0x116F, 0x11B0,
    0x1110, 0x116F, 0x11B1, 0x1110, 0x116F, 0x11B2, 0x1110, 0x116F, 0x11B3, 0x1110, 0x116F, 0x11B4,
    0x1110, 0x116F, 0x11B5, 0x1110, 0x116F, 0x11B6, 0x1110, 0x116F, 0x11B7, 0x1110, 0x116F, 0x11B8,
    0x1110, 0x116F, 0x11B9, 0x1110, 0x116F, 0x11BA, 0x1110, 0x116F, 0x11BB, 0x1110, 0x116F, 0x11BC,
    0x1110, 0x116F, 0x11BD, 0x1110, 0x116F, 0x11BE, 0x1110, 0x116F, 0x11BF, 0x1110, 0x116F, 0x11C0,
    0x1110, 0x116F, 0x11C1, 0x1110, 0x116F, 0x11C2, 0x1110, 0x1170, 0x1110, 0x1170, 0x11A8, 0x1110,
    0x1170, 0x11A9, 0x1110, 0x1170, 0x11AA, 0x1110, 0x1170, 0x11AB, 0x1110, 0x1170, 0x11AC, 0x1110,
    0x1170, 0x11AD, 0x1110, 0x1170, 0x11AE, 0x1110, 0x1170, 0x11AF, 0x1110, 0x1170, 0x11B0, 0x1110,
    0x1170, 0x11B1, 0x1110, 0x1170, 0x11B2, 0x1110, 0x1170, 0x11B3, 0x1110, 0x1170, 0x11B4, 0x1110,
    0x1170, 0x11B5, 0x1110, 0x1170, 0x11B6, 0x1110, 0x1170, 0x11B7, 0x1110, 0x1170, 0x11B8, 0x1110,
    0x1170, 0x11B9, 0x1110, 0x1170, 0x11BA, 0x1110, 0x1170, 0x11BB, 0x1110, 0x1170, 0x11BC, 0x1110,
    0x1170, 0x11BD, 0x1110, 0x1170, 0x11BE, 0x1110, 0x1170, 0x11BF, 0x1110, 0x1170, 0x11C0, 0x1110,
    0x1170, 0x11C1, 0x1110, 0x1170, 0x11C2, 0x1110, 0x1171, 0x1110, 0x1171, 0x11A8, 0x1110, 0x1171,
    0x11A9, 0x1110, 0x1171, 0x11AA, 0x1110, 0x1171, 0x11AB, 0x1110, 0x1171, 0x11AC, 0x1110, 0x1171,
    0x11AD, 0x1110, 0x1171, 0x11AE, 0x1110, 0x1171, 0x11AF, 0x1110, 0x1171, 0x11B0, 0x1110, 0x1171,
    0x11B1, 0x1110, 0x1171, 0x11B2, 0x1110, 0x1171, 0x11B3, 0x1110, 0x1171, 0x11B4, 0x1110, 0x1171,
    0x11B5, 0x1110, 0x1171, 0x11B6, 0x1110, 0x1171, 0x11B7, 0x1110, 0x1171, 0x11B8, 0x1110, 0x1171,
    0x11B9, 0x1110, 0x1171, 0x11BA, 0x1110, 0x1171, 0x11BB, 0x1110, 0x1171, 0x11BC, 0x1110, 0x1171,
    0x11BD, 0x1110, 0x1171, 0x11BE, 0x1110, 0x1171, 0x11BF, 0x1110, 0x1171, 0x11C0, 0x1110, 0x1171,
    0x11C1, 0x1110, 0x1171, 0x11C2, 0x1110, 0x1172, 0x1110, 0x1172, 0x11A8, 0x1110, 0x1172, 0x11A9,
    0x1110, 0x1172, 0x11AA, 0x1110, 0x1172, 0x11AB, 0x1110, 0x1172, 0x11AC, 0x1110, 0x1172, 0x11AD,
    0x1110, 0x1172, 0x11AE, 0x1110, 0x1172, 0x11AF, 0x1110, 0x1172, 0x11B0, 0x1110, 0x1172, 0x11B1,
    0x1110, 0x1172, 0x11B2, 0x1110, 0x1172, 0x11B3, 0x1110, 0x1172, 0x11B4, 0x1110, 0x1172, 0x11B5,
    0x1110, 0x1172, 0x11B6, 0x1110, 0x1172, 0x11B7, 0x1110, 0x1172, 0x11B8, 0x1110, 0x1172, 0x11B9,
    0x1110, 0x1172, 0x11BA, 0x1110, 0x1172, 0x11BB, 0x1110, 0x1172, 0x11BC, 0x1110, 0x1172, 0x11BD,
    0x1110, 0x1172, 0x11BE, 0x1110, 0x1172, 0x11BF, 0x1110, 0x1172, 0x11C0, 0x1110, 0x1172, 0x11C1,
    0x1110, 0x1172, 0x11C2, 0x1110, 0x1173, 0x1110, 0x1173, 0x11A8, 0x1110, 0x1173, 0x11A9, 0x1110,
    0x1173, 0x11AA, 0x1110, 0x1173, 0x11AB, 0x1110, 0x1173, 0x11AC, 0x1110, 0x1173, 0x11AD, 0x1110,
    0x1173, 0x11AE, 0x1110, 0x1173, 0x11AF, 0x1110, 0x1173, 0x11B0, 0x1110, 0x1173, 0x11B1, 0x1110,
    0x1173, 0x11B2, 0x1110, 0x1173, 0x11B3, 0x1110, 0x1173, 0x11B4, 0x1110, 0x1173, 0x11B5, 0x1110,
    0x1173, 0x11B6, 0x1110, 0x1173, 0x11B7, 0x1110, 0x1173, 0x11B8, 0x1110, 0x1173, 0x11B9, 0x1110,
    0x1173, 0x11BA, 0x1110, 0x1173, 0x11BB, 0x1110, 0x1173, 0x11BC, 0x1110, 0x1173, 0x11BD, 0x1110,
    0x1173, 0x11BE, 0x1110, 0x1173, 0x11BF, 0x1110, 0x1173, 0x11C0, 0x1110, 0x1173, 0x11C1, 0x1110,
    0x1173, 0x11C2, 0x1110, 0x1174, 0x1110, 0x1174, 0x11A8, 0x1110, 0x1174, 0x11A9, 0x1110, 0x1174,
    0x11AA, 0x1110, 0x1174, 0x11AB, 0x1110, 0x1174, 0x11AC, 0x1110, 0x1174, 0x11AD, 0x1110, 0x1174,
    0x11AE, 0x1110, 0x1174, 0x11AF, 0x1110, 0x1174, 0x11B0, 0x1110, 0x1174, 0x11B1, 0x1110, 0x1174,
    0x11B2, 0x1110, 0x1174, 0x11B3, 0x1110, 0x1174, 0x11B4, 0x1110, 0x1174, 0x11B5, 0x1110, 0x1174,
    0x11B6, 0x1110, 0x1174, 0x11B7, 0x1110, 0x1174, 0x11B8, 0x1110, 0x1174, 0x11B9, 0x1110, 0x1174,
    0x11BA, 0x1110, 0x1174, 0x11BB, 0x1110, 0x1174, 0x11BC, 0x1110, 0x1174, 0x11BD, 0x1110, 0x1174,
    0x11BE, 0x1110, 0x1174, 0x11BF, 0x1110, 0x1174, 0x11C0, 0x1110, 0x1174, 0x11C1, 0x1110, 0x1174,
    0x11C2, 0x1110, 0x1175, 0x1110, 0x1175, 0x11A8, 0x1110, 0x1175, 0x11A9, 0x1110, 0x1175, 0x11AA,
    0x1110, 0x1175, 0x11AB, 0x1110, 0x1175, 0x11AC, 0x1110, 0x1175, 0x11AD, 0x1110, 0x1175, 0x11AE,
    0x1110, 0x1175, 0x11AF, 0x1110, 0x1175, 0x11B0, 0x1110, 0x1175, 0x11B1, 0x1110, 0x1175, 0x11B2,
    0x1110, 0x1175, 0x11B3, 0x1110, 0x1175, 0x11B4, 0x1110, 0x1175, 0x11B5, 0x1110, 0x1175, 0x11B6,
    0x1110, 0x1175, 0x11B7, 0x1110, 0x1175, 0x11B8, 0x1110, 0x1175, 0x11B9, 0x1110, 0x1175, 0x11BA,
    0x1110, 0x1175, 0x11BB, 0x1110, 0x1175, 0x11BC, 0x1110, 0x1175, 0x11BD, 0x1110, 0x1175, 0x11BE,
    0x1110, 0x1175, 0x11BF, 0x1110, 0x1175, 0x11C0, 0x1110, 0x1175, 0x11C1, 0x1110, 0x1175, 0x11C2,
    0x1111, 0x1161, 0x1111, 0x1161, 0x11A8, 0x1111, 0x1161, 0x11A9, 0x1111, 0x1161, 0x11AA, 0x1111,
    0x1161, 0x11AB, 0x1111, 0x1161, 0x11AC, 0x1111, 0x1161, 0x11AD, 0x1111, 0x1161, 0x11AE, 0x1111,
    0x1161, 0x11AF, 0x1111, 0x1161, 0x11B0, 0x1111, 0x1161, 0x11B1, 0x1111, 0x1161, 0x11B2, 0x1111,
    0x1161, 0x11B3, 0x1111, 0x1161, 0x11B4, 0x1111, 0x1161, 0x11B5, 0x1111, 0x1161, 0x11B6, 0x1111,
    0x1161, 0x11B7, 0x1111, 0x1161, 0x11B8, 0x1111, 0x1161, 0x11B9, 0x1111, 0x1161, 0x11BA, 0x1111,
    0x1161, 0x11BB, 0x1111, 0x1161, 0x11BC, 0x1111, 0x1161, 0x11BD, 0x1111, 0x1161, 0x11BE, 0x1111,
    0x1161, 0x11BF, 0x1111, 0x1161, 0x11C0, 0x1111, 0x1161, 0x11C1, 0x1111, 0x1161, 0x11C2, 0x1111,
    0x1162, 0x1111, 0x1162, 0x11A8, 0x1111, 0x1162, 0x11A9, 0x1111, 0x1162, 0x11AA, 0x1111, 0x1162,
    0x11AB, 0x1111, 0x1162, 0x11AC, 0x1111, 0x1162, 0x11AD, 0x1111, 0x1162, 0x11AE, 0x1111, 0x1162,
    0x11AF, 0x1111, 0x1162, 0x11B0, 0x1111, 0x1162, 0x11B1, 0x1111, 0x1162, 0x11B2, 0x1111, 0x1162,
    0x11B3, 0x1111, 0x1162, 0x11B4, 0x1111, 0x1162, 0x11B5, 0x1111, 0x1162, 0x11B6, 0x1111, 0x1162,
    0x11B7, 0x1111, 0x1162, 0x11B8, 0x1111, 0x1162, 0x11B9, 0x1111, 0x1162, 0x11BA, 0x1111, 0x1162,
    0x11BB, 0x1111, 0x1162, 0x11BC, 0x1111, 0x1162, 0x11BD, 0x1111, 0x1162, 0x11BE, 0x1111, 0x1162,
    0x11BF, 0x1111, 0x1162, 0x11C0, 0x1111, 0x1162, 0x11C1, 0x1111, 0x1162, 0x11C2, 0x1111, 0x1163,
    0x1111, 0x1163, 0x11A8, 0x1111, 0x1163, 0x11A9, 0x1111, 0x1163, 0x11AA, 0x1111, 0x1163, 0x11AB,
    0x1111, 0x1163, 0x11AC, 0x1111, 0x1163, 0x11AD, 0x1111, 0x1163, 0x11AE, 0x1111, 0x1163, 0x11AF,
    0x1111, 0x1163, 0x11B0, 0x1111, 0x1163, 0x11B1, 0x1111, 0x1163, 0x11B2, 0x1111, 0x1163, 0x11B3,
    0x1111, 0x1163, 0x11B4, 0x1111, 0x1163, 0x11B5, 0x1111, 0x1163, 0x11B6, 0x1111, 0x1163, 0x11B7,
    0x1111, 0x1163, 0x11B8, 0x1111, 0x1163, 0x11B9, 0x1111, 0x1163, 0x11BA, 0x1111, 0x1163, 0x11BB,
    0x1111, 0x1163, 0x11BC, 0x1111, 0x1163, 0x11BD, 0x1111, 0x1163, 0x11BE, 0x1111, 0x1163, 0x11BF,
    0x1111, 0x1163, 0x11C0, 0x1111, 0x1163, 0x11C1, 0x1111, 0x1163, 0x11C2, 0x1111, 0x1164, 0x1111,
    0x1164, 0x11A8, 0x1111, 0x1164, 0x11A9, 0x1111, 0x1164, 0x11AA, 0x1111, 0x1164, 0x11AB, 0x1111,
    0x1164, 0x11AC, 0x1111, 0x1164, 0x11AD, 0x1111, 0x1164, 0x11AE, 0x1111, 0x1164, 0x11AF, 0x1111,
    0x1164, 0x11B0, 0x1111, 0x1164, 0x11B1, 0x1111, 0x1164, 0x11B2, 0x1111, 0x1164, 0x11B3, 0x1111,
    0x1164, 0x11B4, 0x1111, 0x1164, 0x11B5, 0x1111, 0x1164, 0x11B6, 0x1111, 0x1164, 0x11B7, 0x1111,
    0x1164, 0x11B8, 0x1111, 0x1164, 0x11B9, 0x1111, 0x1164, 0x11BA, 0x1111, 0x1164, 0x11BB, 0x1111,
    0x1164, 0x11BC, 0x1111, 0x1164, 0x11BD, 0x1111, 0x1164, 0x11BE, 0x1111, 0x1164, 0x11BF, 0x1111,
    0x1164, 0x11C0, 0x1111, 0x1164, 0x11C1, 0x1111, 0x1164, 0x11C2, 0x1111, 0x1165, 0x1111, 0x1165,
    0x11A8, 0x1111, 0x1165, 0x11A9, 0x1111, 0x1165, 0x11AA, 0x1111, 0x1165, 0x11AB, 0x1111, 0x1165,
    0x11AC, 0x1111, 0x1165, 0x11AD, 0x1111, 0x1165, 0x11AE, 0x1111, 0x1165, 0x11AF, 0x1111, 0x1165,
    0x11B0, 0x1111, 0x1165, 0x11B1, 0x1111, 0x1165, 0x11B2, 0x1111, 0x1165, 0x11B3, 0x1111, 0x1165,
    0x11B4, 0x1111, 0x1165, 0x11B5, 0x1111, 0x1165, 0x11B6, 0x1111, 0x1165, 0x11B7, 0x1111, 0x1165,
    0x11B8, 0x1111, 0x1165, 0x11B9, 0x1111, 0x1165, 0x11BA, 0x1111, 0x1165, 0x11BB, 0x1111, 0x1165,
    0x11BC, 0x1111, 0x1165, 0x11BD, 0x1111, 0x1165, 0x11BE, 0x1111, 0x1165, 0x11BF, 0x1111, 0x1165,
    0x11C0, 0x1111, 0x1165, 0x11C1, 0x1111, 0x1165, 0x11C2, 0x1111, 0x1166, 0x1111, 0x1166, 0x11A8,
    0x1111, 0x1166, 0x11A9, 0x1111, 0x1166, 0x11AA, 0x1111, 0x1166, 0x11AB, 0x1111, 0x1166, 0x11AC,
    0x1111, 0x1166, 0x11AD, 0x1111, 0x1166, 0x11AE, 0x1111, 0x1166, 0x11AF, 0x1111, 0x1166, 0x11B0,
    0x1111, 0x1166, 0x11B1, 0x1111, 0x1166, 0x11B2, 0x1111, 0x1166, 0x11B3, 0x1111, 0x1166, 0x11B4,
    0x1111, 0x1166, 0x11B5, 0x1111, 0x1166, 0x11B6, 0x1111, 0x1166, 0x11B7, 0x1111, 0x1166, 0x11B8,
    0x1111, 0x1166, 0x11B9, 0x1111, 0x1166, 0x11BA, 0x1111, 0x1166, 0x11BB, 0x1111, 0x1166, 0x11BC,
    0x1111, 0x1166, 0x11BD, 0x1111, 0x1166, 0x11BE, 0x1111, 0x1166, 0x11BF, 0x1111, 0x1166, 0x11C0,
    0x1111, 0x1166, 0x11C1, 0x1111, 0x1166, 0x11C2, 0x1111, 0x1167, 0x1111, 0x1167, 0x11A8, 0x1111,
    0x1167, 0x11A9, 0x1111, 0x1167, 0x11AA, 0x1111, 0x1167, 0x11AB, 0x1111, 0x1167, 0x11AC, 0x1111,
    0x1167, 0x11AD, 0x1111, 0x1167, 0x11AE, 0x1111, 0x1167, 0x11AF, 0x1111, 0x1167, 0x11B0, 0x1111,
    0x1167, 0x11B1, 0x1111, 0x1167, 0x11B2, 0x1111, 0x1167, 0x11B3, 0x1111, 0x1167, 0x11B4, 0x1111,
    0x1167, 0x11B5, 0x1111, 0x1167, 0x11B6, 0x1111, 0x1167, 0x11B7, 0x1111, 0x1167, 0x11B8, 0x1111,
    0x1167, 0x11B9, 0x1111, 0x1167, 0x11BA, 0x1111, 0x1167, 0x11BB, 0x1111, 0x1167, 0x11BC, 0x1111,
    0x1167, 0x11BD, 0x1111, 0x1167, 0x11BE, 0x1111, 0x1167, 0x11BF, 0x1111, 0x1167, 0x11C0, 0x1111,
    0x1167, 0x11C1, 0x1111, 0x1167, 0x11C2, 0x1111, 0x1168, 0x1111, 0x1168, 0x11A8, 0x1111, 0x1168,
    0x11A9, 0x1111, 0x1168, 0x11AA, 0x1111, 0x1168, 0x11AB, 0x1111, 0x1168, 0x11AC, 0x1111, 0x1168,
    0x11AD, 0x1111, 0x1168, 0x11AE, 0x1111, 0x1168, 0x11AF, 0x1111, 0x1168, 0x11B0, 0x1111, 0x1168,
    0x11B1, 0x1111, 0x1168, 0x11B2, 0x1111, 0x1168, 0x11B3, 0x1111, 0x1168, 0x11B4, 0x1111, 0x1168,
    0x11B5, 0x1111, 0x1168, 0x11B6, 0x1111, 0x1168, 0x11B7, 0x1111, 0x1168, 0x11B8, 0x1111, 0x1168,
    0x11B9, 0x1111, 0x1168, 0x11BA, 0x1111, 0x1168, 0x11BB, 0x1111, 0x1168, 0x11BC, 0x1111, 0x1168,
    0x11BD, 0x1111, 0x1168, 0x11BE, 0x1111, 0x1168, 0x11BF, 0x1111, 0x1168, 0x11C0, 0x1111, 0x1168,
    0x11C1, 0x1111, 0x1168, 0x11C2, 0x1111, 0x1169, 0x1111, 0x1169, 0x11A8, 0x1111, 0x1169, 0x11A9,
    0x1111, 0x1169, 0x11AA, 0x1111, 0x1169, 0x11AB, 0x1111, 0x1169, 0x11AC, 0x1111, 0x1169, 0x11AD,
    0x1111, 0x1169, 0x11AE, 0x1111, 0x1169, 0x11AF, 0x1111, 0x1169, 0x11B0, 0x1111, 0x1169, 0x11B1,
    0x1111, 0x1169, 0x11B2, 0x1111, 0x1169, 0x11B3, 0x1111, 0x1169, 0x11B4, 0x1111, 0x1169, 0x11B5,
    0x1111, 0x1169, 0x11B6, 0x1111, 0x1169, 0x11B7, 0x1111, 0x1169, 0x11B8, 0x1111, 0x1169, 0x11B9,
    0x1111, 0x1169, 0x11BA, 0x1111, 0x1169, 0x11BB, 0x1111, 0x1169, 0x11BC, 0x1111, 0x1169, 0x11BD,
    0x1111, 0x1169, 0x11BE, 0x1111, 0x1169, 0x11BF, 0x1111, 0x1169, 0x11C0, 0x1111, 0x1169, 0x11C1,
    0x1111, 0x1169, 0x11C2, 0x1111, 0x116A, 0x1111, 0x116A, 0x11A8, 0x1111, 0x116A, 0x11A9, 0x1111,
    0x116A, 0x11AA, 0x1111, 0x116A, 0x11AB, 0x1111, 0x116A, 0x11AC, 0x1111, 0x116A, 0x11AD, 0x1111,
    0x116A, 0x11AE, 0x1111, 0x116A, 0x11AF, 0x1111, 0x116A, 0x11B0, 0x1111, 0x116A, 0x11B1, 0x1111,
    0x116A, 0x11B2, 0x1111, 0x116A, 0x11B3, 0x1111, 0x116A, 0x11B4, 0x1111, 0x116A, 0x11B5, 0x1111,
    0x116A, 0x11B6, 0x1111, 0x116A, 0x11B7, 0x1111, 0x116A, 0x11B8, 0x1111, 0x116A, 0x11B9, 0x1111,
    0x116A, 0x11BA, 0x1111, 0x116A, 0x11BB, 0x1111, 0x116A, 0x11BC, 0x1111, 0x116A, 0x11BD, 0x1111,
    0x116A, 0x11BE, 0x1111, 0x116A, 0x11BF, 0x1111, 0x116A, 0x11C0, 0x1111, 0x116A, 0x11C1, 0x1111,
    0x116A, 0x11C2, 0x1111, 0x116B, 0x1111, 0x116B, 0x11A8, 0x1111, 0x116B, 0x11A9, 0x1111, 0x116B,
    0x11AA, 0x1111, 0x116B, 0x11AB, 0x1111, 0x116B, 0x11AC, 0x1111, 0x116B, 0x11AD, 0x1111, 0x116B,
    0x11AE, 0x1111, 0x116B, 0x11AF, 0x1111, 0x116B, 0x11B0, 0x1111, 0x116B, 0x11B1, 0x1111, 0x116B,
    0x11B2, 0x1111, 0x116B, 0x11B3, 0x1111, 0x116B, 0x11B4, 0x1111, 0x116B, 0x11B5, 0x1111, 0x116B,
    0x11B6, 0x1111, 0x116B, 0x11B7, 0x1111, 0x116B, 0x11B8, 0x1111, 0x116B, 0x11B9, 0x1111, 0x116B,
    0x11BA, 0x1111, 0x116B, 0x11BB, 0x1111, 0x116B, 0x11BC, 0x1111, 0x116B, 0x11BD, 0x1111, 0x116B,
    0x11BE, 0x1111, 0x116B, 0x11BF, 0x1111, 0x116B, 0x11C0, 0x1111, 0x116B, 0x11C1, 0x1111, 0x116B,
    0x11C2, 0x1111, 0x116C, 0x1111, 0x116C, 0x11A8, 0x1111, 0x116C, 0x11A9, 0x1111, 0x116C, 0x11AA,
    0x1111, 0x116C, 0x11AB, 0x1111, 0x116C, 0x11AC, 0x1111, 0x116C, 0x11AD, 0x1111, 0x116C, 0x11AE,
    0x1111, 0x116C, 0x11AF, 0x1111, 0x116C, 0x11B0, 0x1111, 0x116C, 0x11B1, 0x1111, 0x116C, 0x11B2,
    0x1111, 0x116C, 0x11B3, 0x1111, 0x116C, 0x11B4, 0x1111, 0x116C, 0x11B5, 0x1111, 0x116C, 0x11B6,
    0x1111, 0x116C, 0x11B7, 0x1111, 0x116C, 0x11B8, 0x1111, 0x116C, 0x11B9, 0x1111, 0x116C, 0x11BA,
    0x1111, 0x116C, 0x11BB, 0x1111, 0x116C, 0x11BC, 0x1111, 0x116C, 0x11BD, 0x1111, 0x116C, 0x11BE,
    0x1111, 0x116C, 0x11BF, 0x1111, 0x116C, 0x11C0, 0x1111, 0x116C, 0x11C1, 0x1111, 0x116C, 0x11C2,
    0x1111, 0x116D, 0x1111, 0x116D, 0x11A8, 0x1111, 0x116D, 0x11A9, 0x1111, 0x116D, 0x11AA, 0x1111,
    0x116D, 0x11AB, 0x1111, 0x116D, 0x11AC, 0x1111, 0x116D, 0x11AD, 0x1111, 0x116D, 0x11AE, 0x1111,
    0x116D, 0x11AF, 0x1111, 0x116D, 0x11B0, 0x1111, 0x116D, 0x11B1, 0x1111, 0x116D, 0x11B2, 0x1111,
    0x116D, 0x11B3, 0x1111, 0x116D, 0x11B4, 0x1111, 0x116D, 0x11B5, 0x1111, 0x116D, 0x11B6, 0x1111,
    0x116D, 0x11B7, 0x1111, 0x116D, 0x11B8, 0x1111, 0x116D, 0x11B9, 0x1111, 0x116D, 0x11BA, 0x1111,
    0x116D, 0x11BB, 0x1111, 0x116D, 0x11BC, 0x1111, 0x116D, 0x11BD, 0x1111, 0x116D, 0x11BE, 0x1111,
    0x116D, 0x11BF, 0x1111, 0x116D, 0x11C0, 0x1111, 0x116D, 0x11C1, 0x1111, 0x116D, 0x11C2, 0x1111,
    0x116E, 0x1111, 0x116E, 0x11A8, 0x1111, 0x116E, 0x11A9, 0x1111, 0x116E, 0x11AA, 0x1111, 0x116E,
    0x11AB, 0x1111, 0x116E, 0x11AC, 0x1111, 0x116E, 0x11AD, 0x1111, 0x116E, 0x11AE, 0x1111, 0x116E,
    0x11AF, 0x1111, 0x116E, 0x11B0, 0x1111, 0x116E, 0x11B1, 0x1111, 0x116E, 0x11B2, 0x1111, 0x116E,
    0x11B3, 0x1111, 0x116E, 0x11B4, 0x1111, 0x116E, 0x11B5, 0x1111, 0x116E, 0x11B6, 0x1111, 0x116E,
    0x11B7, 0x1111, 0x116E, 0x11B8, 0x1111, 0x116E, 0x11B9, 0x1111, 0x116E, 0x11BA, 0x1111, 0x116E,
    0x11BB, 0x1111, 0x116E, 0x11BC, 0x1111, 0x116E, 0x11BD, 0x1111, 0x116E, 0x11BE, 0x1111, 0x116E,
    0x11BF, 0x1111, 0x116E, 0x11C0, 0x1111, 0x116E, 0x11C1, 0x1111, 0x116E, 0x11C2, 0x1111, 0x116F,
    0x1111, 0x116F, 0x11A8, 0x1111, 0x116F, 0x11A9, 0x1111, 0x116F, 0x11AA, 0x1111, 0x116F, 0x11AB,
    0x1111, 0x116F, 0x11AC, 0x1111, 0x116F, 0x11AD, 0x1111, 0x116F, 0x11AE, 0x1111, 0x116F, 0x11AF,
    0x1111, 0x116F, 0x11B0, 0x1111, 0x116F, 0x11B1, 0x1111, 0x116F, 0x11B2, 0x1111, 0x116F, 0x11B3,
    0x1111, 0x116F, 0x11B4, 0x1111, 0x116F, 0x11B5, 0x1111, 0x116F, 0x11B6, 0x1111, 0x116F, 0x11B7,
    0x1111, 0x116F, 0x11B8, 0x1111, 0x116F, 0x11B9, 0x1111, 0x116F, 0x11BA, 0x1111, 0x116F, 0x11BB,
    0x1111, 0x116F, 0x11BC, 0x1111, 0x116F, 0x11BD, 0x1111, 0x116F, 0x11BE, 0x1111, 0x116F, 0x11BF,
    0x1111, 0x116F, 0x11C0, 0x1111, 0x116F, 0x11C1, 0x1111, 0x116F, 0x11C2, 0x1111, 0x1170, 0x1111,
    0x1170, 0x11A8, 0x1111, 0x1170, 0x11A9, 0x1111, 0x1170, 0x11AA, 0x1111, 0x1170, 0x11AB, 0x1111,
    0x1170, 0x11AC, 0x1111, 0x1170, 0x11AD, 0x1111, 0x1170, 0x11AE, 0x1111, 0x1170, 0x11AF, 0x1111,
    0x1170, 0x11B0, 0x1111, 0x1170, 0x11B1, 0x1111, 0x1170, 0x11B2, 0x1111, 0x1170, 0x11B3, 0x1111,
    0x1170, 0x11B4, 0x1111, 0x1170, 0x11B5, 0x1111, 0x1170, 0x11B6, 0x1111, 0x1170, 0x11B7, 0x1111,
    0x1170, 0x11B8, 0x1111, 0x1170, 0x11B9, 0x1111, 0x1170, 0x11BA, 0x1111, 0x1170, 0x11BB, 0x1111,
    0x1170, 0x11BC, 0x1111, 0x1170, 0x11BD, 0x1111, 0x1170, 0x11BE, 0x1111, 0x1170, 0x11BF, 0x1111,
    0x1170, 0x11C0, 0x1111, 0x1170, 0x11C1, 0x1111, 0x1170, 0x11C2, 0x1111, 0x1171, 0x1111, 0x1171,
    0x11A8, 0x1111, 0x1171, 0x11A9, 0x1111, 0x1171, 0x11AA, 0x1111, 0x1171, 0x11AB, 0x1111, 0x1171,
    0x11AC, 0x1111, 0x1171, 0x11AD, 0x1111, 0x1171, 0x11AE, 0x1111, 0x1171, 0x11AF, 0x1111, 0x1171,
    0x11B0, 0x1111, 0x1171, 0x11B1, 0x1111, 0x1171, 0x11B2, 0x1111, 0x1171, 0x11B3, 0x1111, 0x1171,
    0x11B4, 0x1111, 0x1171, 0x11B5, 0x1111, 0x1171, 0x11B6, 0x1111, 0x1171, 0x11B7, 0x1111, 0x1171,
    0x11B8, 0x1111, 0x1171, 0x11B9, 0x1111, 0x1171, 0x11BA, 0x1111, 0x1171, 0x11BB, 0x1111, 0x1171,
    0x11BC, 0x1111, 0x1171, 0x11BD, 0x1111, 0x1171, 0x11BE, 0x1111, 0x1171, 0x11BF, 0x1111, 0x1171,
    0x11C0, 0x1111, 0x1171, 0x11C1, 0x1111, 0x1171, 0x11C2, 0x1111, 0x1172, 0x1111, 0x1172, 0x11A8,
    0x1111, 0x1172, 0x11A9, 0x1111, 0x1172, 0x11AA, 0x1111, 0x1172, 0x11AB, 0x1111, 0x1172, 0x11AC,
    0x1111, 0x1172, 0x11AD, 0x1111, 0x1172, 0x11AE, 0x1111, 0x1172, 0x11AF, 0x1111, 0x1172, 0x11B0,
    0x1111, 0x1172, 0x11B1, 0x1111, 0x1172, 0x11B2, 0x1111, 0x1172, 0x11B3, 0x1111, 0x1172, 0x11B4,
    0x1111, 0x1172, 0x11B5, 0x1111, 0x1172, 0x11B6, 0x1111, 0x1172, 0x11B7, 0x1111, 0x1172, 0x11B8,
    0x1111, 0x1172, 0x11B9, 0x1111, 0x1172, 0x11BA, 0x1111, 0x1172, 0x11BB, 0x1111, 0x1172, 0x11BC,
    0x1111, 0x1172, 0x11BD, 0x1111, 0x1172, 0x11BE, 0x1111, 0x1172, 0x11BF, 0x1111, 0x1172, 0x11C0,
    0x1111, 0x1172, 0x11C1, 0x1111, 0x1172, 0x11C2, 0x1111, 0x1173, 0x1111, 0x1173, 0x11A8, 0x1111,
    0x1173, 0x11A9, 0x1111, 0x1173, 0x11AA, 0x1111, 0x1173, 0x11AB, 0x1111, 0x1173, 0x11AC, 0x1111,
    0x1173, 0x11AD, 0x1111, 0x1173, 0x11AE, 0x1111, 0x1173, 0x11AF, 0x1111, 0x1173, 0x11B0, 0x1111,
    0x1173, 0x11B1, 0x1111, 0x1173, 0x11B2, 0x1111, 0x1173, 0x11B3, 0x1111, 0x1173, 0x11B4, 0x1111,
    0x1173, 0x11B5, 0x1111, 0x1173, 0x11B6, 0x1111, 0x1173, 0x11B7, 0x1111, 0x1173, 0x11B8, 0x1111,
    0x1173, 0x11B9, 0x1111, 0x1173, 0x11BA, 0x1111, 0x1173, 0x11BB, 0x1111, 0x1173, 0x11BC, 0x1111,
    0x1173, 0x11BD, 0x1111, 0x1173, 0x11BE, 0x1111, 0x1173, 0x11BF, 0x1111, 0x1173, 0x11C0, 0x1111,
    0x1173, 0x11C1, 0x1111, 0x1173, 0x11C2, 0x1111, 0x1174, 0x1111, 0x1174, 0x11A8, 0x1111, 0x1174,
    0x11A9, 0x1111, 0x1174, 0x11AA, 0x1111, 0x1174, 0x11AB, 0x1111, 0x1174, 0x11AC, 0x1111, 0x1174,
    0x11AD, 0x1111, 0x1174, 0x11AE, 0x1111, 0x1174, 0x11AF, 0x1111, 0x1174, 0x11B0, 0x1111, 0x1174,
    0x11B1, 0x1111, 0x1174, 0x11B2, 0x1111, 0x1174, 0x11B3, 0x1111, 0x1174, 0x11B4, 0x1111, 0x1174,
    0x11B5, 0x1111, 0x1174, 0x11B6, 0x1111, 0x1174, 0x11B7, 0x1111, 0x1174, 0x11B8, 0x1111, 0x1174,
    0x11B9, 0x1111, 0x1174, 0x11BA, 0x1111, 0x1174, 0x11BB, 0x1111, 0x1174, 0x11BC, 0x1111, 0x1174,
    0x11BD, 0x1111, 0x1174, 0x11BE, 0x1111, 0x1174, 0x11BF, 0x1111, 0x1174, 0x11C0, 0x1111, 0x1174,
    0x11C1, 0x1111, 0x1174, 0x11C2, 0x1111, 0x1175, 0x1111, 0x1175, 0x11A8, 0x1111, 0x1175, 0x11A9,
    0x1111, 0x1175, 0x11AA, 0x1111, 0x1175, 0x11AB, 0x1111, 0x1175, 0x11AC, 0x1111, 0x1175, 0x11AD,
    0x1111, 0x1175, 0x11AE, 0x1111, 0x1175, 0x11AF, 0x1111, 0x1175, 0x11B0, 0x1111, 0x1175, 0x11B1,
    0x1111, 0x1175, 0x11B2, 0x1111, 0x1175, 0x11B3, 0x1111, 0x1175, 0x11B4, 0x1111, 0x1175, 0x11B5,
    0x1111, 0x1175, 0x11B6, 0x1111, 0x1175, 0x11B7, 0x1111, 0x1175, 0x11B8, 0x1111, 0x1175, 0x11B9,
    0x1111, 0x1175, 0x11BA, 0x1111, 0x1175, 0x11BB, 0x1111, 0x1175, 0x11BC, 0x1111, 0x1175, 0x11BD,
    0x1111, 0x1175, 0x11BE, 0x1111, 0x1175, 0x11BF, 0x1111, 0x1175, 0x11C0, 0x1111, 0x1175, 0x11C1,
    0x1111, 0x1175, 0x11C2, 0x1112, 0x1161, 0x1112, 0x1161, 0x11A8, 0x1112, 0x1161, 0x11A9, 0x1112,
    0x1161, 0x11AA, 0x1112, 0x1161, 0x11AB, 0x1112, 0x1161, 0x11AC, 0x1112, 0x1161, 0x11AD, 0x1112,
    0x1161, 0x11AE, 0x1112, 0x1161, 0x11AF, 0x1112, 0x1161, 0x11B0, 0x1112, 0x1161, 0x11B1, 0x1112,
    0x1161, 0x11B2, 0x1112, 0x1161, 0x11B3, 0x1112, 0x1161, 0x11B4, 0x1112, 0x1161, 0x11B5, 0x1112,
    0x1161, 0x11B6, 0x1112, 0x1161, 0x11B7, 0x1112, 0x1161, 0x11B8, 0x1112, 0x1161, 0x11B9, 0x1112,
    0x1161, 0x11BA, 0x1112, 0x1161, 0x11BB, 0x1112, 0x1161, 0x11BC, 0x1112, 0x1161, 0x11BD, 0x1112,
    0x1161, 0x11BE, 0x1112, 0x1161, 0x11BF, 0x1112, 0x1161, 0x11C0, 0x1112, 0x1161, 0x11C1, 0x1112,
    0x1161, 0x11C2, 0x1112, 0x1162, 0x1112, 0x1162, 0x11A8, 0x1112, 0x1162, 0x11A9, 0x1112, 0x1162,
    0x11AA, 0x1112, 0x1162, 0x11AB, 0x1112, 0x1162, 0x11AC, 0x1112, 0x1162, 0x11AD, 0x1112, 0x1162,
    0x11AE, 0x1112, 0x1162, 0x11AF, 0x1112, 0x1162, 0x11B0, 0x1112, 0x1162, 0x11B1, 0x1112, 0x1162,
    0x11B2, 0x1112, 0x1162, 0x11B3, 0x1112, 0x1162, 0x11B4, 0x1112, 0x1162, 0x11B5, 0x1112, 0x1162,
    0x11B6, 0x1112, 0x1162, 0x11B7, 0x1112, 0x1162, 0x11B8, 0x1112, 0x1162, 0x11B9, 0x1112, 0x1162,
    0x11BA, 0x1112, 0x1162, 0x11BB, 0x1112, 0x1162, 0x11BC, 0x1112, 0x1162, 0x11BD, 0x1112, 0x1162,
    0x11BE, 0x1112, 0x1162, 0x11BF, 0x1112, 0x1162, 0x11C0, 0x1112, 0x1162, 0x11C1, 0x1112, 0x1162,
    0x11C2, 0x1112, 0x1163, 0x1112, 0x1163, 0x11A8, 0x1112, 0x1163, 0x11A9, 0x1112, 0x1163, 0x11AA,
    0x1112, 0x1163, 0x11AB, 0x1112, 0x1163, 0x11AC, 0x1112, 0x1163, 0x11AD, 0x1112, 0x1163, 0x11AE,
    0x1112, 0x1163, 0x11AF, 0x1112, 0x1163, 0x11B0, 0x1112, 0x1163, 0x11B1, 0x1112, 0x1163, 0x11B2,
    0x1112, 0x1163, 0x11B3, 0x1112, 0x1163, 0x11B4, 0x1112, 0x1163, 0x11B5, 0x1112, 0x1163, 0x11B6,
    0x1112, 0x1163, 0x11B7, 0x1112, 0x1163, 0x11B8, 0x1112, 0x1163, 0x11B9, 0x1112, 0x1163, 0x11BA,
    0x1112, 0x1163, 0x11BB, 0x1112, 0x1163, 0x11BC, 0x1112, 0x1163, 0x11BD, 0x1112, 0x1163, 0x11BE,
    0x1112, 0x1163, 0x11BF, 0x1112, 0x1163, 0x11C0, 0x1112, 0x1163, 0x11C1, 0x1112, 0x1163, 0x11C2,
    0x1112, 0x1164, 0x1112, 0x1164, 0x11A8, 0x1112, 0x1164, 0x11A9, 0x1112, 0x1164, 0x11AA, 0x1112,
    0x1164, 0x11AB, 0x1112, 0x1164, 0x11AC, 0x1112, 0x1164, 0x11AD, 0x1112, 0x1164, 0x11AE, 0x1112,
    0x1164, 0x11AF, 0x1112, 0x1164, 0x11B0, 0x1112, 0x1164, 0x11B1, 0x1112, 0x1164, 0x11B2, 0x1112,
    0x1164, 0x11B3, 0x1112, 0x1164, 0x11B4, 0x1112, 0x1164, 0x11B5, 0x1112, 0x1164, 0x11B6, 0x1112,
    0x1164, 0x11B7, 0x1112, 0x1164, 0x11B8, 0x1112, 0x1164, 0x11B9, 0x1112, 0x1164, 0x11BA, 0x1112,
    0x1164, 0x11BB, 0x1112, 0x1164, 0x11BC, 0x1112, 0x1164, 0x11BD, 0x1112, 0x1164, 0x11BE, 0x1112,
    0x1164, 0x11BF, 0x1112, 0x1164, 0x11C0, 0x1112, 0x1164, 0x11C1, 0x1112, 0x1164, 0x11C2, 0x1112,
    0x1165, 0x1112, 0x1165, 0x11A8, 0x1112, 0x1165, 0x11A9, 0x1112, 0x1165, 0x11AA, 0x1112, 0x1165,
    0x11AB, 0x1112, 0x1165, 0x11AC, 0x1112, 0x1165, 0x11AD, 0x1112, 0x1165, 0x11AE, 0x1112, 0x1165,
    0x11AF, 0x1112, 0x1165, 0x11B0, 0x1112, 0x1165, 0x11B1, 0x1112, 0x1165, 0x11B2, 0x1112, 0x1165,
    0x11B3, 0x1112, 0x1165, 0x11B4, 0x1112, 0x1165, 0x11B5, 0x1112, 0x1165, 0x11B6, 0x1112, 0x1165,
    0x11B7, 0x1112, 0x1165, 0x11B8, 0x1112, 0x1165, 0x11B9, 0x1112, 0x1165, 0x11BA, 0x1112, 0x1165,
    0x11BB, 0x1112, 0x1165, 0x11BC, 0x1112, 0x1165, 0x11BD, 0x1112, 0x1165, 0x11BE, 0x1112, 0x1165,
    0x11BF, 0x1112, 0x1165, 0x11C0, 0x1112, 0x1165, 0x11C1, 0x1112, 0x1165, 0x11C2, 0x1112, 0x1166,
    0x1112, 0x1166, 0x11A8, 0x1112, 0x1166, 0x11A9, 0x1112, 0x1166, 0x11AA, 0x1112, 0x1166, 0x11AB,
    0x1112, 0x1166, 0x11AC, 0x1112, 0x1166, 0x11AD, 0x1112, 0x1166, 0x11AE, 0x1112, 0x1166, 0x11AF,
    0x1112, 0x1166, 0x11B0, 0x1112, 0x1166, 0x11B1, 0x1112, 0x1166, 0x11B2, 0x1112, 0x1166, 0x11B3,
    0x1112, 0x1166, 0x11B4, 0x1112, 0x1166, 0x11B5, 0x1112, 0x1166, 0x11B6, 0x1112, 0x1166, 0x11B7,
    0x1112, 0x1166, 0x11B8, 0x1112, 0x1166, 0x11B9, 0x1112, 0x1166, 0x11BA, 0x1112, 0x1166, 0x11BB,
    0x1112, 0x1166, 0x11BC, 0x1112, 0x1166, 0x11BD, 0x1112, 0x1166, 0x11BE, 0x1112, 0x1166, 0x11BF,
    0x1112, 0x1166, 0x11C0, 0x1112, 0x1166, 0x11C1, 0x1112, 0x1166, 0x11C2, 0x1112, 0x1167, 0x1112,
    0x1167, 0x11A8, 0x1112, 0x1167, 0x11A9, 0x1112, 0x1167, 0x11AA, 0x1112, 0x1167, 0x11AB, 0x1112,
    0x1167, 0x11AC, 0x1112, 0x1167, 0x11AD, 0x1112, 0x1167, 0x11AE, 0x1112, 0x1167, 0x11AF, 0x1112,
    0x1167, 0x11B0, 0x1112, 0x1167, 0x11B1, 0x1112, 0x1167, 0x11B2, 0x1112, 0x1167, 0x11B3, 0x1112,
    0x1167, 0x11B4, 0x1112, 0x1167, 0x11B5, 0x1112, 0x1167, 0x11B6, 0x1112, 0x1167, 0x11B7, 0x1112,
    0x1167, 0x11B8, 0x1112, 0x1167, 0x11B9, 0x1112, 0x1167, 0x11BA, 0x1112, 0x1167, 0x11BB, 0x1112,
    0x1167, 0x11BC, 0x1112, 0x1167, 0x11BD, 0x1112, 0x1167, 0x11BE, 0x1112, 0x1167, 0x11BF, 0x1112,
    0x1167, 0x11C0, 0x1112, 0x1167, 0x11C1, 0x1112, 0x1167, 0x11C2, 0x1112, 0x1168, 0x1112, 0x1168,
    0x11A8, 0x1112, 0x1168, 0x11A9, 0x1112, 0x1168, 0x11AA, 0x1112, 0x1168, 0x11AB, 0x1112, 0x1168,
    0x11AC, 0x1112, 0x1168, 0x11AD, 0x1112, 0x1168, 0x11AE, 0x1112, 0x1168, 0x11AF, 0x1112, 0x1168,
    0x11B0, 0x1112, 0x1168, 0x11B1, 0x1112, 0x1168, 0x11B2, 0x1112, 0x1168, 0x11B3, 0x1112, 0x1168,
    0x11B4, 0x1112, 0x1168, 0x11B5, 0x1112, 0x1168, 0x11B6, 0x1112, 0x1168, 0x11B7, 0x1112, 0x1168,
    0x11B8, 0x1112, 0x1168, 0x11B9, 0x1112, 0x1168, 0x11BA, 0x1112, 0x1168, 0x11BB, 0x1112, 0x1168,
    0x11BC, 0x1112, 0x1168, 0x11BD, 0x1112, 0x1168, 0x11BE, 0x1112, 0x1168, 0x11BF, 0x1112, 0x1168,
    0x11C0, 0x1112, 0x1168, 0x11C1, 0x1112, 0x1168, 0x11C2, 0x1112, 0x1169, 0x1112, 0x1169, 0x11A8,
    0x1112, 0x1169, 0x11A9, 0x1112, 0x1169, 0x11AA, 0x1112, 0x1169, 0x11AB, 0x1112, 0x1169, 0x11AC,
    0x1112, 0x1169, 0x11AD, 0x1112, 0x1169, 0x11AE, 0x1112, 0x1169, 0x11AF, 0x1112, 0x1169, 0x11B0,
    0x1112, 0x1169, 0x11B1, 0x1112, 0x1169, 0x11B2, 0x1112, 0x1169, 0x11B3, 0x1112, 0x1169, 0x11B4,
    0x1112, 0x1169, 0x11B5, 0x1112, 0x1169, 0x11B6, 0x1112, 0x1169, 0x11B7, 0x1112, 0x1169, 0x11B8,
    0x1112, 0x1169, 0x11B9, 0x1112, 0x1169, 0x11BA, 0x1112, 0x1169, 0x11BB, 0x1112, 0x1169, 0x11BC,
    0x1112, 0x1169, 0x11BD, 0x1112, 0x1169, 0x11BE, 0x1112, 0x1169, 0x11BF, 0x1112, 0x1169, 0x11C0,
    0x1112, 0x1169, 0x11C1, 0x1112, 0x1169, 0x11C2, 0x1112, 0x116A, 0x1112, 0x116A, 0x11A8, 0x1112,
    0x116A, 0x11A9, 0x1112, 0x116A, 0x11AA, 0x1112, 0x116A, 0x11AB, 0x1112, 0x116A, 0x11AC, 0x1112,
    0x116A, 0x11AD, 0x1112, 0x116A, 0x11AE, 0x1112, 0x116A, 0x11AF, 0x1112, 0x116A, 0x11B0, 0x1112,
    0x116A, 0x11B1, 0x1112, 0x116A, 0x11B2, 0x1112, 0x116A, 0x11B3, 0x1112, 0x116A, 0x11B4, 0x1112,
    0x116A, 0x11B5, 0x1112, 0x116A, 0x11B6, 0x1112, 0x116A, 0x11B7, 0x1112, 0x116A, 0x11B8, 0x1112,
    0x116A, 0x11B9, 0x1112, 0x116A, 0x11BA, 0x1112, 0x116A, 0x11BB, 0x1112, 0x116A, 0x11BC, 0x1112,
    0x116A, 0x11BD, 0x1112, 0x116A, 0x11BE, 0x1112, 0x116A, 0x11BF, 0x1112, 0x116A, 0x11C0, 0x1112,
    0x116A, 0x11C1, 0x1112, 0x116A, 0x11C2, 0x1112, 0x116B, 0x1112, 0x116B, 0x11A8, 0x1112, 0x116B,
    0x11A9, 0x1112, 0x116B, 0x11AA, 0x1112, 0x116B, 0x11AB, 0x1112, 0x116B, 0x11AC, 0x1112, 0x116B,
    0x11AD, 0x1112, 0x116B, 0x11AE, 0x1112, 0x116B, 0x11AF, 0x1112, 0x116B, 0x11B0, 0x1112, 0x116B,
    0x11B1, 0x1112, 0x116B, 0x11B2, 0x1112, 0x116B, 0x11B3, 0x1112, 0x116B, 0x11B4, 0x1112, 0x116B,
    0x11B5, 0x1112, 0x116B, 0x11B6, 0x1112, 0x116B, 0x11B7, 0x1112, 0x116B, 0x11B8, 0x1112, 0x116B,
    0x11B9, 0x1112, 0x116B, 0x11BA, 0x1112, 0x116B, 0x11BB, 0x1112, 0x116B, 0x11BC, 0x1112, 0x116B,
    0x11BD, 0x1112, 0x116B, 0x11BE, 0x1112, 0x116B, 0x11BF, 0x1112, 0x116B, 0x11C0, 0x1112, 0x116B,
    0x11C1, 0x1112, 0x116B, 0x11C2, 0x1112, 0x116C, 0x1112, 0x116C, 0x11A8, 0x1112, 0x116C, 0x11A9,
    0x1112, 0x116C, 0x11AA, 0x1112, 0x116C, 0x11AB, 0x1112, 0x116C, 0x11AC, 0x1112, 0x116C, 0x11AD,
    0x1112, 0x116C, 0x11AE, 0x1112, 0x116C, 0x11AF, 0x1112, 0x116C, 0x11B0, 0x1112, 0x116C, 0x11B1,
    0x1112, 0x116C, 0x11B2, 0x1112, 0x116C, 0x11B3, 0x1112, 0x116C, 0x11B4, 0x1112, 0x116C, 0x11B5,
    0x1112, 0x116C, 0x11B6, 0x1112, 0x116C, 0x11B7, 0x1112, 0x116C, 0x11B8, 0x1112, 0x116C, 0x11B9,
    0x1112, 0x116C, 0x11BA, 0x1112, 0x116C, 0x11BB, 0x1112, 0x116C, 0x11BC, 0x1112, 0x116C, 0x11BD,
    0x1112, 0x116C, 0x11BE, 0x1112, 0x116C, 0x11BF, 0x1112, 0x116C, 0x11C0, 0x1112, 0x116C, 0x11C1,
    0x1112, 0x116C, 0x11C2, 0x1112, 0x116D, 0x1112, 0x116D, 0x11A8, 0x1112, 0x116D, 0x11A9, 0x1112,
    0x116D, 0x11AA, 0x1112, 0x116D, 0x11AB, 0x1112, 0x116D, 0x11AC, 0x1112, 0x116D, 0x11AD, 0x1112,
    0x116D, 0x11AE, 0x1112, 0x116D, 0x11AF, 0x1112, 0x116D, 0x11B0, 0x1112, 0x116D, 0x11B1, 0x1112,
    0x116D, 0x11B2, 0x1112, 0x116D, 0x11B3, 0x1112, 0x116D, 0x11B4, 0x1112, 0x116D, 0x11B5, 0x1112,
    0x116D, 0x11B6, 0x1112, 0x116D, 0x11B7, 0x1112, 0x116D, 0x11B8, 0x1112, 0x116D, 0x11B9, 0x1112,
    0x116D, 0x11BA, 0x1112, 0x116D, 0x11BB, 0x1112, 0x116D, 0x11BC, 0x1112, 0x116D, 0x11BD, 0x1112,
    0x116D, 0x11BE, 0x1112, 0x116D, 0x11BF, 0x1112, 0x116D, 0x11C0, 0x1112, 0x116D, 0x11C1, 0x1112,
    0x116D, 0x11C2, 0x1112, 0x116E, 0x1112, 0x116E, 0x11A8, 0x1112, 0x116E, 0x11A9, 0x1112, 0x116E,
    0x11AA, 0x1112, 0x116E, 0x11AB, 0x1112, 0x116E, 0x11AC, 0x1112, 0x116E, 0x11AD, 0x1112, 0x116E,
    0x11AE, 0x1112, 0x116E, 0x11AF, 0x1112, 0x116E, 0x11B0, 0x1112, 0x116E, 0x11B1, 0x1112, 0x116E,
    0x11B2, 0x1112, 0x116E, 0x11B3, 0x1112, 0x116E, 0x11B4, 0x1112, 0x116E, 0x11B5, 0x1112, 0x116E,
    0x11B6, 0x1112, 0x116E, 0x11B7, 0x1112, 0x116E, 0x11B8, 0x1112, 0x116E, 0x11B9, 0x1112, 0x116E,
    0x11BA, 0x1112, 0x116E, 0x11BB, 0x1112, 0x116E, 0x11BC, 0x1112, 0x116E, 0x11BD, 0x1112, 0x116E,
    0x11BE, 0x1112, 0x116E, 0x11BF, 0x1112, 0x116E, 0x11C0, 0x1112, 0x116E, 0x11C1, 0x1112, 0x116E,
    0x11C2, 0x1112, 0x116F, 0x1112, 0x116F, 0x11A8, 0x1112, 0x116F, 0x11A9, 0x1112, 0x116F, 0x11AA,
    0x1112, 0x116F, 0x11AB, 0x1112, 0x116F, 0x11AC, 0x1112, 0x116F, 0x11AD, 0x1112, 0x116F, 0x11AE,
    0x1112, 0x116F, 0x11AF, 0x1112, 0x116F, 0x11B0, 0x1112, 0x116F, 0x11B1, 0x1112, 0x116F, 0x11B2,
    0x1112, 0x116F, 0x11B3, 0x1112, 0x116F, 0x11B4, 0x1112, 0x116F, 0x11B5, 0x1112, 0x116F, 0x11B6,
    0x1112, 0x116F, 0x11B7, 0x1112, 0x116F, 0x11B8, 0x1112, 0x116F, 0x11B9, 0x1112, 0x116F, 0x11BA,
    0x1112, 0x116F, 0x11BB, 0x1112, 0x116F, 0x11BC, 0x1112, 0x116F, 0x11BD, 0x1112, 0x116F, 0x11BE,
    0x1112, 0x116F, 0x11BF, 0x1112, 0x116F, 0x11C0, 0x1112, 0x116F, 0x11C1, 0x1112, 0x116F, 0x11C2,
    0x1112, 0x1170, 0x1112, 0x1170, 0x11A8, 0x1112, 0x1170, 0x11A9, 0x1112, 0x1170, 0x11AA, 0x1112,
    0x1170, 0x11AB, 0x1112, 0x1170, 0x11AC, 0x1112, 0x1170, 0x11AD, 0x1112, 0x1170, 0x11AE, 0x1112,
    0x1170, 0x11AF, 0x1112, 0x1170, 0x11B0, 0x1112, 0x1170, 0x11B1, 0x1112, 0x1170, 0x11B2, 0x1112,
    0x1170, 0x11B3, 0x1112, 0x1170, 0x11B4, 0x1112, 0x1170, 0x11B5, 0x1112, 0x1170, 0x11B6, 0x1112,
    0x1170, 0x11B7, 0x1112, 0x1170, 0x11B8, 0x1112, 0x1170, 0x11B9, 0x1112, 0x1170, 0x11BA, 0x1112,
    0x1170, 0x11BB, 0x1112, 0x1170, 0x11BC, 0x1112, 0x1170, 0x11BD, 0x1112, 0x1170, 0x11BE, 0x1112,
    0x1170, 0x11BF, 0x1112, 0x1170, 0x11C0, 0x1112, 0x1170, 0x11C1, 0x1112, 0x1170, 0x11C2, 0x1112,
    0x1171, 0x1112, 0x1171, 0x11A8, 0x1112, 0x1171, 0x11A9, 0x1112, 0x1171, 0x11AA, 0x1112, 0x1171,
    0x11AB, 0x1112, 0x1171, 0x11AC, 0x1112, 0x1171, 0x11AD, 0x1112, 0x1171, 0x11AE, 0x1112, 0x1171,
    0x11AF, 0x1112, 0x1171, 0x11B0, 0x1112, 0x1171, 0x11B1, 0x1112, 0x1171, 0x11B2, 0x1112, 0x1171,
    0x11B3, 0x1112, 0x1171, 0x11B4, 0x1112, 0x1171, 0x11B5, 0x1112, 0x1171, 0x11B6, 0x1112, 0x1171,
    0x11B7, 0x1112, 0x1171, 0x11B8, 0x1112, 0x1171, 0x11B9, 0x1112, 0x1171, 0x11BA, 0x1112, 0x1171,
    0x11BB, 0x1112, 0x1171, 0x11BC, 0x1112, 0x1171, 0x11BD, 0x1112, 0x1171, 0x11BE, 0x1112, 0x1171,
    0x11BF, 0x1112, 0x1171, 0x11C0, 0x1112, 0x1171, 0x11C1, 0x1112, 0x1171, 0x11C2, 0x1112, 0x1172,
    0x1112, 0x1172, 0x11A8, 0x1112, 0x1172, 0x11A9, 0x1112, 0x1172, 0x11AA, 0x1112, 0x1172, 0x11AB,
    0x1112, 0x1172, 0x11AC, 0x1112, 0x1172, 0x11AD, 0x1112, 0x1172, 0x11AE, 0x1112, 0x1172, 0x11AF,
    0x1112, 0x1172, 0x11B0, 0x1112, 0x1172, 0x11B1, 0x1112, 0x1172, 0x11B2, 0x1112, 0x1172, 0x11B3,
    0x1112, 0x1172, 0x11B4, 0x1112, 0x1172, 0x11B5, 0x1112, 0x1172, 0x11B6, 0x1112, 0x1172, 0x11B7,
    0x1112, 0x1172, 0x11B8, 0x1112, 0x1172, 0x11B9, 0x1112, 0x1172, 0x11BA, 0x1112, 0x1172, 0x11BB,
    0x1112, 0x1172, 0x11BC, 0x1112, 0x1172, 0x11BD, 0x1112, 0x1172, 0x11BE, 0x1112, 0x1172, 0x11BF,
    0x1112, 0x1172, 0x11C0, 0x1112, 0x1172, 0x11C1, 0x1112, 0x1172, 0x11C2, 0x1112, 0x1173, 0x1112,
    0x1173, 0x11A8, 0x1112, 0x1173, 0x11A9, 0x1112, 0x1173, 0x11AA, 0x1112, 0x1173, 0x11AB, 0x1112,
    0x1173, 0x11AC, 0x1112, 0x1173, 0x11AD, 0x1112, 0x1173, 0x11AE, 0x1112, 0x1173, 0x11AF, 0x1112,
    0x1173, 0x11B0, 0x1112, 0x1173, 0x11B1, 0x1112, 0x1173, 0x11B2, 0x1112, 0x1173, 0x11B3, 0x1112,
    0x1173, 0x11B4, 0x1112, 0x1173, 0x11B5, 0x1112, 0x1173, 0x11B6, 0x1112, 0x1173, 0x11B7, 0x1112,
    0x1173, 0x11B8, 0x1112, 0x1173, 0x11B9, 0x1112, 0x1173, 0x11BA, 0x1112, 0x1173, 0x11BB, 0x1112,
    0x1173, 0x11BC, 0x1112, 0x1173, 0x11BD, 0x1112, 0x1173, 0x11BE, 0x1112, 0x1173, 0x11BF, 0x1112,
    0x1173, 0x11C0, 0x1112, 0x1173, 0x11C1, 0x1112, 0x1173, 0x11C2, 0x1112, 0x1174, 0x1112, 0x1174,
    0x11A8, 0x1112, 0x1174, 0x11A9, 0x1112, 0x1174, 0x11AA, 0x1112, 0x1174, 0x11AB, 0x1112, 0x1174,
    0x11AC, 0x1112, 0x1174, 0x11AD, 0x1112, 0x1174, 0x11AE, 0x1112, 0x1174, 0x11AF, 0x1112, 0x1174,
    0x11B0, 0x1112, 0x1174, 0x11B1, 0x1112, 0x1174, 0x11B2, 0x1112, 0x1174, 0x11B3, 0x1112, 0x1174,
    0x11B4, 0x1112, 0x1174, 0x11B5, 0x1112, 0x1174, 0x11B6, 0x1112, 0x1174, 0x11B7, 0x1112, 0x1174,
    0x11B8, 0x1112, 0x1174, 0x11B9, 0x1112, 0x1174, 0x11BA, 0x1112, 0x1174, 0x11BB, 0x1112, 0x1174,
    0x11BC, 0x1112, 0x1174, 0x11BD, 0x1112, 0x1174, 0x11BE, 0x1112, 0x1174, 0x11BF, 0x1112, 0x1174,
    0x11C0, 0x1112, 0x1174, 0x11C1, 0x1112, 0x1174, 0x11C2, 0x1112, 0x1175, 0x1112, 0x1175, 0x11A8,
    0x1112, 0x1175, 0x11A9, 0x1112, 0x1175, 0x11AA, 0x1112, 0x1175, 0x11AB, 0x1112, 0x1175, 0x11AC,
    0x1112, 0x1175, 0x11AD, 0x1112, 0x1175, 0x11AE, 0x1112, 0x1175, 0x11AF, 0x1112, 0x1175, 0x11B0,
    0x1112, 0x1175, 0x11B1, 0x1112, 0x1175, 0x11B2, 0x1112, 0x1175, 0x11B3, 0x1112, 0x1175, 0x11B4,
    0x1112, 0x1175, 0x11B5, 0x1112, 0x1175, 0x11B6, 0x1112, 0x1175, 0x11B7, 0x1112, 0x1175, 0x11B8,
    0x1112, 0x1175, 0x11B9, 0x1112, 0x1175, 0x11BA, 0x1112, 0x1175, 0x11BB, 0x1112, 0x1175, 0x11BC,
    0x1112, 0x1175, 0x11BD, 0x1112, 0x1175, 0x11BE, 0x1112, 0x1175, 0x11BF, 0x1112, 0x1175, 0x11C0,
    0x1112, 0x1175, 0x11C1, 0x1112, 0x1175, 0x11C2, 0x8C48, 0x66F4, 0x8ECA, 0x8CC8, 0x6ED1, 0x4E32,
    0x53E5, 0x9F9C, 0x9F9C, 0x5951, 0x91D1, 0x5587, 0x5948, 0x61F6, 0x7669, 0x7F85, 0x863F, 0x87BA,
    0x88F8, 0x908F, 0x6A02, 0x6D1B, 0x70D9, 0x73DE, 0x843D, 0x916A, 0x99F1, 0x4E82, 0x5375, 0x6B04,
    0x721B, 0x862D, 0x9E1E, 0x5D50, 0x6FEB, 0x85CD, 0x8964, 0x62C9, 0x81D8, 0x881F, 0x5ECA, 0x6717,
    0x6D6A, 0x72FC, 0x90CE, 0x4F86, 0x51B7, 0x52DE, 0x64C4, 0x6AD3, 0x7210, 0x76E7, 0x8001, 0x8606,
    0x865C, 0x8DEF, 0x9732, 0x9B6F, 0x9DFA, 0x788C, 0x797F, 0x7DA0, 0x83C9, 0x9304, 0x9E7F, 0x8AD6,
    0x58DF, 0x5F04, 0x7C60, 0x807E, 0x7262, 0x78CA, 0x8CC2, 0x96F7, 0x58D8, 0x5C62, 0x6A13, 0x6DDA,
    0x6F0F, 0x7D2F, 0x7E37, 0x964B, 0x52D2, 0x808B, 0x51DC, 0x51CC, 0x7A1C, 0x7DBE, 0x83F1, 0x9675,
    0x8B80, 0x62CF, 0x6A02, 0x8AFE, 0x4E39, 0x5BE7, 0x6012, 0x7387, 0x7570, 0x5317, 0x78FB, 0x4FBF,
    0x5FA9, 0x4E0D, 0x6CCC, 0x6578, 0x7D22, 0x53C3, 0x585E, 0x7701, 0x8449, 0x8AAA, 0x6BBA, 0x8FB0,
    0x6C88, 0x62FE, 0x82E5, 0x63A0, 0x7565, 0x4EAE, 0x5169, 0x51C9, 0x6881, 0x7CE7, 0x826F, 0x8AD2,
    0x91CF, 0x52F5, 0x5442, 0x5973, 0x5EEC, 0x65C5, 0x6FFE, 0x792A, 0x95AD, 0x9A6A, 0x9E97, 0x9ECE,
    0x529B, 0x66C6, 0x6B77, 0x8F62, 0x5E74, 0x6190, 0x6200, 0x649A, 0x6F23, 0x7149, 0x7489, 0x79CA,
    0x7DF4, 0x806F, 0x8F26, 0x84EE, 0x9023, 0x934A, 0x5217, 0x52A3, 0x54BD, 0x70C8, 0x88C2, 0x8AAA,
    0x5EC9, 0x5FF5, 0x637B, 0x6BAE, 0x7C3E, 0x7375, 0x4EE4, 0x56F9, 0x5BE7, 0x5DBA, 0x601C, 0x73B2,
    0x7469, 0x7F9A, 0x8046, 0x9234, 0x96F6, 0x9748, 0x9818, 0x4F8B, 0x79AE, 0x91B4, 0x96B8, 0x60E1,
    0x4E86, 0x50DA, 0x5BEE, 0x5C3F, 0x6599, 0x6A02, 0x71CE, 0x7642, 0x84FC, 0x907C, 0x9F8D, 0x6688,
    0x962E, 0x5289, 0x677B, 0x67F3, 0x6D41, 0x6E9C, 0x7409, 0x7559, 0x786B, 0x7D10, 0x985E, 0x516D,
    0x622E, 0x9678, 0x502B, 0x5D19, 0x6DEA, 0x8F2A, 0x5F8B, 0x6144, 0x6817, 0x7387, 0x9686, 0x5229,
    0x540F, 0x5C65, 0x6613, 0x674E, 0x68A8, 0x6CE5, 0x7406, 0x75E2, 0x7F79, 0x88CF, 0x88E1, 0x91CC,
    0x96E2, 0x533F, 0x6EBA, 0x541D, 0x71D0, 0x7498, 0x85FA, 0x96A3, 0x9C57, 0x9E9F, 0x6797, 0x6DCB,
    0x81E8, 0x7ACB, 0x7B20, 0x7C92, 0x72C0, 0x7099, 0x8B58, 0x4EC0, 0x8336, 0x523A, 0x5207, 0x5EA6,
    0x62D3, 0x7CD6, 0x5B85, 0x6D1E, 0x66B4, 0x8F3B, 0x884C, 0x964D, 0x898B, 0x5ED3, 0x5140, 0x55C0,
    0x585A, 0x6674, 0x51DE, 0x732A, 0x76CA, 0x793C, 0x795E, 0x7965, 0x798F, 0x9756, 0x7CBE, 0x7FBD,
    0x8612, 0x8AF8, 0x9038, 0x90FD, 0x98EF, 0x98FC, 0x9928, 0x9DB4, 0x90DE, 0x96B7, 0x4FAE, 0x50E7,
    0x514D, 0x52C9, 0x52E4, 0x5351, 0x559D, 0x5606, 0x5668, 0x5840, 0x58A8, 0x5C64, 0x5C6E, 0x6094,
    0x6168, 0x618E, 0x61F2, 0x654F, 0x65E2, 0x6691, 0x6885, 0x6D77, 0x6E1A, 0x6F22, 0x716E, 0x722B,
    0x7422, 0x7891, 0x793E, 0x7949, 0x7948, 0x7950, 0x7956, 0x795D, 0x798D, 0x798E, 0x7A40, 0x7A81,
    0x7BC0, 0x7DF4, 0x7E09, 0x7E41, 0x7F72, 0x8005, 0x81ED, 0x8279, 0x8279, 0x8457, 0x8910, 0x8996,
    0x8B01, 0x8B39, 0x8CD3, 0x8D08, 0x8FB6, 0x9038, 0x96E3, 0x97FF, 0x983B, 0x6075, 0x242EE, 0x8218,
    0x4E26, 0x51B5, 0x5168, 0x4F80, 0x5145, 0x5180, 0x52C7, 0x52FA, 0x559D, 0x5555, 0x5599, 0x55E2,
    0x585A, 0x58B3, 0x5944, 0x5954, 0x5A62, 0x5B28, 0x5ED2, 0x5ED9, 0x5F69, 0x5FAD, 0x60D8, 0x614E,
    0x6108, 0x618E, 0x6160, 0x61F2, 0x6234, 0x63C4, 0x641C, 0x6452, 0x6556, 0x6674, 0x6717, 0x671B,
    0x6756, 0x6B79, 0x6BBA, 0x6D41, 0x6EDB, 0x6ECB, 0x6F22, 0x701E, 0x716E, 0x77A7, 0x7235, 0x72AF,
    0x732A, 0x7471, 0x7506, 0x753B, 0x761D, 0x761F, 0x76CA, 0x76DB, 0x76F4, 0x774A, 0x7740, 0x78CC,
    0x7AB1, 0x7BC0, 0x7C7B, 0x7D5B, 0x7DF4, 0x7F3E, 0x8005, 0x8352, 0x83EF, 0x8779, 0x8941, 0x8986,
    0x8996, 0x8ABF, 0x8AF8, 0x8ACB, 0x8B01, 0x8AFE, 0x8AED, 0x8B39, 0x8B8A, 0x8D08, 0x8F38, 0x9072,
    0x9199, 0x9276, 0x967C, 0x96E3, 0x9756, 0x97DB, 0x97FF, 0x980B, 0x983B, 0x9B12, 0x9F9C, 0x2284A,
    0x22844, 0x233D5, 0x3B9D, 0x4018, 0x4039, 0x25249, 0x25CD0, 0x27ED3, 0x9F43, 0x9F8E, 0x5D9, 0x5F2,
    0x5E9, 0x5E9, 0x5E9, 0x5E9, 0x5D0, 0x5D0, 0x5D0, 0x5D1, 0x5D2, 0x5D3, 0x5D4, 0x5D5,
    0x5D6, 0x5D8, 0x5D9, 0x5DA, 0x5DB, 0x5DC, 0x5DE, 0x5E0, 0x5E1, 0x5E3, 0x5E4, 0x5E6,
    0x5E7, 0x5E8, 0x5E9, 0x5EA, 0x5D5, 0x5D1, 0x5DB, 0x5E4, 0xFF41, 0xFF42, 0xFF43, 0xFF44,
    0xFF45, 0xFF46, 0xFF47, 0xFF48, 0xFF49, 0xFF4A, 0xFF4B, 0xFF4C, 0xFF4D, 0xFF4E, 0xFF4F, 0xFF50,
    0xFF51, 0xFF52, 0xFF53, 0xFF54, 0xFF55, 0xFF56, 0xFF57, 0xFF58, 0xFF59, 0xFF5A, 0x10428, 0x10429,
    0x1042A, 0x1042B, 0x1042C, 0x1042D, 0x1042E, 0x1042F, 0x10430, 0x10431, 0x10432, 0x10433, 0x10434, 0x10435,
    0x10436, 0x10437, 0x10438, 0x10439, 0x1043A, 0x1043B, 0x1043C, 0x1043D, 0x1043E, 0x1043F, 0x10440, 0x10441,
    0x10442, 0x10443, 0x10444, 0x10445, 0x10446, 0x10447, 0x10448, 0x10449, 0x1044A, 0x1044B, 0x1044C, 0x1044D,
    0x1044E, 0x1044F, 0x104D8, 0x104D9, 0x104DA, 0x104DB, 0x104DC, 0x104DD, 0x104DE, 0x104DF, 0x104E0, 0x104E1,
    0x104E2, 0x104E3, 0x104E4, 0x104E5, 0x104E6, 0x104E7, 0x104E8, 0x104E9, 0x104EA, 0x104EB, 0x104EC, 0x104ED,
    0x104EE, 0x104EF, 0x104F0, 0x104F1, 0x104F2, 0x104F3, 0x104F4, 0x104F5, 0x104F6, 0x104F7, 0x104F8, 0x104F9,
    0x104FA, 0x104FB, 0x10597, 0x10598, 0x10599, 0x1059A, 0x1059B, 0x1059C, 0x1059D, 0x1059E, 0x1059F, 0x105A0,
    0x105A1, 0x105A3, 0x105A4, 0x105A5, 0x105A6, 0x105A7, 0x105A8, 0x105A9, 0x105AA, 0x105AB, 0x105AC, 0x105AD,
    0x105AE, 0x105AF, 0x105B0, 0x105B1, 0x105B3, 0x105B4, 0x105B5, 0x105B6, 0x105B7, 0x105B8, 0x105B9, 0x105BB,
    0x105BC, 0x10CC0, 0x10CC1, 0x10CC2, 0x10CC3, 0x10CC4, 0x10CC5, 0x10CC6, 0x10CC7, 0x10CC8, 0x10CC9, 0x10CCA,
    0x10CCB, 0x10CCC, 0x10CCD, 0x10CCE, 0x10CCF, 0x10CD0, 0x10CD1, 0x10CD2, 0x10CD3, 0x10CD4, 0x10CD5, 0x10CD6,
    0x10CD7, 0x10CD8, 0x10CD9, 0x10CDA, 0x10CDB, 0x10CDC, 0x10CDD, 0x10CDE, 0x10CDF, 0x10CE0, 0x10CE1, 0x10CE2,
    0x10CE3, 0x10CE4, 0x10CE5, 0x10CE6, 0x10CE7, 0x10CE8, 0x10CE9, 0x10CEA, 0x10CEB, 0x10CEC, 0x10CED, 0x10CEE,
    0x10CEF, 0x10CF0, 0x10CF1, 0x10CF2, 0x11099, 0x1109B, 0x110A5, 0x11347, 0x1133E, 0x11347, 0x11357, 0x114B9,
    0x114B9, 0x114B0, 0x114B9, 0x114BD, 0x115B8, 0x115AF, 0x115B9, 0x115AF, 0x118C0, 0x118C1, 0x118C2, 0x118C3,
    0x118C4, 0x118C5, 0x118C6, 0x118C7, 0x118C8, 0x118C9, 0x118CA, 0x118CB, 0x118CC, 0x118CD, 0x118CE, 0x118CF,
    0x118D0, 0x118D1, 0x118D2, 0x118D3, 0x118D4, 0x118D5, 0x118D6, 0x118D7, 0x118D8, 0x118D9, 0x118DA, 0x118DB,
    0x118DC, 0x118DD, 0x118DE, 0x118DF, 0x11935, 0x11930, 0x16E60, 0x16E61, 0x16E62, 0x16E63, 0x16E64, 0x16E65,
    0x16E66, 0x16E67, 0x16E68, 0x16E69, 0x16E6A, 0x16E6B, 0x16E6C, 0x16E6D, 0x16E6E, 0x16E6F, 0x16E70, 0x16E71,
    0x16E72, 0x16E73, 0x16E74, 0x16E75, 0x16E76, 0x16E77, 0x16E78, 0x16E79, 0x16E7A, 0x16E7B, 0x16E7C, 0x16E7D,
    0x16E7E, 0x16E7F, 0x1D157, 0x1D165, 0x1D158, 0x1D165, 0x1D158, 0x1D165, 0x1D16E, 0x1D158, 0x1D165, 0x1D16F,
    0x1D158, 0x1D165, 0x1D170, 0x1D158, 0x1D165, 0x1D171, 0x1D158, 0x1D165, 0x1D172, 0x1D1B9, 0x1D165, 0x1D1BA,
    0x1D165, 0x1D1B9, 0x1D165, 0x1D16E, 0x1D1BA, 0x1D165, 0x1D16E, 0x1D1B9, 0x1D165, 0x1D16F, 0x1D1BA, 0x1D165,
    0x1D16F, 0x1E922, 0x1E923, 0x1E924, 0x1E925, 0x1E926, 0x1E927, 0x1E928, 0x1E929, 0x1E92A, 0x1E92B, 0x1E92C,
    0x1E92D, 0x1E92E, 0x1E92F, 0x1E930, 0x1E931, 0x1E932, 0x1E933, 0x1E934, 0x1E935, 0x1E936, 0x1E937, 0x1E938,
    0x1E939, 0x1E93A, 0x1E93B, 0x1E93C, 0x1E93D, 0x1E93E, 0x1E93F, 0x1E940, 0x1E941, 0x1E942, 0x1E943, 0x4E3D,
    0x4E38, 0x4E41, 0x20122, 0x4F60, 0x4FAE, 0x4FBB, 0x5002, 0x507A, 0x5099, 0x50E7, 0x50CF, 0x349E,
    0x2063A, 0x514D, 0x5154, 0x5164, 0x5177, 0x2051C, 0x34B9, 0x5167, 0x518D, 0x2054B, 0x5197, 0x51A4,
    0x4ECC, 0x51AC, 0x51B5, 0x291DF, 0x51F5, 0x5203, 0x34DF, 0x523B, 0x5246, 0x5272, 0x5277, 0x3515,
    0x52C7, 0x52C9, 0x52E4, 0x52FA, 0x5305, 0x5306, 0x5317, 0x5349, 0x5351, 0x535A, 0x5373, 0x537D,
    0x537F, 0x537F, 0x537F, 0x20A2C, 0x7070, 0x53CA, 0x53DF, 0x20B63, 0x53EB, 0x53F1, 0x5406, 0x549E,
    0x5438, 0x5448, 0x5468, 0x54A2, 0x54F6, 0x5510, 0x5553, 0x5563, 0x5584, 0x5584, 0x5599, 0x55AB,
    0x55B3, 0x55C2, 0x5716, 0x5606, 0x5717, 0x5651, 0x5674, 0x5207, 0x58EE, 0x57CE, 0x57F4, 0x580D,
    0x578B, 0x5832, 0x5831, 0x58AC, 0x214E4, 0x58F2, 0x58F7, 0x5906, 0x591A, 0x5922, 0x5962, 0x216A8,
    0x216EA, 0x59EC, 0x5A1B, 0x5A27, 0x59D8, 0x5A66, 0x36EE, 0x36FC, 0x5B08, 0x5B3E, 0x5B3E, 0x219C8,
    0x5BC3, 0x5BD8, 0x5BE7, 0x5BF3, 0x21B18, 0x5BFF, 0x5C06, 0x5F53, 0x5C22, 0x3781, 0x5C60, 0x5C6E,
    0x5CC0, 0x5C8D, 0x21DE4, 0x5D43, 0x21DE6, 0x5D6E, 0x5D6B, 0x5D7C, 0x5DE1, 0x5DE2, 0x382F, 0x5DFD,
    0x5E28, 0x5E3D, 0x5E69, 0x3862, 0x22183, 0x387C, 0x5EB0, 0x5EB3, 0x5EB6, 0x5ECA, 0x2A392, 0x5EFE,
    0x22331, 0x22331, 0x8201, 0x5F22, 0x5F22, 0x38C7, 0x232B8, 0x261DA, 0x5F62, 0x5F6B, 0x38E3, 0x5F9A,
    0x5FCD, 0x5FD7, 0x5FF9, 0x6081, 0x393A, 0x391C, 0x6094, 0x226D4, 0x60C7, 0x6148, 0x614C, 0x614E,
    0x614C, 0x617A, 0x618E, 0x61B2, 0x61A4, 0x61AF, 0x61DE, 0x61F2, 0x61F6, 0x6210, 0x621B, 0x625D,
    0x62B1, 0x62D4, 0x6350, 0x22B0C, 0x633D, 0x62FC, 0x6368, 0x6383, 0x63E4, 0x22BF1, 0x6422, 0x63C5,
    0x63A9, 0x3A2E, 0x6469, 0x647E, 0x649D, 0x6477, 0x3A6C, 0x654F, 0x656C, 0x2300A, 0x65E3, 0x66F8,
    0x6649, 0x3B19, 0x6691, 0x3B08, 0x3AE4, 0x5192, 0x5195, 0x6700, 0x669C, 0x80AD, 0x43D9, 0x6717,
    0x671B, 0x6721, 0x675E, 0x6753, 0x233C3, 0x3B49, 0x67FA, 0x6785, 0x6852, 0x6885, 0x2346D, 0x688E,
    0x681F, 0x6914, 0x3B9D, 0x6942, 0x69A3, 0x69EA, 0x6AA8, 0x236A3, 0x6ADB, 0x3C18, 0x6B21, 0x238A7,
    0x6B54, 0x3C4E, 0x6B72, 0x6B9F, 0x6BBA, 0x6BBB, 0x23A8D, 0x21D0B, 0x23AFA, 0x6C4E, 0x23CBC, 0x6CBF,
    0x6CCD, 0x6C67, 0x6D16, 0x6D3E, 0x6D77, 0x6D41, 0x6D69, 0x6D78, 0x6D85, 0x23D1E, 0x6D34, 0x6E2F,
    0x6E6E, 0x3D33, 0x6ECB, 0x6EC7, 0x23ED1, 0x6DF9, 0x6F6E, 0x23F5E, 0x23F8E, 0x6FC6, 0x7039, 0x701E,
    0x701B, 0x3D96, 0x704A, 0x707D, 0x7077, 0x70AD, 0x20525, 0x7145, 0x24263, 0x719C, 0x243AB, 0x7228,
    0x7235, 0x7250, 0x24608, 0x7280, 0x7295, 0x24735, 0x24814, 0x737A, 0x738B, 0x3EAC, 0x73A5, 0x3EB8,
    0x3EB8, 0x7447, 0x745C, 0x7471, 0x7485, 0x74CA, 0x3F1B, 0x7524, 0x24C36, 0x753E, 0x24C92, 0x7570,
    0x2219F, 0x7610, 0x24FA1, 0x24FB8, 0x25044, 0x3FFC, 0x4008, 0x76F4, 0x250F3, 0x250F2, 0x25119, 0x25133,
    0x771E, 0x771F, 0x771F, 0x774A, 0x4039, 0x778B, 0x4046, 0x4096, 0x2541D, 0x784E, 0x788C, 0x78CC,
    0x40E3, 0x25626, 0x7956, 0x2569A, 0x256C5, 0x798F, 0x79EB, 0x412F, 0x7A40, 0x7A4A, 0x7A4F, 0x2597C,
    0x25AA7, 0x25AA7, 0x7AEE, 0x4202, 0x25BAB, 0x7BC6, 0x7BC9, 0x4227, 0x25C80, 0x7CD2, 0x42A0, 0x7CE8,
    0x7CE3, 0x7D00, 0x25F86, 0x7D63, 0x4301, 0x7DC7, 0x7E02, 0x7E45, 0x4334, 0x26228, 0x26247, 0x4359,
    0x262D9, 0x7F7A, 0x2633E, 0x7F95, 0x7FFA, 0x8005, 0x264DA, 0x26523, 0x8060, 0x265A8, 0x8070, 0x2335F,
    0x43D5, 0x80B2, 0x8103, 0x440B, 0x813E, 0x5AB5, 0x267A7, 0x267B5, 0x23393, 0x2339C, 0x8201, 0x8204,
    0x8F9E, 0x446B, 0x8291, 0x828B, 0x829D, 0x52B3, 0x82B1, 0x82B3, 0x82BD, 0x82E6, 0x26B3C, 0x82E5,
    0x831D, 0x8363, 0x83AD, 0x8323, 0x83BD, 0x83E7, 0x8457, 0x8353, 0x83CA, 0x83CC, 0x83DC, 0x26C36,
    0x26D6B, 0x26CD5, 0x452B, 0x84F1, 0x84F3, 0x8516, 0x273CA, 0x8564, 0x26F2C, 0x455D, 0x4561, 0x26FB1,
    0x270D2, 0x456B, 0x8650, 0x865C, 0x8667, 0x8669, 0x86A9, 0x8688, 0x870E, 0x86E2, 0x8779, 0x8728,
    0x876B, 0x8786, 0x45D7, 0x87E1, 0x8801, 0x45F9, 0x8860, 0x8863, 0x27667, 0x88D7, 0x88DE, 0x4635,
    0x88FA, 0x34BB, 0x278AE, 0x27966, 0x46BE, 0x46C7, 0x8AA0, 0x8AED, 0x8B8A, 0x8C55, 0x27CA8, 0x8CAB,
    0x8CC1, 0x8D1B, 0x8D77, 0x27F2F, 0x20804, 0x8DCB, 0x8DBC, 0x8DF0, 0x208DE, 0x8ED4, 0x8F38, 0x285D2,
    0x285ED, 0x9094, 0x90F1, 0x9111, 0x2872E, 0x911B, 0x9238, 0x92D7, 0x92D8, 0x927C, 0x93F9, 0x9415,
    0x28BFA, 0x958B, 0x4995, 0x95B7, 0x28D77, 0x49E6, 0x96C3, 0x5DB2, 0x9723, 0x29145, 0x2921A, 0x4A6E,
    0x4A76, 0x97E0, 0x2940A, 0x4AB2, 0x29496, 0x980B, 0x980B, 0x9829, 0x295B6, 0x98E2, 0x4B33, 0x9929,
    0x99A7, 0x99C2, 0x99FE, 0x4BCE, 0x29B30, 0x9B12, 0x9C40, 0x9CFD, 0x4CCE, 0x4CED, 0x9D67, 0x2A0CE,
    0x4CF8, 0x2A105, 0x2A20E, 0x2A291, 0x9EBB, 0x4D56, 0x9EF9, 0x9EFE, 0x9F05, 0x9F0F, 0x9F16, 0x9F3B,
    0x2A600
};
inline constexpr int kFoldData_n = 36265;

inline constexpr FoldEntry kFold[] = {
    {0x41,0,1}, {0x42,1,1}, {0x43,2,1}, {0x44,3,1}, {0x45,4,1}, {0x46,5,1},
    {0x47,6,1}, {0x48,7,1}, {0x49,8,1}, {0x4A,9,1}, {0x4B,10,1}, {0x4C,11,1},
    {0x4D,12,1}, {0x4E,13,1}, {0x4F,14,1}, {0x50,15,1}, {0x51,16,1}, {0x52,17,1},
    {0x53,18,1}, {0x54,19,1}, {0x55,20,1}, {0x56,21,1}, {0x57,22,1}, {0x58,23,1},
    {0x59,24,1}, {0x5A,25,1}, {0xC0,26,1}, {0xC1,27,1}, {0xC2,28,1}, {0xC3,29,1},
    {0xC4,30,1}, {0xC5,31,1}, {0xC6,32,1}, {0xC7,33,1}, {0xC8,34,1}, {0xC9,35,1},
    {0xCA,36,1}, {0xCB,37,1}, {0xCC,38,1}, {0xCD,39,1}, {0xCE,40,1}, {0xCF,41,1},
    {0xD0,42,1}, {0xD1,43,1}, {0xD2,44,1}, {0xD3,45,1}, {0xD4,46,1}, {0xD5,47,1},
    {0xD6,48,1}, {0xD8,49,1}, {0xD9,50,1}, {0xDA,51,1}, {0xDB,52,1}, {0xDC,53,1},
    {0xDD,54,1}, {0xDE,55,1}, {0xE0,56,1}, {0xE1,57,1}, {0xE2,58,1}, {0xE3,59,1},
    {0xE4,60,1}, {0xE5,61,1}, {0xE7,62,1}, {0xE8,63,1}, {0xE9,64,1}, {0xEA,65,1},
    {0xEB,66,1}, {0xEC,67,1}, {0xED,68,1}, {0xEE,69,1}, {0xEF,70,1}, {0xF1,71,1},
    {0xF2,72,1}, {0xF3,73,1}, {0xF4,74,1}, {0xF5,75,1}, {0xF6,76,1}, {0xF9,77,1},
    {0xFA,78,1}, {0xFB,79,1}, {0xFC,80,1}, {0xFD,81,1}, {0xFF,82,1}, {0x100,83,1},
    {0x101,84,1}, {0x102,85,1}, {0x103,86,1}, {0x104,87,1}, {0x105,88,1}, {0x106,89,1},
    {0x107,90,1}, {0x108,91,1}, {0x109,92,1}, {0x10A,93,1}, {0x10B,94,1}, {0x10C,95,1},
    {0x10D,96,1}, {0x10E,97,1}, {0x10F,98,1}, {0x110,99,1}, {0x112,100,1}, {0x113,101,1},
    {0x114,102,1}, {0x115,103,1}, {0x116,104,1}, {0x117,105,1}, {0x118,106,1}, {0x119,107,1},
    {0x11A,108,1}, {0x11B,109,1}, {0x11C,110,1}, {0x11D,111,1}, {0x11E,112,1}, {0x11F,113,1},
    {0x120,114,1}, {0x121,115,1}, {0x122,116,1}, {0x123,117,1}, {0x124,118,1}, {0x125,119,1},
    {0x126,120,1}, {0x128,121,1}, {0x129,122,1}, {0x12A,123,1}, {0x12B,124,1}, {0x12C,125,1},
    {0x12D,126,1}, {0x12E,127,1}, {0x12F,128,1}, {0x130,129,1}, {0x132,130,1}, {0x134,131,1},
    {0x135,132,1}, {0x136,133,1}, {0x137,134,1}, {0x139,135,1}, {0x13A,136,1}, {0x13B,137,1},
    {0x13C,138,1}, {0x13D,139,1}, {0x13E,140,1}, {0x13F,141,1}, {0x141,142,1}, {0x143,143,1},
    {0x144,144,1}, {0x145,145,1}, {0x146,146,1}, {0x147,147,1}, {0x148,148,1}, {0x14A,149,1},
    {0x14C,150,1}, {0x14D,151,1}, {0x14E,152,1}, {0x14F,153,1}, {0x150,154,1}, {0x151,155,1},
    {0x152,156,1}, {0x154,157,1}, {0x155,158,1}, {0x156,159,1}, {0x157,160,1}, {0x158,161,1},
    {0x159,162,1}, {0x15A,163,1}, {0x15B,164,1}, {0x15C,165,1}, {0x15D,166,1}, {0x15E,167,1},
    {0x15F,168,1}, {0x160,169,1}, {0x161,170,1}, {0x162,171,1}, {0x163,172,1}, {0x164,173,1},
    {0x165,174,1}, {0x166,175,1}, {0x168,176,1}, {0x169,177,1}, {0x16A,178,1}, {0x16B,179,1},
    {0x16C,180,1}, {0x16D,181,1}, {0x16E,182,1}, {0x16F,183,1}, {0x170,184,1}, {0x171,185,1},
    {0x172,186,1}, {0x173,187,1}, {0x174,188,1}, {0x175,189,1}, {0x176,190,1}, {0x177,191,1},
    {0x178,192,1}, {0x179,193,1}, {0x17A,194,1}, {0x17B,195,1}, {0x17C,196,1}, {0x17D,197,1},
    {0x17E,198,1}, {0x181,199,1}, {0x182,200,1}, {0x184,201,1}, {0x186,202,1}, {0x187,203,1},
    {0x189,204,1}, {0x18A,205,1}, {0x18B,206,1}, {0x18E,207,1}, {0x18F,208,1}, {0x190,209,1},
    {0x191,210,1}, {0x193,211,1}, {0x194,212,1}, {0x196,213,1}, {0x197,214,1}, {0x198,215,1},
    {0x19C,216,1}, {0x19D,217,1}, {0x19F,218,1}, {0x1A0,219,1}, {0x1A1,220,1}, {0x1A2,221,1},
    {0x1A4,222,1}, {0x1A6,223,1}, {0x1A7,224,1}, {0x1A9,225,1}, {0x1AC,226,1}, {0x1AE,227,1},
    {0x1AF,228,1}, {0x1B0,229,1}, {0x1B1,230,1}, {0x1B2,231,1}, {0x1B3,232,1}, {0x1B5,233,1},
    {0x1B7,234,1}, {0x1B8,235,1}, {0x1BC,236,1}, {0x1C4,237,1}, {0x1C5,238,1}, {0x1C7,239,1},
    {0x1C8,240,1}, {0x1CA,241,1}, {0x1CB,242,1}, {0x1CD,243,1}, {0x1CE,244,1}, {0x1CF,245,1},
    {0x1D0,246,1}, {0x1D1,247,1}, {0x1D2,248,1}, {0x1D3,249,1}, {0x1D4,250,1}, {0x1D5,251,1},
    {0x1D6,252,1}, {0x1D7,253,1}, {0x1D8,254,1}, {0x1D9,255,1}, {0x1DA,256,1}, {0x1DB,257,1},
    {0x1DC,258,1}, {0x1DE,259,1}, {0x1DF,260,1}, {0x1E0,261,1}, {0x1E1,262,1}, {0x1E2,263,1},
    {0x1E3,264,1}, {0x1E4,265,1}, {0x1E6,266,1}, {0x1E7,267,1}, {0x1E8,268,1}, {0x1E9,269,1},
    {0x1EA,270,1}, {0x1EB,271,1}, {0x1EC,272,1}, {0x1ED,273,1}, {0x1EE,274,1}, {0x1EF,275,1},
    {0x1F0,276,1}, {0x1F1,277,1}, {0x1F2,278,1}, {0x1F4,279,1}, {0x1F5,280,1}, {0x1F6,281,1},
    {0x1F7,282,1}, {0x1F8,283,1}, {0x1F9,284,1}, {0x1FA,285,1}, {0x1FB,286,1}, {0x1FC,287,1},
    {0x1FD,288,1}, {0x1FE,289,1}, {0x1FF,290,1}, {0x200,291,1}, {0x201,292,1}, {0x202,293,1},
    {0x203,294,1}, {0x204,295,1}, {0x205,296,1}, {0x206,297,1}, {0x207,298,1}, {0x208,299,1},
    {0x209,300,1}, {0x20A,301,1}, {0x20B,302,1}, {0x20C,303,1}, {0x20D,304,1}, {0x20E,305,1},
    {0x20F,306,1}, {0x210,307,1}, {0x211,308,1}, {0x212,309,1}, {0x213,310,1}, {0x214,311,1},
    {0x215,312,1}, {0x216,313,1}, {0x217,314,1}, {0x218,315,1}, {0x219,316,1}, {0x21A,317,1},
    {0x21B,318,1}, {0x21C,319,1}, {0x21E,320,1}, {0x21F,321,1}, {0x220,322,1}, {0x222,323,1},
    {0x224,324,1}, {0x226,325,1}, {0x227,326,1}, {0x228,327,1}, {0x229,328,1}, {0x22A,329,1},
    {0x22B,330,1}, {0x22C,331,1}, {0x22D,332,1}, {0x22E,333,1}, {0x22F,334,1}, {0x230,335,1},
    {0x231,336,1}, {0x232,337,1}, {0x233,338,1}, {0x23A,339,1}, {0x23B,340,1}, {0x23D,341,1},
    {0x23E,342,1}, {0x241,343,1}, {0x243,344,1}, {0x244,345,1}, {0x245,346,1}, {0x246,347,1},
    {0x248,348,1}, {0x24A,349,1}, {0x24C,350,1}, {0x24E,351,1}, {0x300,352,0}, {0x301,352,0},
    {0x302,352,0}, {0x303,352,0}, {0x304,352,0}, {0x305,352,0}, {0x306,352,0}, {0x307,352,0},
    {0x308,352,0}, {0x309,352,0}, {0x30A,352,0}, {0x30B,352,0}, {0x30C,352,0}, {0x30D,352,0},
    {0x30E,352,0}, {0x30F,352,0}, {0x310,352,0}, {0x311,352,0}, {0x312,352,0}, {0x313,352,0},
    {0x314,352,0}, {0x315,352,0}, {0x316,352,0}, {0x317,352,0}, {0x318,352,0}, {0x319,352,0},
    {0x31A,352,0}, {0x31B,352,0}, {0x31C,352,0}, {0x31D,352,0}, {0x31E,352,0}, {0x31F,352,0},
    {0x320,352,0}, {0x321,352,0}, {0x322,352,0}, {0x323,352,0}, {0x324,352,0}, {0x325,352,0},
    {0x326,352,0}, {0x327,352,0}, {0x328,352,0}, {0x329,352,0}, {0x32A,352,0}, {0x32B,352,0},
    {0x32C,352,0}, {0x32D,352,0}, {0x32E,352,0}, {0x32F,352,0}, {0x330,352,0}, {0x331,352,0},
    {0x332,352,0}, {0x333,352,0}, {0x334,352,0}, {0x335,352,0}, {0x336,352,0}, {0x337,352,0},
    {0x338,352,0}, {0x339,352,0}, {0x33A,352,0}, {0x33B,352,0}, {0x33C,352,0}, {0x33D,352,0},
    {0x33E,352,0}, {0x33F,352,0}, {0x340,352,0}, {0x341,352,0}, {0x342,352,0}, {0x343,352,0},
    {0x344,352,0}, {0x345,352,0}, {0x346,352,0}, {0x347,352,0}, {0x348,352,0}, {0x349,352,0},
    {0x34A,352,0}, {0x34B,352,0}, {0x34C,352,0}, {0x34D,352,0}, {0x34E,352,0}, {0x34F,352,0},
    {0x350,352,0}, {0x351,352,0}, {0x352,352,0}, {0x353,352,0}, {0x354,352,0}, {0x355,352,0},
    {0x356,352,0}, {0x357,352,0}, {0x358,352,0}, {0x359,352,0}, {0x35A,352,0}, {0x35B,352,0},
    {0x35C,352,0}, {0x35D,352,0}, {0x35E,352,0}, {0x35F,352,0}, {0x360,352,0}, {0x361,352,0},
    {0x362,352,0}, {0x363,352,0}, {0x364,352,0}, {0x365,352,0}, {0x366,352,0}, {0x367,352,0},
    {0x368,352,0}, {0x369,352,0}, {0x36A,352,0}, {0x36B,352,0}, {0x36C,352,0}, {0x36D,352,0},
    {0x36E,352,0}, {0x36F,352,0}, {0x370,352,1}, {0x372,353,1}, {0x374,354,1}, {0x376,355,1},
    {0x37E,356,1}, {0x37F,357,1}, {0x385,358,1}, {0x386,359,1}, {0x387,360,1}, {0x388,361,1},
    {0x389,362,1}, {0x38A,363,1}, {0x38C,364,1}, {0x38E,365,1}, {0x38F,366,1}, {0x390,367,1},
    {0x391,368,1}, {0x392,369,1}, {0x393,370,1}, {0x394,371,1}, {0x395,372,1}, {0x396,373,1},
    {0x397,374,1}, {0x398,375,1}, {0x399,376,1}, {0x39A,377,1}, {0x39B,378,1}, {0x39C,379,1},
    {0x39D,380,1}, {0x39E,381,1}, {0x39F,382,1}, {0x3A0,383,1}, {0x3A1,384,1}, {0x3A3,385,1},
    {0x3A4,386,1}, {0x3A5,387,1}, {0x3A6,388,1}, {0x3A7,389,1}, {0x3A8,390,1}, {0x3A9,391,1},
    {0x3AA,392,1}, {0x3AB,393,1}, {0x3AC,394,1}, {0x3AD,395,1}, {0x3AE,396,1}, {0x3AF,397,1},
    {0x3B0,398,1}, {0x3CA,399,1}, {0x3CB,400,1}, {0x3CC,401,1}, {0x3CD,402,1}, {0x3CE,403,1},
    {0x3CF,404,1}, {0x3D3,405,1}, {0x3D4,406,1}, {0x3D8,407,1}, {0x3DA,408,1}, {0x3DC,409,1},
    {0x3DE,410,1}, {0x3E0,411,1}, {0x3E2,412,1}, {0x3E4,413,1}, {0x3E6,414,1}, {0x3E8,415,1},
    {0x3EA,416,1}, {0x3EC,417,1}, {0x3EE,418,1}, {0x3F4,419,1}, {0x3F7,420,1}, {0x3F9,421,1},
    {0x3FA,422,1}, {0x3FD,423,1}, {0x3FE,424,1}, {0x3FF,425,1}, {0x400,426,1}, {0x401,427,1},
    {0x402,428,1}, {0x403,429,1}, {0x404,430,1}, {0x405,431,1}, {0x406,432,1}, {0x407,433,1},
    {0x408,434,1}, {0x409,435,1}, {0x40A,436,1}, {0x40B,437,1}, {0x40C,438,1}, {0x40D,439,1},
    {0x40E,440,1}, {0x40F,441,1}, {0x410,442,1}, {0x411,443,1}, {0x412,444,1}, {0x413,445,1},
    {0x414,446,1}, {0x415,447,1}, {0x416,448,1}, {0x417,449,1}, {0x418,450,1}, {0x419,451,1},
    {0x41A,452,1}, {0x41B,453,1}, {0x41C,454,1}, {0x41D,455,1}, {0x41E,456,1}, {0x41F,457,1},
    {0x420,458,1}, {0x421,459,1}, {0x422,460,1}, {0x423,461,1}, {0x424,462,1}, {0x425,463,1},
    {0x426,464,1}, {0x427,465,1}, {0x428,466,1}, {0x429,467,1}, {0x42A,468,1}, {0x42B,469,1},
    {0x42C,470,1}, {0x42D,471,1}, {0x42E,472,1}, {0x42F,473,1}, {0x439,474,1}, {0x450,475,1},
    {0x451,476,1}, {0x453,477,1}, {0x457,478,1}, {0x45C,479,1}, {0x45D,480,1}, {0x45E,481,1},
    {0x460,482,1}, {0x462,483,1}, {0x464,484,1}, {0x466,485,1}, {0x468,486,1}, {0x46A,487,1},
    {0x46C,488,1}, {0x46E,489,1}, {0x470,490,1}, {0x472,491,1}, {0x474,492,1}, {0x476,493,1},
    {0x477,494,1}, {0x478,495,1}, {0x47A,496,1}, {0x47C,497,1}, {0x47E,498,1}, {0x480,499,1},
    {0x483,500,0}, {0x484,500,0}, {0x485,500,0}, {0x486,500,0}, {0x487,500,0}, {0x48A,500,1},
    {0x48C,501,1}, {0x48E,502,1}, {0x490,503,1}, {0x492,504,1}, {0x494,505,1}, {0x496,506,1},
    {0x498,507,1}, {0x49A,508,1}, {0x49C,509,1}, {0x49E,510,1}, {0x4A0,511,1}, {0x4A2,512,1},
    {0x4A4,513,1}, {0x4A6,514,1}, {0x4A8,515,1}, {0x4AA,516,1}, {0x4AC,517,1}, {0x4AE,518,1},
    {0x4B0,519,1}, {0x4B2,520,1}, {0x4B4,521,1}, {0x4B6,522,1}, {0x4B8,523,1}, {0x4BA,524,1},
    {0x4BC,525,1}, {0x4BE,526,1}, {0x4C0,527,1}, {0x4C1,528,1}, {0x4C2,529,1}, {0x4C3,530,1},
    {0x4C5,531,1}, {0x4C7,532,1}, {0x4C9,533,1}, {0x4CB,534,1}, {0x4CD,535,1}, {0x4D0,536,1},
    {0x4D1,537,1}, {0x4D2,538,1}, {0x4D3,539,1}, {0x4D4,540,1}, {0x4D6,541,1}, {0x4D7,542,1},
    {0x4D8,543,1}, {0x4DA,544,1}, {0x4DB,545,1}, {0x4DC,546,1}, {0x4DD,547,1}, {0x4DE,548,1},
    {0x4DF,549,1}, {0x4E0,550,1}, {0x4E2,551,1}, {0x4E3,552,1}, {0x4E4,553,1}, {0x4E5,554,1},
    {0x4E6,555,1}, {0x4E7,556,1}, {0x4E8,557,1}, {0x4EA,558,1}, {0x4EB,559,1}, {0x4EC,560,1},
    {0x4ED,561,1}, {0x4EE,562,1}, {0x4EF,563,1}, {0x4F0,564,1}, {0x4F1,565,1}, {0x4F2,566,1},
    {0x4F3,567,1}, {0x4F4,568,1}, {0x4F5,569,1}, {0x4F6,570,1}, {0x4F8,571,1}, {0x4F9,572,1},
    {0x4FA,573,1}, {0x4FC,574,1}, {0x4FE,575,1}, {0x500,576,1}, {0x502,577,1}, {0x504,578,1},
    {0x506,579,1}, {0x508,580,1}, {0x50A,581,1}, {0x50C,582,1}, {0x50E,583,1}, {0x510,584,1},
    {0x512,585,1}, {0x514,586,1}, {0x516,587,1}, {0x518,588,1}, {0x51A,589,1}, {0x51C,590,1},
    {0x51E,591,1}, {0x520,592,1}, {0x522,593,1}, {0x524,594,1}, {0x526,595,1}, {0x528,596,1},
    {0x52A,597,1}, {0x52C,598,1}, {0x52E,599,1}, {0x531,600,1}, {0x532,601,1}, {0x533,602,1},
    {0x534,603,1}, {0x535,604,1}, {0x536,605,1}, {0x537,606,1}, {0x538,607,1}, {0x539,608,1},
    {0x53A,609,1}, {0x53B,610,1}, {0x53C,611,1}, {0x53D,612,1}, {0x53E,613,1}, {0x53F,614,1},
    {0x540,615,1}, {0x541,616,1}, {0x542,617,1}, {0x543,618,1}, {0x544,619,1}, {0x545,620,1},
    {0x546,621,1}, {0x547,622,1}, {0x548,623,1}, {0x549,624,1}, {0x54A,625,1}, {0x54B,626,1},
    {0x54C,627,1}, {0x54D,628,1}, {0x54E,629,1}, {0x54F,630,1}, {0x550,631,1}, {0x551,632,1},
    {0x552,633,1}, {0x553,634,1}, {0x554,635,1}, {0x555,636,1}, {0x556,637,1}, {0x591,638,0},
    {0x592,638,0}, {0x593,638,0}, {0x594,638,0}, {0x595,638,0}, {0x596,638,0}, {0x597,638,0},
    {0x598,638,0}, {0x599,638,0}, {0x59A,638,0}, {0x59B,638,0}, {0x59C,638,0}, {0x59D,638,0},
    {0x59E,638,0}, {0x59F,638,0}, {0x5A0,638,0}, {0x5A1,638,0}, {0x5A2,638,0}, {0x5A3,638,0},
    {0x5A4,638,0}, {0x5A5,638,0}, {0x5A6,638,0}, {0x5A7,638,0}, {0x5A8,638,0}, {0x5A9,638,0},
    {0x5AA,638,0}, {0x5AB,638,0}, {0x5AC,638,0}, {0x5AD,638,0}, {0x5AE,638,0}, {0x5AF,638,0},
    {0x5B0,638,0}, {0x5B1,638,0}, {0x5B2,638,0}, {0x5B3,638,0}, {0x5B4,638,0}, {0x5B5,638,0},
    {0x5B6,638,0}, {0x5B7,638,0}, {0x5B8,638,0}, {0x5B9,638,0}, {0x5BA,638,0}, {0x5BB,638,0},
    {0x5BC,638,0}, {0x5BD,638,0}, {0x5BF,638,0}, {0x5C1,638,0}, {0x5C2,638,0}, {0x5C4,638,0},
    {0x5C5,638,0}, {0x5C7,638,0}, {0x610,638,0}, {0x611,638,0}, {0x612,638,0}, {0x613,638,0},
    {0x614,638,0}, {0x615,638,0}, {0x616,638,0}, {0x617,638,0}, {0x618,638,0}, {0x619,638,0},
    {0x61A,638,0}, {0x622,638,1}, {0x623,639,1}, {0x624,640,1}, {0x625,641,1}, {0x626,642,1},
    {0x64B,643,0}, {0x64C,643,0}, {0x64D,643,0}, {0x64E,643,0}, {0x64F,643,0}, {0x650,643,0},
    {0x651,643,0}, {0x652,643,0}, {0x653,643,0}, {0x654,643,0}, {0x655,643,0}, {0x656,643,0},
    {0x657,643,0}, {0x658,643,0}, {0x659,643,0}, {0x65A,643,0}, {0x65B,643,0}, {0x65C,643,0},
    {0x65D,643,0}, {0x65E,643,0}, {0x65F,643,0}, {0x670,643,0}, {0x6C0,643,1}, {0x6C2,644,1},
    {0x6D3,645,1}, {0x6D6,646,0}, {0x6D7,646,0}, {0x6D8,646,0}, {0x6D9,646,0}, {0x6DA,646,0},
    {0x6DB,646,0}, {0x6DC,646,0}, {0x6DF,646,0}, {0x6E0,646,0}, {0x6E1,646,0}, {0x6E2,646,0},
    {0x6E3,646,0}, {0x6E4,646,0}, {0x6E7,646,0}, {0x6E8,646,0}, {0x6EA,646,0}, {0x6EB,646,0},
    {0x6EC,646,0}, {0x6ED,646,0}, {0x711,646,0}, {0x730,646,0}, {0x731,646,0}, {0x732,646,0},
    {0x733,646,0}, {0x734,646,0}, {0x735,646,0}, {0x736,646,0}, {0x737,646,0}, {0x738,646,0},
    {0x739,646,0}, {0x73A,646,0}, {0x73B,646,0}, {0x73C,646,0}, {0x73D,646,0}, {0x73E,646,0},
    {0x73F,646,0}, {0x740,646,0}, {0x741,646,0}, {0x742,646,0}, {0x743,646,0}, {0x744,646,0},
    {0x745,646,0}, {0x746,646,0}, {0x747,646,0}, {0x748,646,0}, {0x749,646,0}, {0x74A,646,0},
    {0x7A6,646,0}, {0x7A7,646,0}, {0x7A8,646,0}, {0x7A9,646,0}, {0x7AA,646,0}, {0x7AB,646,0},
    {0x7AC,646,0}, {0x7AD,646,0}, {0x7AE,646,0}, {0x7AF,646,0}, {0x7B0,646,0}, {0x7EB,646,0},
    {0x7EC,646,0}, {0x7ED,646,0}, {0x7EE,646,0}, {0x7EF,646,0}, {0x7F0,646,0}, {0x7F1,646,0},
    {0x7F2,646,0}, {0x7F3,646,0}, {0x7FD,646,0}, {0x816,646,0}, {0x817,646,0}, {0x818,646,0},
    {0x819,646,0}, {0x81B,646,0}, {0x81C,646,0}, {0x81D,646,0}, {0x81E,646,0}, {0x81F,646,0},
    {0x820,646,0}, {0x821,646,0}, {0x822,646,0}, {0x823,646,0}, {0x825,646,0}, {0x826,646,0},
    {0x827,646,0}, {0x829,646,0}, {0x82A,646,0}, {0x82B,646,0}, {0x82C,646,0}, {0x82D,646,0},
    {0x859,646,0}, {0x85A,646,0}, {0x85B,646,0}, {0x898,646,0}, {0x899,646,0}, {0x89A,646,0},
    {0x89B,646,0}, {0x89C,646,0}, {0x89D,646,0}, {0x89E,646,0}, {0x89F,646,0}, {0x8CA,646,0},
    {0x8CB,646,0}, {0x8CC,646,0}, {0x8CD,646,0}, {0x8CE,646,0}, {0x8CF,646,0}, {0x8D0,646,0},
    {0x8D1,646,0}, {0x8D2,646,0}, {0x8D3,646,0}, {0x8D4,646,0}, {0x8D5,646,0}, {0x8D6,646,0},
    {0x8D7,646,0}, {0x8D8,646,0}, {0x8D9,646,0}, {0x8DA,646,0}, {0x8DB,646,0}, {0x8DC,646,0},
    {0x8DD,646,0}, {0x8DE,646,0}, {0x8DF,646,0}, {0x8E0,646,0}, {0x8E1,646,0}, {0x8E3,646,0},
    {0x8E4,646,0}, {0x8E5,646,0}, {0x8E6,646,0}, {0x8E7,646,0}, {0x8E8,646,0}, {0x8E9,646,0},
    {0x8EA,646,0}, {0x8EB,646,0}, {0x8EC,646,0}, {0x8ED,646,0}, {0x8EE,646,0}, {0x8EF,646,0},
    {0x8F0,646,0}, {0x8F1,646,0}, {0x8F2,646,0}, {0x8F3,646,0}, {0x8F4,646,0}, {0x8F5,646,0},
    {0x8F6,646,0}, {0x8F7,646,0}, {0x8F8,646,0}, {0x8F9,646,0}, {0x8FA,646,0}, {0x8FB,646,0},
    {0x8FC,646,0}, {0x8FD,646,0}, {0x8FE,646,0}, {0x8FF,646,0}, {0x900,646,0}, {0x901,646,0},
    {0x902,646,0}, {0x929,646,1}, {0x931,647,1}, {0x934,648,1}, {0x93A,649,0}, {0x93C,649,0},
    {0x941,649,0}, {0x942,649,0}, {0x943,649,0}, {0x944,649,0}, {0x945,649,0}, {0x946,649,0},
    {0x947,649,0}, {0x948,649,0}, {0x94D,649,0}, {0x951,649,0}, {0x952,649,0}, {0x953,649,0},
    {0x954,649,0}, {0x955,649,0}, {0x956,649,0}, {0x957,649,0}, {0x958,649,1}, {0x959,650,1},
    {0x95A,651,1}, {0x95B,652,1}, {0x95C,653,1}, {0x95D,654,1}, {0x95E,655,1}, {0x95F,656,1},
    {0x962,657,0}, {0x963,657,0}, {0x981,657,0}, {0x9BC,657,0}, {0x9C1,657,0}, {0x9C2,657,0},
    {0x9C3,657,0}, {0x9C4,657,0}, {0x9CB,657,2}, {0x9CC,659,2}, {0x9CD,661,0}, {0x9DC,661,1},
    {0x9DD,662,1}, {0x9DF,663,1}, {0x9E2,664,0}, {0x9E3,664,0}, {0x9FE,664,0}, {0xA01,664,0},
    {0xA02,664,0}, {0xA33,664,1}, {0xA36,665,1}, {0xA3C,666,0}, {0xA41,666,0}, {0xA42,666,0},
    {0xA47,666,0}, {0xA48,666,0}, {0xA4B,666,0}, {0xA4C,666,0}, {0xA4D,666,0}, {0xA51,666,0},
    {0xA59,666,1}, {0xA5A,667,1}, {0xA5B,668,1}, {0xA5E,669,1}, {0xA70,670,0}, {0xA71,670,0},
    {0xA75,670,0}, {0xA81,670,0}, {0xA82,670,0}, {0xABC,670,0}, {0xAC1,670,0}, {0xAC2,670,0},
    {0xAC3,670,0}, {0xAC4,670,0}, {0xAC5,670,0}, {0xAC7,670,0}, {0xAC8,670,0}, {0xACD,670,0},
    {0xAE2,670,0}, {0xAE3,670,0}, {0xAFA,670,0}, {0xAFB,670,0}, {0xAFC,670,0}, {0xAFD,670,0},
    {0xAFE,670,0}, {0xAFF,670,0}, {0xB01,670,0}, {0xB3C,670,0}, {0xB3F,670,0}, {0xB41,670,0},
    {0xB42,670,0}, {0xB43,670,0}, {0xB44,670,0}, {0xB48,670,1}, {0xB4B,671,2}, {0xB4C,673,2},
    {0xB4D,675,0}, {0xB55,675,0}, {0xB56,675,0}, {0xB5C,675,1}, {0xB5D,676,1}, {0xB62,677,0},
    {0xB63,677,0}, {0xB82,677,0}, {0xB94,677,2}, {0xBC0,679,0}, {0xBCA,679,2}, {0xBCB,681,2},
    {0xBCC,683,2}, {0xBCD,685,0}, {0xC00,685,0}, {0xC04,685,0}, {0xC3C,685,0}, {0xC3E,685,0},
    {0xC3F,685,0}, {0xC40,685,0}, {0xC46,685,0}, {0xC47,685,0}, {0xC48,685,0}, {0xC4A,685,0},
    {0xC4B,685,0}, {0xC4C,685,0}, {0xC4D,685,0}, {0xC55,685,0}, {0xC56,685,0}, {0xC62,685,0},
    {0xC63,685,0}, {0xC81,685,0}, {0xCBC,685,0}, {0xCBF,685,0}, {0xCC0,685,1}, {0xCC6,686,0},
    {0xCC7,686,1}, {0xCC8,687,1}, {0xCCA,688,1}, {0xCCB,689,2}, {0xCCC,691,0}, {0xCCD,691,0},
    {0xCE2,691,0}, {0xCE3,691,0}, {0xD00,691,0}, {0xD01,691,0}, {0xD3B,691,0}, {0xD3C,691,0},
    {0xD41,691,0}, {0xD42,691,0}, {0xD43,691,0}, {0xD44,691,0}, {0xD4A,691,2}, {0xD4B,693,2},
    {0xD4C,695,2}, {0xD4D,697,0}, {0xD62,697,0}, {0xD63,697,0}, {0xD81,697,0}, {0xDCA,697,0},
    {0xDD2,697,0}, {0xDD3,697,0}, {0xDD4,697,0}, {0xDD6,697,0}, {0xDDA,697,1}, {0xDDC,698,2},
    {0xDDD,700,2}, {0xDDE,702,2}, {0xE31,704,0}, {0xE34,704,0}, {0xE35,704,0}, {0xE36,704,0},
    {0xE37,704,0}, {0xE38,704,0}, {0xE39,704,0}, {0xE3A,704,0}, {0xE47,704,0}, {0xE48,704,0},
    {0xE49,704,0}, {0xE4A,704,0}, {0xE4B,704,0}, {0xE4C,704,0}, {0xE4D,704,0}, {0xE4E,704,0},
    {0xEB1,704,0}, {0xEB4,704,0}, {0xEB5,704,0}, {0xEB6,704,0}, {0xEB7,704,0}, {0xEB8,704,0},
    {0xEB9,704,0}, {0xEBA,704,0}, {0xEBB,704,0}, {0xEBC,704,0}, {0xEC8,704,0}, {0xEC9,704,0},
    {0xECA,704,0}, {0xECB,704,0}, {0xECC,704,0}, {0xECD,704,0}, {0xECE,704,0}, {0xF18,704,0},
    {0xF19,704,0}, {0xF35,704,0}, {0xF37,704,0}, {0xF39,704,0}, {0xF43,704,1}, {0xF4D,705,1},
    {0xF52,706,1}, {0xF57,707,1}, {0xF5C,708,1}, {0xF69,709,1}, {0xF71,710,0}, {0xF72,710,0},
    {0xF73,710,0}, {0xF74,710,0}, {0xF75,710,0}, {0xF76,710,0}, {0xF77,710,0}, {0xF78,710,0},
    {0xF79,710,0}, {0xF7A,710,0}, {0xF7B,710,0}, {0xF7C,710,0}, {0xF7D,710,0}, {0xF7E,710,0},
    {0xF80,710,0}, {0xF81,710,0}, {0xF82,710,0}, {0xF83,710,0}, {0xF84,710,0}, {0xF86,710,0},
    {0xF87,710,0}, {0xF8D,710,0}, {0xF8E,710,0}, {0xF8F,710,0}, {0xF90,710,0}, {0xF91,710,0},
    {0xF92,710,0}, {0xF93,710,0}, {0xF94,710,0}, {0xF95,710,0}, {0xF96,710,0}, {0xF97,710,0},
    {0xF99,710,0}, {0xF9A,710,0}, {0xF9B,710,0}, {0xF9C,710,0}, {0xF9D,710,0}, {0xF9E,710,0},
    {0xF9F,710,0}, {0xFA0,710,0}, {0xFA1,710,0}, {0xFA2,710,0}, {0xFA3,710,0}, {0xFA4,710,0},
    {0xFA5,710,0}, {0xFA6,710,0}, {0xFA7,710,0}, {0xFA8,710,0}, {0xFA9,710,0}, {0xFAA,710,0},
    {0xFAB,710,0}, {0xFAC,710,0}, {0xFAD,710,0}, {0xFAE,710,0}, {0xFAF,710,0}, {0xFB0,710,0},
    {0xFB1,710,0}, {0xFB2,710,0}, {0xFB3,710,0}, {0xFB4,710,0}, {0xFB5,710,0}, {0xFB6,710,0},
    {0xFB7,710,0}, {0xFB8,710,0}, {0xFB9,710,0}, {0xFBA,710,0}, {0xFBB,710,0}, {0xFBC,710,0},
    {0xFC6,710,0}, {0x1026,710,1}, {0x102D,711,0}, {0x102E,711,0}, {0x102F,711,0}, {0x1030,711,0},
    {0x1032,711,0}, {0x1033,711,0}, {0x1034,711,0}, {0x1035,711,0}, {0x1036,711,0}, {0x1037,711,0},
    {0x1039,711,0}, {0x103A,711,0}, {0x103D,711,0}, {0x103E,711,0}, {0x1058,711,0}, {0x1059,711,0},
    {0x105E,711,0}, {0x105F,711,0}, {0x1060,711,0}, {0x1071,711,0}, {0x1072,711,0}, {0x1073,711,0},
    {0x1074,711,0}, {0x1082,711,0}, {0x1085,711,0}, {0x1086,711,0}, {0x108D,711,0}, {0x109D,711,0},
    {0x10A0,711,1}, {0x10A1,712,1}, {0x10A2,713,1}, {0x10A3,714,1}, {0x10A4,715,1}, {0x10A5,716,1},
    {0x10A6,717,1}, {0x10A7,718,1}, {0x10A8,719,1}, {0x10A9,720,1}, {0x10AA,721,1}, {0x10AB,722,1},
    {0x10AC,723,1}, {0x10AD,724,1}, {0x10AE,725,1}, {0x10AF,726,1}, {0x10B0,727,1}, {0x10B1,728,1},
    {0x10B2,729,1}, {0x10B3,730,1}, {0x10B4,731,1}, {0x10B5,732,1}, {0x10B6,733,1}, {0x10B7,734,1},
    {0x10B8,735,1}, {0x10B9,736,1}, {0x10BA,737,1}, {0x10BB,738,1}, {0x10BC,739,1}, {0x10BD,740,1},
    {0x10BE,741,1}, {0x10BF,742,1}, {0x10C0,743,1}, {0x10C1,744,1}, {0x10C2,745,1}, {0x10C3,746,1},
    {0x10C4,747,1}, {0x10C5,748,1}, {0x10C7,749,1}, {0x10CD,750,1}, {0x135D,751,0}, {0x135E,751,0},
    {0x135F,751,0}, {0x13A0,751,1}, {0x13A1,752,1}, {0x13A2,753,1}, {0x13A3,754,1}, {0x13A4,755,1},
    {0x13A5,756,1}, {0x13A6,757,1}, {0x13A7,758,1}, {0x13A8,759,1}, {0x13A9,760,1}, {0x13AA,761,1},
    {0x13AB,762,1}, {0x13AC,763,1}, {0x13AD,764,1}, {0x13AE,765,1}, {0x13AF,766,1}, {0x13B0,767,1},
    {0x13B1,768,1}, {0x13B2,769,1}, {0x13B3,770,1}, {0x13B4,771,1}, {0x13B5,772,1}, {0x13B6,773,1},
    {0x13B7,774,1}, {0x13B8,775,1}, {0x13B9,776,1}, {0x13BA,777,1}, {0x13BB,778,1}, {0x13BC,779,1},
    {0x13BD,780,1}, {0x13BE,781,1}, {0x13BF,782,1}, {0x13C0,783,1}, {0x13C1,784,1}, {0x13C2,785,1},
    {0x13C3,786,1}, {0x13C4,787,1}, {0x13C5,788,1}, {0x13C6,789,1}, {0x13C7,790,1}, {0x13C8,791,1},
    {0x13C9,792,1}, {0x13CA,793,1}, {0x13CB,794,1}, {0x13CC,795,1}, {0x13CD,796,1}, {0x13CE,797,1},
    {0x13CF,798,1}, {0x13D0,799,1}, {0x13D1,800,1}, {0x13D2,801,1}, {0x13D3,802,1}, {0x13D4,803,1},
    {0x13D5,804,1}, {0x13D6,805,1}, {0x13D7,806,1}, {0x13D8,807,1}, {0x13D9,808,1}, {0x13DA,809,1},
    {0x13DB,810,1}, {0x13DC,811,1}, {0x13DD,812,1}, {0x13DE,813,1}, {0x13DF,814,1}, {0x13E0,815,1},
    {0x13E1,816,1}, {0x13E2,817,1}, {0x13E3,818,1}, {0x13E4,819,1}, {0x13E5,820,1}, {0x13E6,821,1},
    {0x13E7,822,1}, {0x13E8,823,1}, {0x13E9,824,1}, {0x13EA,825,1}, {0x13EB,826,1}, {0x13EC,827,1},
    {0x13ED,828,1}, {0x13EE,829,1}, {0x13EF,830,1}, {0x13F0,831,1}, {0x13F1,832,1}, {0x13F2,833,1},
    {0x13F3,834,1}, {0x13F4,835,1}, {0x13F5,836,1}, {0x1712,837,0}, {0x1713,837,0}, {0x1714,837,0},
    {0x1732,837,0}, {0x1733,837,0}, {0x1752,837,0}, {0x1753,837,0}, {0x1772,837,0}, {0x1773,837,0},
    {0x17B4,837,0}, {0x17B5,837,0}, {0x17B7,837,0}, {0x17B8,837,0}, {0x17B9,837,0}, {0x17BA,837,0},
    {0x17BB,837,0}, {0x17BC,837,0}, {0x17BD,837,0}, {0x17C6,837,0}, {0x17C9,837,0}, {0x17CA,837,0},
    {0x17CB,837,0}, {0x17CC,837,0}, {0x17CD,837,0}, {0x17CE,837,0}, {0x17CF,837,0}, {0x17D0,837,0},
    {0x17D1,837,0}, {0x17D2,837,0}, {0x17D3,837,0}, {0x17DD,837,0}, {0x180B,837,0}, {0x180C,837,0},
    {0x180D,837,0}, {0x180F,837,0}, {0x1885,837,0}, {0x1886,837,0}, {0x18A9,837,0}, {0x1920,837,0},
    {0x1921,837,0}, {0x1922,837,0}, {0x1927,837,0}, {0x1928,837,0}, {0x1932,837,0}, {0x1939,837,0},
    {0x193A,837,0}, {0x193B,837,0}, {0x1A17,837,0}, {0x1A18,837,0}, {0x1A1B,837,0}, {0x1A56,837,0},
    {0x1A58,837,0}, {0x1A59,837,0}, {0x1A5A,837,0}, {0x1A5B,837,0}, {0x1A5C,837,0}, {0x1A5D,837,0},
    {0x1A5E,837,0}, {0x1A60,837,0}, {0x1A62,837,0}, {0x1A65,837,0}, {0x1A66,837,0}, {0x1A67,837,0},
    {0x1A68,837,0}, {0x1A69,837,0}, {0x1A6A,837,0}, {0x1A6B,837,0}, {0x1A6C,837,0}, {0x1A73,837,0},
    {0x1A74,837,0}, {0x1A75,837,0}, {0x1A76,837,0}, {0x1A77,837,0}, {0x1A78,837,0}, {0x1A79,837,0},
    {0x1A7A,837,0}, {0x1A7B,837,0}, {0x1A7C,837,0}, {0x1A7F,837,0}, {0x1AB0,837,0}, {0x1AB1,837,0},
    {0x1AB2,837,0}, {0x1AB3,837,0}, {0x1AB4,837,0}, {0x1AB5,837,0}, {0x1AB6,837,0}, {0x1AB7,837,0},
    {0x1AB8,837,0}, {0x1AB9,837,0}, {0x1ABA,837,0}, {0x1ABB,837,0}, {0x1ABC,837,0}, {0x1ABD,837,0},
    {0x1ABF,837,0}, {0x1AC0,837,0}, {0x1AC1,837,0}, {0x1AC2,837,0}, {0x1AC3,837,0}, {0x1AC4,837,0},
    {0x1AC5,837,0}, {0x1AC6,837,0}, {0x1AC7,837,0}, {0x1AC8,837,0}, {0x1AC9,837,0}, {0x1ACA,837,0},
    {0x1ACB,837,0}, {0x1ACC,837,0}, {0x1ACD,837,0}, {0x1ACE,837,0}, {0x1B00,837,0}, {0x1B01,837,0},
    {0x1B02,837,0}, {0x1B03,837,0}, {0x1B06,837,2}, {0x1B08,839,2}, {0x1B0A,841,2}, {0x1B0C,843,2},
    {0x1B0E,845,2}, {0x1B12,847,2}, {0x1B34,849,0}, {0x1B36,849,0}, {0x1B37,849,0}, {0x1B38,849,0},
    {0x1B39,849,0}, {0x1B3A,849,0}, {0x1B3B,849,1}, {0x1B3C,850,0}, {0x1B3D,850,1}, {0x1B40,851,2},
    {0x1B41,853,2}, {0x1B42,855,0}, {0x1B43,855,1}, {0x1B6B,856,0}, {0x1B6C,856,0}, {0x1B6D,856,0},
    {0x1B6E,856,0}, {0x1B6F,856,0}, {0x1B70,856,0}, {0x1B71,856,0}, {0x1B72,856,0}, {0x1B73,856,0},
    {0x1B80,856,0}, {0x1B81,856,0}, {0x1BA2,856,0}, {0x1BA3,856,0}, {0x1BA4,856,0}, {0x1BA5,856,0},
    {0x1BA8,856,0}, {0x1BA9,856,0}, {0x1BAB,856,0}, {0x1BAC,856,0}, {0x1BAD,856,0}, {0x1BE6,856,0},
    {0x1BE8,856,0}, {0x1BE9,856,0}, {0x1BED,856,0}, {0x1BEF,856,0}, {0x1BF0,856,0}, {0x1BF1,856,0},
    {0x1C2C,856,0}, {0x1C2D,856,0}, {0x1C2E,856,0}, {0x1C2F,856,0}, {0x1C30,856,0}, {0x1C31,856,0},
    {0x1C32,856,0}, {0x1C33,856,0}, {0x1C36,856,0}, {0x1C37,856,0}, {0x1C90,856,1}, {0x1C91,857,1},
    {0x1C92,858,1}, {0x1C93,859,1}, {0x1C94,860,1}, {0x1C95,861,1}, {0x1C96,862,1}, {0x1C97,863,1},
    {0x1C98,864,1}, {0x1C99,865,1}, {0x1C9A,866,1}, {0x1C9B,867,1}, {0x1C9C,868,1}, {0x1C9D,869,1},
    {0x1C9E,870,1}, {0x1C9F,871,1}, {0x1CA0,872,1}, {0x1CA1,873,1}, {0x1CA2,874,1}, {0x1CA3,875,1},
    {0x1CA4,876,1}, {0x1CA5,877,1}, {0x1CA6,878,1}, {0x1CA7,879,1}, {0x1CA8,880,1}, {0x1CA9,881,1},
    {0x1CAA,882,1}, {0x1CAB,883,1}, {0x1CAC,884,1}, {0x1CAD,885,1}, {0x1CAE,886,1}, {0x1CAF,887,1},
    {0x1CB0,888,1}, {0x1CB1,889,1}, {0x1CB2,890,1}, {0x1CB3,891,1}, {0x1CB4,892,1}, {0x1CB5,893,1},
    {0x1CB6,894,1}, {0x1CB7,895,1}, {0x1CB8,896,1}, {0x1CB9,897,1}, {0x1CBA,898,1}, {0x1CBD,899,1},
    {0x1CBE,900,1}, {0x1CBF,901,1}, {0x1CD0,902,0}, {0x1CD1,902,0}, {0x1CD2,902,0}, {0x1CD4,902,0},
    {0x1CD5,902,0}, {0x1CD6,902,0}, {0x1CD7,902,0}, {0x1CD8,902,0}, {0x1CD9,902,0}, {0x1CDA,902,0},
    {0x1CDB,902,0}, {0x1CDC,902,0}, {0x1CDD,902,0}, {0x1CDE,902,0}, {0x1CDF,902,0}, {0x1CE0,902,0},
    {0x1CE2,902,0}, {0x1CE3,902,0}, {0x1CE4,902,0}, {0x1CE5,902,0}, {0x1CE6,902,0}, {0x1CE7,902,0},
    {0x1CE8,902,0}, {0x1CED,902,0}, {0x1CF4,902,0}, {0x1CF8,902,0}, {0x1CF9,902,0}, {0x1DC0,902,0},
    {0x1DC1,902,0}, {0x1DC2,902,0}, {0x1DC3,902,0}, {0x1DC4,902,0}, {0x1DC5,902,0}, {0x1DC6,902,0},
    {0x1DC7,902,0}, {0x1DC8,902,0}, {0x1DC9,902,0}, {0x1DCA,902,0}, {0x1DCB,902,0}, {0x1DCC,902,0},
    {0x1DCD,902,0}, {0x1DCE,902,0}, {0x1DCF,902,0}, {0x1DD0,902,0}, {0x1DD1,902,0}, {0x1DD2,902,0},
    {0x1DD3,902,0}, {0x1DD4,902,0}, {0x1DD5,902,0}, {0x1DD6,902,0}, {0x1DD7,902,0}, {0x1DD8,902,0},
    {0x1DD9,902,0}, {0x1DDA,902,0}, {0x1DDB,902,0}, {0x1DDC,902,0}, {0x1DDD,902,0}, {0x1DDE,902,0},
    {0x1DDF,902,0}, {0x1DE0,902,0}, {0x1DE1,902,0}, {0x1DE2,902,0}, {0x1DE3,902,0}, {0x1DE4,902,0},
    {0x1DE5,902,0}, {0x1DE6,902,0}, {0x1DE7,902,0}, {0x1DE8,902,0}, {0x1DE9,902,0}, {0x1DEA,902,0},
    {0x1DEB,902,0}, {0x1DEC,902,0}, {0x1DED,902,0}, {0x1DEE,902,0}, {0x1DEF,902,0}, {0x1DF0,902,0},
    {0x1DF1,902,0}, {0x1DF2,902,0}, {0x1DF3,902,0}, {0x1DF4,902,0}, {0x1DF5,902,0}, {0x1DF6,902,0},
    {0x1DF7,902,0}, {0x1DF8,902,0}, {0x1DF9,902,0}, {0x1DFA,902,0}, {0x1DFB,902,0}, {0x1DFC,902,0},
    {0x1DFD,902,0}, {0x1DFE,902,0}, {0x1DFF,902,0}, {0x1E00,902,1}, {0x1E01,903,1}, {0x1E02,904,1},
    {0x1E03,905,1}, {0x1E04,906,1}, {0x1E05,907,1}, {0x1E06,908,1}, {0x1E07,909,1}, {0x1E08,910,1},
    {0x1E09,911,1}, {0x1E0A,912,1}, {0x1E0B,913,1}, {0x1E0C,914,1}, {0x1E0D,915,1}, {0x1E0E,916,1},
    {0x1E0F,917,1}, {0x1E10,918,1}, {0x1E11,919,1}, {0x1E12,920,1}, {0x1E13,921,1}, {0x1E14,922,1},
    {0x1E15,923,1}, {0x1E16,924,1}, {0x1E17,925,1}, {0x1E18,926,1}, {0x1E19,927,1}, {0x1E1A,928,1},
    {0x1E1B,929,1}, {0x1E1C,930,1}, {0x1E1D,931,1}, {0x1E1E,932,1}, {0x1E1F,933,1}, {0x1E20,934,1},
    {0x1E21,935,1}, {0x1E22,936,1}, {0x1E23,937,1}, {0x1E24,938,1}, {0x1E25,939,1}, {0x1E26,940,1},
    {0x1E27,941,1}, {0x1E28,942,1}, {0x1E29,943,1}, {0x1E2A,944,1}, {0x1E2B,945,1}, {0x1E2C,946,1},
    {0x1E2D,947,1}, {0x1E2E,948,1}, {0x1E2F,949,1}, {0x1E30,950,1}, {0x1E31,951,1}, {0x1E32,952,1},
    {0x1E33,953,1}, {0x1E34,954,1}, {0x1E35,955,1}, {0x1E36,956,1}, {0x1E37,957,1}, {0x1E38,958,1},
    {0x1E39,959,1}, {0x1E3A,960,1}, {0x1E3B,961,1}, {0x1E3C,962,1}, {0x1E3D,963,1}, {0x1E3E,964,1},
    {0x1E3F,965,1}, {0x1E40,966,1}, {0x1E41,967,1}, {0x1E42,968,1}, {0x1E43,969,1}, {0x1E44,970,1},
    {0x1E45,971,1}, {0x1E46,972,1}, {0x1E47,973,1}, {0x1E48,974,1}, {0x1E49,975,1}, {0x1E4A,976,1},
    {0x1E4B,977,1}, {0x1E4C,978,1}, {0x1E4D,979,1}, {0x1E4E,980,1}, {0x1E4F,981,1}, {0x1E50,982,1},
    {0x1E51,983,1}, {0x1E52,984,1}, {0x1E53,985,1}, {0x1E54,986,1}, {0x1E55,987,1}, {0x1E56,988,1},
    {0x1E57,989,1}, {0x1E58,990,1}, {0x1E59,991,1}, {0x1E5A,992,1}, {0x1E5B,993,1}, {0x1E5C,994,1},
    {0x1E5D,995,1}, {0x1E5E,996,1}, {0x1E5F,997,1}, {0x1E60,998,1}, {0x1E61,999,1}, {0x1E62,1000,1},
    {0x1E63,1001,1}, {0x1E64,1002,1}, {0x1E65,1003,1}, {0x1E66,1004,1}, {0x1E67,1005,1}, {0x1E68,1006,1},
    {0x1E69,1007,1}, {0x1E6A,1008,1}, {0x1E6B,1009,1}, {0x1E6C,1010,1}, {0x1E6D,1011,1}, {0x1E6E,1012,1},
    {0x1E6F,1013,1}, {0x1E70,1014,1}, {0x1E71,1015,1}, {0x1E72,1016,1}, {0x1E73,1017,1}, {0x1E74,1018,1},
    {0x1E75,1019,1}, {0x1E76,1020,1}, {0x1E77,1021,1}, {0x1E78,1022,1}, {0x1E79,1023,1}, {0x1E7A,1024,1},
    {0x1E7B,1025,1}, {0x1E7C,1026,1}, {0x1E7D,1027,1}, {0x1E7E,1028,1}, {0x1E7F,1029,1}, {0x1E80,1030,1},
    {0x1E81,1031,1}, {0x1E82,1032,1}, {0x1E83,1033,1}, {0x1E84,1034,1}, {0x1E85,1035,1}, {0x1E86,1036,1},
    {0x1E87,1037,1}, {0x1E88,1038,1}, {0x1E89,1039,1}, {0x1E8A,1040,1}, {0x1E8B,1041,1}, {0x1E8C,1042,1},
    {0x1E8D,1043,1}, {0x1E8E,1044,1}, {0x1E8F,1045,1}, {0x1E90,1046,1}, {0x1E91,1047,1}, {0x1E92,1048,1},
    {0x1E93,1049,1}, {0x1E94,1050,1}, {0x1E95,1051,1}, {0x1E96,1052,1}, {0x1E97,1053,1}, {0x1E98,1054,1},
    {0x1E99,1055,1}, {0x1E9B,1056,1}, {0x1E9E,1057,1}, {0x1EA0,1058,1}, {0x1EA1,1059,1}, {0x1EA2,1060,1},
    {0x1EA3,1061,1}, {0x1EA4,1062,1}, {0x1EA5,1063,1}, {0x1EA6,1064,1}, {0x1EA7,1065,1}, {0x1EA8,1066,1},
    {0x1EA9,1067,1}, {0x1EAA,1068,1}, {0x1EAB,1069,1}, {0x1EAC,1070,1}, {0x1EAD,1071,1}, {0x1EAE,1072,1},
    {0x1EAF,1073,1}, {0x1EB0,1074,1}, {0x1EB1,1075,1}, {0x1EB2,1076,1}, {0x1EB3,1077,1}, {0x1EB4,1078,1},
    {0x1EB5,1079,1}, {0x1EB6,1080,1}, {0x1EB7,1081,1}, {0x1EB8,1082,1}, {0x1EB9,1083,1}, {0x1EBA,1084,1},
    {0x1EBB,1085,1}, {0x1EBC,1086,1}, {0x1EBD,1087,1}, {0x1EBE,1088,1}, {0x1EBF,1089,1}, {0x1EC0,1090,1},
    {0x1EC1,1091,1}, {0x1EC2,1092,1}, {0x1EC3,1093,1}, {0x1EC4,1094,1}, {0x1EC5,1095,1}, {0x1EC6,1096,1},
    {0x1EC7,1097,1}, {0x1EC8,1098,1}, {0x1EC9,1099,1}, {0x1ECA,1100,1}, {0x1ECB,1101,1}, {0x1ECC,1102,1},
    {0x1ECD,1103,1}, {0x1ECE,1104,1}, {0x1ECF,1105,1}, {0x1ED0,1106,1}, {0x1ED1,1107,1}, {0x1ED2,1108,1},
    {0x1ED3,1109,1}, {0x1ED4,1110,1}, {0x1ED5,1111,1}, {0x1ED6,1112,1}, {0x1ED7,1113,1}, {0x1ED8,1114,1},
    {0x1ED9,1115,1}, {0x1EDA,1116,1}, {0x1EDB,1117,1}, {0x1EDC,1118,1}, {0x1EDD,1119,1}, {0x1EDE,1120,1},
    {0x1EDF,1121,1}, {0x1EE0,1122,1}, {0x1EE1,1123,1}, {0x1EE2,1124,1}, {0x1EE3,1125,1}, {0x1EE4,1126,1},
    {0x1EE5,1127,1}, {0x1EE6,1128,1}, {0x1EE7,1129,1}, {0x1EE8,1130,1}, {0x1EE9,1131,1}, {0x1EEA,1132,1},
    {0x1EEB,1133,1}, {0x1EEC,1134,1}, {0x1EED,1135,1}, {0x1EEE,1136,1}, {0x1EEF,1137,1}, {0x1EF0,1138,1},
    {0x1EF1,1139,1}, {0x1EF2,1140,1}, {0x1EF3,1141,1}, {0x1EF4,1142,1}, {0x1EF5,1143,1}, {0x1EF6,1144,1},
    {0x1EF7,1145,1}, {0x1EF8,1146,1}, {0x1EF9,1147,1}, {0x1EFA,1148,1}, {0x1EFC,1149,1}, {0x1EFE,1150,1},
    {0x1F00,1151,1}, {0x1F01,1152,1}, {0x1F02,1153,1}, {0x1F03,1154,1}, {0x1F04,1155,1}, {0x1F05,1156,1},
    {0x1F06,1157,1}, {0x1F07,1158,1}, {0x1F08,1159,1}, {0x1F09,1160,1}, {0x1F0A,1161,1}, {0x1F0B,1162,1},
    {0x1F0C,1163,1}, {0x1F0D,1164,1}, {0x1F0E,1165,1}, {0x1F0F,1166,1}, {0x1F10,1167,1}, {0x1F11,1168,1},
    {0x1F12,1169,1}, {0x1F13,1170,1}, {0x1F14,1171,1}, {0x1F15,1172,1}, {0x1F18,1173,1}, {0x1F19,1174,1},
    {0x1F1A,1175,1}, {0x1F1B,1176,1}, {0x1F1C,1177,1}, {0x1F1D,1178,1}, {0x1F20,1179,1}, {0x1F21,1180,1},
    {0x1F22,1181,1}, {0x1F23,1182,1}, {0x1F24,1183,1}, {0x1F25,1184,1}, {0x1F26,1185,1}, {0x1F27,1186,1},
    {0x1F28,1187,1}, {0x1F29,1188,1}, {0x1F2A,1189,1}, {0x1F2B,1190,1}, {0x1F2C,1191,1}, {0x1F2D,1192,1},
    {0x1F2E,1193,1}, {0x1F2F,1194,1}, {0x1F30,1195,1}, {0x1F31,1196,1}, {0x1F32,1197,1}, {0x1F33,1198,1},
    {0x1F34,1199,1}, {0x1F35,1200,1}, {0x1F36,1201,1}, {0x1F37,1202,1}, {0x1F38,1203,1}, {0x1F39,1204,1},
    {0x1F3A,1205,1}, {0x1F3B,1206,1}, {0x1F3C,1207,1}, {0x1F3D,1208,1}, {0x1F3E,1209,1}, {0x1F3F,1210,1},
    {0x1F40,1211,1}, {0x1F41,1212,1}, {0x1F42,1213,1}, {0x1F43,1214,1}, {0x1F44,1215,1}, {0x1F45,1216,1},
    {0x1F48,1217,1}, {0x1F49,1218,1}, {0x1F4A,1219,1}, {0x1F4B,1220,1}, {0x1F4C,1221,1}, {0x1F4D,1222,1},
    {0x1F50,1223,1}, {0x1F51,1224,1}, {0x1F52,1225,1}, {0x1F53,1226,1}, {0x1F54,1227,1}, {0x1F55,1228,1},
    {0x1F56,1229,1}, {0x1F57,1230,1}, {0x1F59,1231,1}, {0x1F5B,1232,1}, {0x1F5D,1233,1}, {0x1F5F,1234,1},
    {0x1F60,1235,1}, {0x1F61,1236,1}, {0x1F62,1237,1}, {0x1F63,1238,1}, {0x1F64,1239,1}, {0x1F65,1240,1},
    {0x1F66,1241,1}, {0x1F67,1242,1}, {0x1F68,1243,1}, {0x1F69,1244,1}, {0x1F6A,1245,1}, {0x1F6B,1246,1},
    {0x1F6C,1247,1}, {0x1F6D,1248,1}, {0x1F6E,1249,1}, {0x1F6F,1250,1}, {0x1F70,1251,1}, {0x1F71,1252,1},
    {0x1F72,1253,1}, {0x1F73,1254,1}, {0x1F74,1255,1}, {0x1F75,1256,1}, {0x1F76,1257,1}, {0x1F77,1258,1},
    {0x1F78,1259,1}, {0x1F79,1260,1}, {0x1F7A,1261,1}, {0x1F7B,1262,1}, {0x1F7C,1263,1}, {0x1F7D,1264,1},
    {0x1F80,1265,1}, {0x1F81,1266,1}, {0x1F82,1267,1}, {0x1F83,1268,1}, {0x1F84,1269,1}, {0x1F85,1270,1},
    {0x1F86,1271,1}, {0x1F87,1272,1}, {0x1F88,1273,1}, {0x1F89,1274,1}, {0x1F8A,1275,1}, {0x1F8B,1276,1},
    {0x1F8C,1277,1}, {0x1F8D,1278,1}, {0x1F8E,1279,1}, {0x1F8F,1280,1}, {0x1F90,1281,1}, {0x1F91,1282,1},
    {0x1F92,1283,1}, {0x1F93,1284,1}, {0x1F94,1285,1}, {0x1F95,1286,1}, {0x1F96,1287,1}, {0x1F97,1288,1},
    {0x1F98,1289,1}, {0x1F99,1290,1}, {0x1F9A,1291,1}, {0x1F9B,1292,1}, {0x1F9C,1293,1}, {0x1F9D,1294,1},
    {0x1F9E,1295,1}, {0x1F9F,1296,1}, {0x1FA0,1297,1}, {0x1FA1,1298,1}, {0x1FA2,1299,1}, {0x1FA3,1300,1},
    {0x1FA4,1301,1}, {0x1FA5,1302,1}, {0x1FA6,1303,1}, {0x1FA7,1304,1}, {0x1FA8,1305,1}, {0x1FA9,1306,1},
    {0x1FAA,1307,1}, {0x1FAB,1308,1}, {0x1FAC,1309,1}, {0x1FAD,1310,1}, {0x1FAE,1311,1}, {0x1FAF,1312,1},
    {0x1FB0,1313,1}, {0x1FB1,1314,1}, {0x1FB2,1315,1}, {0x1FB3,1316,1}, {0x1FB4,1317,1}, {0x1FB6,1318,1},
    {0x1FB7,1319,1}, {0x1FB8,1320,1}, {0x1FB9,1321,1}, {0x1FBA,1322,1}, {0x1FBB,1323,1}, {0x1FBC,1324,1},
    {0x1FBE,1325,1}, {0x1FC1,1326,1}, {0x1FC2,1327,1}, {0x1FC3,1328,1}, {0x1FC4,1329,1}, {0x1FC6,1330,1},
    {0x1FC7,1331,1}, {0x1FC8,1332,1}, {0x1FC9,1333,1}, {0x1FCA,1334,1}, {0x1FCB,1335,1}, {0x1FCC,1336,1},
    {0x1FCD,1337,1}, {0x1FCE,1338,1}, {0x1FCF,1339,1}, {0x1FD0,1340,1}, {0x1FD1,1341,1}, {0x1FD2,1342,1},
    {0x1FD3,1343,1}, {0x1FD6,1344,1}, {0x1FD7,1345,1}, {0x1FD8,1346,1}, {0x1FD9,1347,1}, {0x1FDA,1348,1},
    {0x1FDB,1349,1}, {0x1FDD,1350,1}, {0x1FDE,1351,1}, {0x1FDF,1352,1}, {0x1FE0,1353,1}, {0x1FE1,1354,1},
    {0x1FE2,1355,1}, {0x1FE3,1356,1}, {0x1FE4,1357,1}, {0x1FE5,1358,1}, {0x1FE6,1359,1}, {0x1FE7,1360,1},
    {0x1FE8,1361,1}, {0x1FE9,1362,1}, {0x1FEA,1363,1}, {0x1FEB,1364,1}, {0x1FEC,1365,1}, {0x1FED,1366,1},
    {0x1FEE,1367,1}, {0x1FEF,1368,1}, {0x1FF2,1369,1}, {0x1FF3,1370,1}, {0x1FF4,1371,1}, {0x1FF6,1372,1},
    {0x1FF7,1373,1}, {0x1FF8,1374,1}, {0x1FF9,1375,1}, {0x1FFA,1376,1}, {0x1FFB,1377,1}, {0x1FFC,1378,1},
    {0x1FFD,1379,1}, {0x2000,1380,1}, {0x2001,1381,1}, {0x20D0,1382,0}, {0x20D1,1382,0}, {0x20D2,1382,0},
    {0x20D3,1382,0}, {0x20D4,1382,0}, {0x20D5,1382,0}, {0x20D6,1382,0}, {0x20D7,1382,0}, {0x20D8,1382,0},
    {0x20D9,1382,0}, {0x20DA,1382,0}, {0x20DB,1382,0}, {0x20DC,1382,0}, {0x20E1,1382,0}, {0x20E5,1382,0},
    {0x20E6,1382,0}, {0x20E7,1382,0}, {0x20E8,1382,0}, {0x20E9,1382,0}, {0x20EA,1382,0}, {0x20EB,1382,0},
    {0x20EC,1382,0}, {0x20ED,1382,0}, {0x20EE,1382,0}, {0x20EF,1382,0}, {0x20F0,1382,0}, {0x2126,1382,1},
    {0x212A,1383,1}, {0x212B,1384,1}, {0x2132,1385,1}, {0x2160,1386,1}, {0x2161,1387,1}, {0x2162,1388,1},
    {0x2163,1389,1}, {0x2164,1390,1}, {0x2165,1391,1}, {0x2166,1392,1}, {0x2167,1393,1}, {0x2168,1394,1},
    {0x2169,1395,1}, {0x216A,1396,1}, {0x216B,1397,1}, {0x216C,1398,1}, {0x216D,1399,1}, {0x216E,1400,1},
    {0x216F,1401,1}, {0x2183,1402,1}, {0x219A,1403,1}, {0x219B,1404,1}, {0x21AE,1405,1}, {0x21CD,1406,1},
    {0x21CE,1407,1}, {0x21CF,1408,1}, {0x2204,1409,1}, {0x2209,1410,1}, {0x220C,1411,1}, {0x2224,1412,1},
    {0x2226,1413,1}, {0x2241,1414,1}, {0x2244,1415,1}, {0x2247,1416,1}, {0x2249,1417,1}, {0x2260,1418,1},
    {0x2262,1419,1}, {0x226D,1420,1}, {0x226E,1421,1}, {0x226F,1422,1}, {0x2270,1423,1}, {0x2271,1424,1},
    {0x2274,1425,1}, {0x2275,1426,1}, {0x2278,1427,1}, {0x2279,1428,1}, {0x2280,1429,1}, {0x2281,1430,1},
    {0x2284,1431,1}, {0x2285,1432,1}, {0x2288,1433,1}, {0x2289,1434,1}, {0x22AC,1435,1}, {0x22AD,1436,1},
    {0x22AE,1437,1}, {0x22AF,1438,1}, {0x22E0,1439,1}, {0x22E1,1440,1}, {0x22E2,1441,1}, {0x22E3,1442,1},
    {0x22EA,1443,1}, {0x22EB,1444,1}, {0x22EC,1445,1}, {0x22ED,1446,1}, {0x2329,1447,1}, {0x232A,1448,1},
    {0x24B6,1449,1}, {0x24B7,1450,1}, {0x24B8,1451,1}, {0x24B9,1452,1}, {0x24BA,1453,1}, {0x24BB,1454,1},
    {0x24BC,1455,1}, {0x24BD,1456,1}, {0x24BE,1457,1}, {0x24BF,1458,1}, {0x24C0,1459,1}, {0x24C1,1460,1},
    {0x24C2,1461,1}, {0x24C3,1462,1}, {0x24C4,1463,1}, {0x24C5,1464,1}, {0x24C6,1465,1}, {0x24C7,1466,1},
    {0x24C8,1467,1}, {0x24C9,1468,1}, {0x24CA,1469,1}, {0x24CB,1470,1}, {0x24CC,1471,1}, {0x24CD,1472,1},
    {0x24CE,1473,1}, {0x24CF,1474,1}, {0x2ADC,1475,1}, {0x2C00,1476,1}, {0x2C01,1477,1}, {0x2C02,1478,1},
    {0x2C03,1479,1}, {0x2C04,1480,1}, {0x2C05,1481,1}, {0x2C06,1482,1}, {0x2C07,1483,1}, {0x2C08,1484,1},
    {0x2C09,1485,1}, {0x2C0A,1486,1}, {0x2C0B,1487,1}, {0x2C0C,1488,1}, {0x2C0D,1489,1}, {0x2C0E,1490,1},
    {0x2C0F,1491,1}, {0x2C10,1492,1}, {0x2C11,1493,1}, {0x2C12,1494,1}, {0x2C13,1495,1}, {0x2C14,1496,1},
    {0x2C15,1497,1}, {0x2C16,1498,1}, {0x2C17,1499,1}, {0x2C18,1500,1}, {0x2C19,1501,1}, {0x2C1A,1502,1},
    {0x2C1B,1503,1}, {0x2C1C,1504,1}, {0x2C1D,1505,1}, {0x2C1E,1506,1}, {0x2C1F,1507,1}, {0x2C20,1508,1},
    {0x2C21,1509,1}, {0x2C22,1510,1}, {0x2C23,1511,1}, {0x2C24,1512,1}, {0x2C25,1513,1}, {0x2C26,1514,1},
    {0x2C27,1515,1}, {0x2C28,1516,1}, {0x2C29,1517,1}, {0x2C2A,1518,1}, {0x2C2B,1519,1}, {0x2C2C,1520,1},
    {0x2C2D,1521,1}, {0x2C2E,1522,1}, {0x2C2F,1523,1}, {0x2C60,1524,1}, {0x2C62,1525,1}, {0x2C63,1526,1},
    {0x2C64,1527,1}, {0x2C67,1528,1}, {0x2C69,1529,1}, {0x2C6B,1530,1}, {0x2C6D,1531,1}, {0x2C6E,1532,1},
    {0x2C6F,1533,1}, {0x2C70,1534,1}, {0x2C72,1535,1}, {0x2C75,1536,1}, {0x2C7E,1537,1}, {0x2C7F,1538,1},
    {0x2C80,1539,1}, {0x2C82,1540,1}, {0x2C84,1541,1}, {0x2C86,1542,1}, {0x2C88,1543,1}, {0x2C8A,1544,1},
    {0x2C8C,1545,1}, {0x2C8E,1546,1}, {0x2C90,1547,1}, {0x2C92,1548,1}, {0x2C94,1549,1}, {0x2C96,1550,1},
    {0x2C98,1551,1}, {0x2C9A,1552,1}, {0x2C9C,1553,1}, {0x2C9E,1554,1}, {0x2CA0,1555,1}, {0x2CA2,1556,1},
    {0x2CA4,1557,1}, {0x2CA6,1558,1}, {0x2CA8,1559,1}, {0x2CAA,1560,1}, {0x2CAC,1561,1}, {0x2CAE,1562,1},
    {0x2CB0,1563,1}, {0x2CB2,1564,1}, {0x2CB4,1565,1}, {0x2CB6,1566,1}, {0x2CB8,1567,1}, {0x2CBA,1568,1},
    {0x2CBC,1569,1}, {0x2CBE,1570,1}, {0x2CC0,1571,1}, {0x2CC2,1572,1}, {0x2CC4,1573,1}, {0x2CC6,1574,1},
    {0x2CC8,1575,1}, {0x2CCA,1576,1}, {0x2CCC,1577,1}, {0x2CCE,1578,1}, {0x2CD0,1579,1}, {0x2CD2,1580,1},
    {0x2CD4,1581,1}, {0x2CD6,1582,1}, {0x2CD8,1583,1}, {0x2CDA,1584,1}, {0x2CDC,1585,1}, {0x2CDE,1586,1},
    {0x2CE0,1587,1}, {0x2CE2,1588,1}, {0x2CEB,1589,1}, {0x2CED,1590,1}, {0x2CEF,1591,0}, {0x2CF0,1591,0},
    {0x2CF1,1591,0}, {0x2CF2,1591,1}, {0x2D7F,1592,0}, {0x2DE0,1592,0}, {0x2DE1,1592,0}, {0x2DE2,1592,0},
    {0x2DE3,1592,0}, {0x2DE4,1592,0}, {0x2DE5,1592,0}, {0x2DE6,1592,0}, {0x2DE7,1592,0}, {0x2DE8,1592,0},
    {0x2DE9,1592,0}, {0x2DEA,1592,0}, {0x2DEB,1592,0}, {0x2DEC,1592,0}, {0x2DED,1592,0}, {0x2DEE,1592,0},
    {0x2DEF,1592,0}, {0x2DF0,1592,0}, {0x2DF1,1592,0}, {0x2DF2,1592,0}, {0x2DF3,1592,0}, {0x2DF4,1592,0},
    {0x2DF5,1592,0}, {0x2DF6,1592,0}, {0x2DF7,1592,0}, {0x2DF8,1592,0}, {0x2DF9,1592,0}, {0x2DFA,1592,0},
    {0x2DFB,1592,0}, {0x2DFC,1592,0}, {0x2DFD,1592,0}, {0x2DFE,1592,0}, {0x2DFF,1592,0}, {0x302A,1592,0},
    {0x302B,1592,0}, {0x302C,1592,0}, {0x302D,1592,0}, {0x304C,1592,1}, {0x304E,1593,1}, {0x3050,1594,1},
    {0x3052,1595,1}, {0x3054,1596,1}, {0x3056,1597,1}, {0x3058,1598,1}, {0x305A,1599,1}, {0x305C,1600,1},
    {0x305E,1601,1}, {0x3060,1602,1}, {0x3062,1603,1}, {0x3065,1604,1}, {0x3067,1605,1}, {0x3069,1606,1},
    {0x3070,1607,1}, {0x3071,1608,1}, {0x3073,1609,1}, {0x3074,1610,1}, {0x3076,1611,1}, {0x3077,1612,1},
    {0x3079,1613,1}, {0x307A,1614,1}, {0x307C,1615,1}, {0x307D,1616,1}, {0x3094,1617,1}, {0x3099,1618,0},
    {0x309A,1618,0}, {0x309E,1618,1}, {0x30AC,1619,1}, {0x30AE,1620,1}, {0x30B0,1621,1}, {0x30B2,1622,1},
    {0x30B4,1623,1}, {0x30B6,1624,1}, {0x30B8,1625,1}, {0x30BA,1626,1}, {0x30BC,1627,1}, {0x30BE,1628,1},
    {0x30C0,1629,1}, {0x30C2,1630,1}, {0x30C5,1631,1}, {0x30C7,1632,1}, {0x30C9,1633,1}, {0x30D0,1634,1},
    {0x30D1,1635,1}, {0x30D3,1636,1}, {0x30D4,1637,1}, {0x30D6,1638,1}, {0x30D7,1639,1}, {0x30D9,1640,1},
    {0x30DA,1641,1}, {0x30DC,1642,1}, {0x30DD,1643,1}, {0x30F4,1644,1}, {0x30F7,1645,1}, {0x30F8,1646,1},
    {0x30F9,1647,1}, {0x30FA,1648,1}, {0x30FE,1649,1}, {0xA640,1650,1}, {0xA642,1651,1}, {0xA644,1652,1},
    {0xA646,1653,1}, {0xA648,1654,1}, {0xA64A,1655,1}, {0xA64C,1656,1}, {0xA64E,1657,1}, {0xA650,1658,1},
    {0xA652,1659,1}, {0xA654,1660,1}, {0xA656,1661,1}, {0xA658,1662,1}, {0xA65A,1663,1}, {0xA65C,1664,1},
    {0xA65E,1665,1}, {0xA660,1666,1}, {0xA662,1667,1}, {0xA664,1668,1}, {0xA666,1669,1}, {0xA668,1670,1},
    {0xA66A,1671,1}, {0xA66C,1672,1}, {0xA66F,1673,0}, {0xA674,1673,0}, {0xA675,1673,0}, {0xA676,1673,0},
    {0xA677,1673,0}, {0xA678,1673,0}, {0xA679,1673,0}, {0xA67A,1673,0}, {0xA67B,1673,0}, {0xA67C,1673,0},
    {0xA67D,1673,0}, {0xA680,1673,1}, {0xA682,1674,1}, {0xA684,1675,1}, {0xA686,1676,1}, {0xA688,1677,1},
    {0xA68A,1678,1}, {0xA68C,1679,1}, {0xA68E,1680,1}, {0xA690,1681,1}, {0xA692,1682,1}, {0xA694,1683,1},
    {0xA696,1684,1}, {0xA698,1685,1}, {0xA69A,1686,1}, {0xA69E,1687,0}, {0xA69F,1687,0}, {0xA6F0,1687,0},
    {0xA6F1,1687,0}, {0xA722,1687,1}, {0xA724,1688,1}, {0xA726,1689,1}, {0xA728,1690,1}, {0xA72A,1691,1},
    {0xA72C,1692,1}, {0xA72E,1693,1}, {0xA732,1694,1}, {0xA734,1695,1}, {0xA736,1696,1}, {0xA738,1697,1},
    {0xA73A,1698,1}, {0xA73C,1699,1}, {0xA73E,1700,1}, {0xA740,1701,1}, {0xA742,1702,1}, {0xA744,1703,1},
    {0xA746,1704,1}, {0xA748,1705,1}, {0xA74A,1706,1}, {0xA74C,1707,1}, {0xA74E,1708,1}, {0xA750,1709,1},
    {0xA752,1710,1}, {0xA754,1711,1}, {0xA756,1712,1}, {0xA758,1713,1}, {0xA75A,1714,1}, {0xA75C,1715,1},
    {0xA75E,1716,1}, {0xA760,1717,1}, {0xA762,1718,1}, {0xA764,1719,1}, {0xA766,1720,1}, {0xA768,1721,1},
    {0xA76A,1722,1}, {0xA76C,1723,1}, {0xA76E,1724,1}, {0xA779,1725,1}, {0xA77B,1726,1}, {0xA77D,1727,1},
    {0xA77E,1728,1}, {0xA780,1729,1}, {0xA782,1730,1}, {0xA784,1731,1}, {0xA786,1732,1}, {0xA78B,1733,1},
    {0xA78D,1734,1}, {0xA790,1735,1}, {0xA792,1736,1}, {0xA796,1737,1}, {0xA798,1738,1}, {0xA79A,1739,1},
    {0xA79C,1740,1}, {0xA79E,1741,1}, {0xA7A0,1742,1}, {0xA7A2,1743,1}, {0xA7A4,1744,1}, {0xA7A6,1745,1},
    {0xA7A8,1746,1}, {0xA7AA,1747,1}, {0xA7AB,1748,1}, {0xA7AC,1749,1}, {0xA7AD,1750,1}, {0xA7AE,1751,1},
    {0xA7B0,1752,1}, {0xA7B1,1753,1}, {0xA7B2,1754,1}, {0xA7B3,1755,1}, {0xA7B4,1756,1}, {0xA7B6,1757,1},
    {0xA7B8,1758,1}, {0xA7BA,1759,1}, {0xA7BC,1760,1}, {0xA7BE,1761,1}, {0xA7C0,1762,1}, {0xA7C2,1763,1},
    {0xA7C4,1764,1}, {0xA7C5,1765,1}, {0xA7C6,1766,1}, {0xA7C7,1767,1}, {0xA7C9,1768,1}, {0xA7D0,1769,1},
    {0xA7D6,1770,1}, {0xA7D8,1771,1}, {0xA7F5,1772,1}, {0xA802,1773,0}, {0xA806,1773,0}, {0xA80B,1773,0},
    {0xA825,1773,0}, {0xA826,1773,0}, {0xA82C,1773,0}, {0xA8C4,1773,0}, {0xA8C5,1773,0}, {0xA8E0,1773,0},
    {0xA8E1,1773,0}, {0xA8E2,1773,0}, {0xA8E3,1773,0}, {0xA8E4,1773,0}, {0xA8E5,1773,0}, {0xA8E6,1773,0},
    {0xA8E7,1773,0}, {0xA8E8,1773,0}, {0xA8E9,1773,0}, {0xA8EA,1773,0}, {0xA8EB,1773,0}, {0xA8EC,1773,0},
    {0xA8ED,1773,0}, {0xA8EE,1773,0}, {0xA8EF,1773,0}, {0xA8F0,1773,0}, {0xA8F1,1773,0}, {0xA8FF,1773,0},
    {0xA926,1773,0}, {0xA927,1773,0}, {0xA928,1773,0}, {0xA929,1773,0}, {0xA92A,1773,0}, {0xA92B,1773,0},
    {0xA92C,1773,0}, {0xA92D,1773,0}, {0xA947,1773,0}, {0xA948,1773,0}, {0xA949,1773,0}, {0xA94A,1773,0},
    {0xA94B,1773,0}, {0xA94C,1773,0}, {0xA94D,1773,0}, {0xA94E,1773,0}, {0xA94F,1773,0}, {0xA950,1773,0},
    {0xA951,1773,0}, {0xA980,1773,0}, {0xA981,1773,0}, {0xA982,1773,0}, {0xA9B3,1773,0}, {0xA9B6,1773,0},
    {0xA9B7,1773,0}, {0xA9B8,1773,0}, {0xA9B9,1773,0}, {0xA9BC,1773,0}, {0xA9BD,1773,0}, {0xA9E5,1773,0},
    {0xAA29,1773,0}, {0xAA2A,1773,0}, {0xAA2B,1773,0}, {0xAA2C,1773,0}, {0xAA2D,1773,0}, {0xAA2E,1773,0},
    {0xAA31,1773,0}, {0xAA32,1773,0}, {0xAA35,1773,0}, {0xAA36,1773,0}, {0xAA43,1773,0}, {0xAA4C,1773,0},
    {0xAA7C,1773,0}, {0xAAB0,1773,0}, {0xAAB2,1773,0}, {0xAAB3,1773,0}, {0xAAB4,1773,0}, {0xAAB7,1773,0},
    {0xAAB8,1773,0}, {0xAABE,1773,0}, {0xAABF,1773,0}, {0xAAC1,1773,0}, {0xAAEC,1773,0}, {0xAAED,1773,0},
    {0xAAF6,1773,0}, {0xABE5,1773,0}, {0xABE8,1773,0}, {0xABED,1773,0}, {0xAC00,1773,2}, {0xAC01,1775,3},
    {0xAC02,1778,3}, {0xAC03,1781,3}, {0xAC04,1784,3}, {0xAC05,1787,3}, {0xAC06,1790,3}, {0xAC07,1793,3},
    {0xAC08,1796,3}, {0xAC09,1799,3}, {0xAC0A,1802,3}, {0xAC0B,1805,3}, {0xAC0C,1808,3}, {0xAC0D,1811,3},
    {0xAC0E,1814,3}, {0xAC0F,1817,3}, {0xAC10,1820,3}, {0xAC11,1823,3}, {0xAC12,1826,3}, {0xAC13,1829,3},
    {0xAC14,1832,3}, {0xAC15,1835,3}, {0xAC16,1838,3}, {0xAC17,1841,3}, {0xAC18,1844,3}, {0xAC19,1847,3},
    {0xAC1A,1850,3}, {0xAC1B,1853,3}, {0xAC1C,1856,2}, {0xAC1D,1858,3}, {0xAC1E,1861,3}, {0xAC1F,1864,3},
    {0xAC20,1867,3}, {0xAC21,1870,3}, {0xAC22,1873,3}, {0xAC23,1876,3}, {0xAC24,1879,3}, {0xAC25,1882,3},
    {0xAC26,1885,3}, {0xAC27,1888,3}, {0xAC28,1891,3}, {0xAC29,1894,3}, {0xAC2A,1897,3}, {0xAC2B,1900,3},
    {0xAC2C,1903,3}, {0xAC2D,1906,3}, {0xAC2E,1909,3}, {0xAC2F,1912,3}, {0xAC30,1915,3}, {0xAC31,1918,3},
    {0xAC32,1921,3}, {0xAC33,1924,3}, {0xAC34,1927,3}, {0xAC35,1930,3}, {0xAC36,1933,3}, {0xAC37,1936,3},
    {0xAC38,1939,2}, {0xAC39,1941,3}, {0xAC3A,1944,3}, {0xAC3B,1947,3}, {0xAC3C,1950,3}, {0xAC3D,1953,3},
    {0xAC3E,1956,3}, {0xAC3F,1959,3}, {0xAC40,1962,3}, {0xAC41,1965,3}, {0xAC42,1968,3}, {0xAC43,1971,3},
    {0xAC44,1974,3}, {0xAC45,1977,3}, {0xAC46,1980,3}, {0xAC47,1983,3}, {0xAC48,1986,3}, {0xAC49,1989,3},
    {0xAC4A,1992,3}, {0xAC4B,1995,3}, {0xAC4C,1998,3}, {0xAC4D,2001,3}, {0xAC4E,2004,3}, {0xAC4F,2007,3},
    {0xAC50,2010,3}, {0xAC51,2013,3}, {0xAC52,2016,3}, {0xAC53,2019,3}, {0xAC54,2022,2}, {0xAC55,2024,3},
    {0xAC56,2027,3}, {0xAC57,2030,3}, {0xAC58,2033,3}, {0xAC59,2036,3}, {0xAC5A,2039,3}, {0xAC5B,2042,3},
    {0xAC5C,2045,3}, {0xAC5D,2048,3}, {0xAC5E,2051,3}, {0xAC5F,2054,3}, {0xAC60,2057,3}, {0xAC61,2060,3},
    {0xAC62,2063,3}, {0xAC63,2066,3}, {0xAC64,2069,3}, {0xAC65,2072,3}, {0xAC66,2075,3}, {0xAC67,2078,3},
    {0xAC68,2081,3}, {0xAC69,2084,3}, {0xAC6A,2087,3}, {0xAC6B,2090,3}, {0xAC6C,2093,3}, {0xAC6D,2096,3},
    {0xAC6E,2099,3}, {0xAC6F,2102,3}, {0xAC70,2105,2}, {0xAC71,2107,3}, {0xAC72,2110,3}, {0xAC73,2113,3},
    {0xAC74,2116,3}, {0xAC75,2119,3}, {0xAC76,2122,3}, {0xAC77,2125,3}, {0xAC78,2128,3}, {0xAC79,2131,3},
    {0xAC7A,2134,3}, {0xAC7B,2137,3}, {0xAC7C,2140,3}, {0xAC7D,2143,3}, {0xAC7E,2146,3}, {0xAC7F,2149,3},
    {0xAC80,2152,3}, {0xAC81,2155,3}, {0xAC82,2158,3}, {0xAC83,2161,3}, {0xAC84,2164,3}, {0xAC85,2167,3},
    {0xAC86,2170,3}, {0xAC87,2173,3}, {0xAC88,2176,3}, {0xAC89,2179,3}, {0xAC8A,2182,3}, {0xAC8B,2185,3},
    {0xAC8C,2188,2}, {0xAC8D,2190,3}, {0xAC8E,2193,3}, {0xAC8F,2196,3}, {0xAC90,2199,3}, {0xAC91,2202,3},
    {0xAC92,2205,3}, {0xAC93,2208,3}, {0xAC94,2211,3}, {0xAC95,2214,3}, {0xAC96,2217,3}, {0xAC97,2220,3},
    {0xAC98,2223,3}, {0xAC99,2226,3}, {0xAC9A,2229,3}, {0xAC9B,2232,3}, {0xAC9C,2235,3}, {0xAC9D,2238,3},
    {0xAC9E,2241,3}, {0xAC9F,2244,3}, {0xACA0,2247,3}, {0xACA1,2250,3}, {0xACA2,2253,3}, {0xACA3,2256,3},
    {0xACA4,2259,3}, {0xACA5,2262,3}, {0xACA6,2265,3}, {0xACA7,2268,3}, {0xACA8,2271,2}, {0xACA9,2273,3},
    {0xACAA,2276,3}, {0xACAB,2279,3}, {0xACAC,2282,3}, {0xACAD,2285,3}, {0xACAE,2288,3}, {0xACAF,2291,3},
    {0xACB0,2294,3}, {0xACB1,2297,3}, {0xACB2,2300,3}, {0xACB3,2303,3}, {0xACB4,2306,3}, {0xACB5,2309,3},
    {0xACB6,2312,3}, {0xACB7,2315,3}, {0xACB8,2318,3}, {0xACB9,2321,3}, {0xACBA,2324,3}, {0xACBB,2327,3},
    {0xACBC,2330,3}, {0xACBD,2333,3}, {0xACBE,2336,3}, {0xACBF,2339,3}, {0xACC0,2342,3}, {0xACC1,2345,3},
    {0xACC2,2348,3}, {0xACC3,2351,3}, {0xACC4,2354,2}, {0xACC5,2356,3}, {0xACC6,2359,3}, {0xACC7,2362,3},
    {0xACC8,2365,3}, {0xACC9,2368,3}, {0xACCA,2371,3}, {0xACCB,2374,3}, {0xACCC,2377,3}, {0xACCD,2380,3},
    {0xACCE,2383,3}, {0xACCF,2386,3}, {0xACD0,2389,3}, {0xACD1,2392,3}, {0xACD2,2395,3}, {0xACD3,2398,3},
    {0xACD4,2401,3}, {0xACD5,2404,3}, {0xACD6,2407,3}, {0xACD7,2410,3}, {0xACD8,2413,3}, {0xACD9,2416,3},
    {0xACDA,2419,3}, {0xACDB,2422,3}, {0xACDC,2425,3}, {0xACDD,2428,3}, {0xACDE,2431,3}, {0xACDF,2434,3},
    {0xACE0,2437,2}, {0xACE1,2439,3}, {0xACE2,2442,3}, {0xACE3,2445,3}, {0xACE4,2448,3}, {0xACE5,2451,3},
    {0xACE6,2454,3}, {0xACE7,2457,3}, {0xACE8,2460,3}, {0xACE9,2463,3}, {0xACEA,2466,3}, {0xACEB,2469,3},
    {0xACEC,2472,3}, {0xACED,2475,3}, {0xACEE,2478,3}, {0xACEF,2481,3}, {0xACF0,2484,3}, {0xACF1,2487,3},
    {0xACF2,2490,3}, {0xACF3,2493,3}, {0xACF4,2496,3}, {0xACF5,2499,3}, {0xACF6,2502,3}, {0xACF7,2505,3},
    {0xACF8,2508,3}, {0xACF9,2511,3}, {0xACFA,2514,3}, {0xACFB,2517,3}, {0xACFC,2520,2}, {0xACFD,2522,3},
    {0xACFE,2525,3}, {0xACFF,2528,3}, {0xAD00,2531,3}, {0xAD01,2534,3}, {0xAD02,2537,3}, {0xAD03,2540,3},
    {0xAD04,2543,3}, {0xAD05,2546,3}, {0xAD06,2549,3}, {0xAD07,2552,3}, {0xAD08,2555,3}, {0xAD09,2558,3},
    {0xAD0A,2561,3}, {0xAD0B,2564,3}, {0xAD0C,2567,3}, {0xAD0D,2570,3}, {0xAD0E,2573,3}, {0xAD0F,2576,3},
    {0xAD10,2579,3}, {0xAD11,2582,3}, {0xAD12,2585,3}, {0xAD13,2588,3}, {0xAD14,2591,3}, {0xAD15,2594,3},
    {0xAD16,2597,3}, {0xAD17,2600,3}, {0xAD18,2603,2}, {0xAD19,2605,3}, {0xAD1A,2608,3}, {0xAD1B,2611,3},
    {0xAD1C,2614,3}, {0xAD1D,2617,3}, {0xAD1E,2620,3}, {0xAD1F,2623,3}, {0xAD20,2626,3}, {0xAD21,2629,3},
    {0xAD22,2632,3}, {0xAD23,2635,3}, {0xAD24,2638,3}, {0xAD25,2641,3}, {0xAD26,2644,3}, {0xAD27,2647,3},
    {0xAD28,2650,3}, {0xAD29,2653,3}, {0xAD2A,2656,3}, {0xAD2B,2659,3}, {0xAD2C,2662,3}, {0xAD2D,2665,3},
    {0xAD2E,2668,3}, {0xAD2F,2671,3}, {0xAD30,2674,3}, {0xAD31,2677,3}, {0xAD32,2680,3}, {0xAD33,2683,3},
    {0xAD34,2686,2}, {0xAD35,2688,3}, {0xAD36,2691,3}, {0xAD37,2694,3}, {0xAD38,2697,3}, {0xAD39,2700,3},
    {0xAD3A,2703,3}, {0xAD3B,2706,3}, {0xAD3C,2709,3}, {0xAD3D,2712,3}, {0xAD3E,2715,3}, {0xAD3F,2718,3},
    {0xAD40,2721,3}, {0xAD41,2724,3}, {0xAD42,2727,3}, {0xAD43,2730,3}, {0xAD44,2733,3}, {0xAD45,2736,3},
    {0xAD46,2739,3}, {0xAD47,2742,3}, {0xAD48,2745,3}, {0xAD49,2748,3}, {0xAD4A,2751,3}, {0xAD4B,2754,3},
    {0xAD4C,2757,3}, {0xAD4D,2760,3}, {0xAD4E,2763,3}, {0xAD4F,2766,3}, {0xAD50,2769,2}, {0xAD51,2771,3},
    {0xAD52,2774,3}, {0xAD53,2777,3}, {0xAD54,2780,3}, {0xAD55,2783,3}, {0xAD56,2786,3}, {0xAD57,2789,3},
    {0xAD58,2792,3}, {0xAD59,2795,3}, {0xAD5A,2798,3}, {0xAD5B,2801,3}, {0xAD5C,2804,3}, {0xAD5D,2807,3},
    {0xAD5E,2810,3}, {0xAD5F,2813,3}, {0xAD60,2816,3}, {0xAD61,2819,3}, {0xAD62,2822,3}, {0xAD63,2825,3},
    {0xAD64,2828,3}, {0xAD65,2831,3}, {0xAD66,2834,3}, {0xAD67,2837,3}, {0xAD68,2840,3}, {0xAD69,2843,3},
    {0xAD6A,2846,3}, {0xAD6B,2849,3}, {0xAD6C,2852,2}, {0xAD6D,2854,3}, {0xAD6E,2857,3}, {0xAD6F,2860,3},
    {0xAD70,2863,3}, {0xAD71,2866,3}, {0xAD72,2869,3}, {0xAD73,2872,3}, {0xAD74,2875,3}, {0xAD75,2878,3},
    {0xAD76,2881,3}, {0xAD77,2884,3}, {0xAD78,2887,3}, {0xAD79,2890,3}, {0xAD7A,2893,3}, {0xAD7B,2896,3},
    {0xAD7C,2899,3}, {0xAD7D,2902,3}, {0xAD7E,2905,3}, {0xAD7F,2908,3}, {0xAD80,2911,3}, {0xAD81,2914,3},
    {0xAD82,2917,3}, {0xAD83,2920,3}, {0xAD84,2923,3}, {0xAD85,2926,3}, {0xAD86,2929,3}, {0xAD87,2932,3},
    {0xAD88,2935,2}, {0xAD89,2937,3}, {0xAD8A,2940,3}, {0xAD8B,2943,3}, {0xAD8C,2946,3}, {0xAD8D,2949,3},
    {0xAD8E,2952,3}, {0xAD8F,2955,3}, {0xAD90,2958,3}, {0xAD91,2961,3}, {0xAD92,2964,3}, {0xAD93,2967,3},
    {0xAD94,2970,3}, {0xAD95,2973,3}, {0xAD96,2976,3}, {0xAD97,2979,3}, {0xAD98,2982,3}, {0xAD99,2985,3},
    {0xAD9A,2988,3}, {0xAD9B,2991,3}, {0xAD9C,2994,3}, {0xAD9D,2997,3}, {0xAD9E,3000,3}, {0xAD9F,3003,3},
    {0xADA0,3006,3}, {0xADA1,3009,3}, {0xADA2,3012,3}, {0xADA3,3015,3}, {0xADA4,3018,2}, {0xADA5,3020,3},
    {0xADA6,3023,3}, {0xADA7,3026,3}, {0xADA8,3029,3}, {0xADA9,3032,3}, {0xADAA,3035,3}, {0xADAB,3038,3},
    {0xADAC,3041,3}, {0xADAD,3044,3}, {0xADAE,3047,3}, {0xADAF,3050,3}, {0xADB0,3053,3}, {0xADB1,3056,3},
    {0xADB2,3059,3}, {0xADB3,3062,3}, {0xADB4,3065,3}, {0xADB5,3068,3}, {0xADB6,3071,3}, {0xADB7,3074,3},
    {0xADB8,3077,3}, {0xADB9,3080,3}, {0xADBA,3083,3}, {0xADBB,3086,3}, {0xADBC,3089,3}, {0xADBD,3092,3},
    {0xADBE,3095,3}, {0xADBF,3098,3}, {0xADC0,3101,2}, {0xADC1,3103,3}, {0xADC2,3106,3}, {0xADC3,3109,3},
    {0xADC4,3112,3}, {0xADC5,3115,3}, {0xADC6,3118,3}, {0xADC7,3121,3}, {0xADC8,3124,3}, {0xADC9,3127,3},
    {0xADCA,3130,3}, {0xADCB,3133,3}, {0xADCC,3136,3}, {0xADCD,3139,3}, {0xADCE,3142,3}, {0xADCF,3145,3},
    {0xADD0,3148,3}, {0xADD1,3151,3}, {0xADD2,3154,3}, {0xADD3,3157,3}, {0xADD4,3160,3}, {0xADD5,3163,3},
    {0xADD6,3166,3}, {0xADD7,3169,3}, {0xADD8,3172,3}, {0xADD9,3175,3}, {0xADDA,3178,3}, {0xADDB,3181,3},
    {0xADDC,3184,2}, {0xADDD,3186,3}, {0xADDE,3189,3}, {0xADDF,3192,3}, {0xADE0,3195,3}, {0xADE1,3198,3},
    {0xADE2,3201,3}, {0xADE3,3204,3}, {0xADE4,3207,3}, {0xADE5,3210,3}, {0xADE6,3213,3}, {0xADE7,3216,3},
    {0xADE8,3219,3}, {0xADE9,3222,3}, {0xADEA,3225,3}, {0xADEB,3228,3}, {0xADEC,3231,3}, {0xADED,3234,3},
    {0xADEE,3237,3}, {0xADEF,3240,3}, {0xADF0,3243,3}, {0xADF1,3246,3}, {0xADF2,3249,3}, {0xADF3,3252,3},
    {0xADF4,3255,3}, {0xADF5,3258,3}, {0xADF6,3261,3}, {0xADF7,3264,3}, {0xADF8,3267,2}, {0xADF9,3269,3},
    {0xADFA,3272,3}, {0xADFB,3275,3}, {0xADFC,3278,3}, {0xADFD,3281,3}, {0xADFE,3284,3}, {0xADFF,3287,3},
    {0xAE00,3290,3}, {0xAE01,3293,3}, {0xAE02,3296,3}, {0xAE03,3299,3}, {0xAE04,3302,3}, {0xAE05,3305,3},
    {0xAE06,3308,3}, {0xAE07,3311,3}, {0xAE08,3314,3}, {0xAE09,3317,3}, {0xAE0A,3320,3}, {0xAE0B,3323,3},
    {0xAE0C,3326,3}, {0xAE0D,3329,3}, {0xAE0E,3332,3}, {0xAE0F,3335,3}, {0xAE10,3338,3}, {0xAE11,3341,3},
    {0xAE12,3344,3}, {0xAE13,3347,3}, {0xAE14,3350,2}, {0xAE15,3352,3}, {0xAE16,3355,3}, {0xAE17,3358,3},
    {0xAE18,3361,3}, {0xAE19,3364,3}, {0xAE1A,3367,3}, {0xAE1B,3370,3}, {0xAE1C,3373,3}, {0xAE1D,3376,3},
    {0xAE1E,3379,3}, {0xAE1F,3382,3}, {0xAE20,3385,3}, {0xAE21,3388,3}, {0xAE22,3391,3}, {0xAE23,3394,3},
    {0xAE24,3397,3}, {0xAE25,3400,3}, {0xAE26,3403,3}, {0xAE27,3406,3}, {0xAE28,3409,3}, {0xAE29,3412,3},
    {0xAE2A,3415,3}, {0xAE2B,3418,3}, {0xAE2C,3421,3}, {0xAE2D,3424,3}, {0xAE2E,3427,3}, {0xAE2F,3430,3},
    {0xAE30,3433,2}, {0xAE31,3435,3}, {0xAE32,3438,3}, {0xAE33,3441,3}, {0xAE34,3444,3}, {0xAE35,3447,3},
    {0xAE36,3450,3}, {0xAE37,3453,3}, {0xAE38,3456,3}, {0xAE39,3459,3}, {0xAE3A,3462,3}, {0xAE3B,3465,3},
    {0xAE3C,3468,3}, {0xAE3D,3471,3}, {0xAE3E,3474,3}, {0xAE3F,3477,3}, {0xAE40,3480,3}, {0xAE41,3483,3},
    {0xAE42,3486,3}, {0xAE43,3489,3}, {0xAE44,3492,3}, {0xAE45,3495,3}, {0xAE46,3498,3}, {0xAE47,3501,3},
    {0xAE48,3504,3}, {0xAE49,3507,3}, {0xAE4A,3510,3}, {0xAE4B,3513,3}, {0xAE4C,3516,2}, {0xAE4D,3518,3},
    {0xAE4E,3521,3}, {0xAE4F,3524,3}, {0xAE50,3527,3}, {0xAE51,3530,3}, {0xAE52,3533,3}, {0xAE53,3536,3},
    {0xAE54,3539,3}, {0xAE55,3542,3}, {0xAE56,3545,3}, {0xAE57,3548,3}, {0xAE58,3551,3}, {0xAE59,3554,3},
    {0xAE5A,3557,3}, {0xAE5B,3560,3}, {0xAE5C,3563,3}, {0xAE5D,3566,3}, {0xAE5E,3569,3}, {0xAE5F,3572,3},
    {0xAE60,3575,3}, {0xAE61,3578,3}, {0xAE62,3581,3}, {0xAE63,3584,3}, {0xAE64,3587,3}, {0xAE65,3590,3},
    {0xAE66,3593,3}, {0xAE67,3596,3}, {0xAE68,3599,2}, {0xAE69,3601,3}, {0xAE6A,3604,3}, {0xAE6B,3607,3},
    {0xAE6C,3610,3}, {0xAE6D,3613,3}, {0xAE6E,3616,3}, {0xAE6F,3619,3}, {0xAE70,3622,3}, {0xAE71,3625,3},
    {0xAE72,3628,3}, {0xAE73,3631,3}, {0xAE74,3634,3}, {0xAE75,3637,3}, {0xAE76,3640,3}, {0xAE77,3643,3},
    {0xAE78,3646,3}, {0xAE79,3649,3}, {0xAE7A,3652,3}, {0xAE7B,3655,3}, {0xAE7C,3658,3}, {0xAE7D,3661,3},
    {0xAE7E,3664,3}, {0xAE7F,3667,3}, {0xAE80,3670,3}, {0xAE81,3673,3}, {0xAE82,3676,3}, {0xAE83,3679,3},
    {0xAE84,3682,2}, {0xAE85,3684,3}, {0xAE86,3687,3}, {0xAE87,3690,3}, {0xAE88,3693,3}, {0xAE89,3696,3},
    {0xAE8A,3699,3}, {0xAE8B,3702,3}, {0xAE8C,3705,3}, {0xAE8D,3708,3}, {0xAE8E,3711,3}, {0xAE8F,3714,3},
    {0xAE90,3717,3}, {0xAE91,3720,3}, {0xAE92,3723,3}, {0xAE93,3726,3}, {0xAE94,3729,3}, {0xAE95,3732,3},
    {0xAE96,3735,3}, {0xAE97,3738,3}, {0xAE98,3741,3}, {0xAE99,3744,3}, {0xAE9A,3747,3}, {0xAE9B,3750,3},
    {0xAE9C,3753,3}, {0xAE9D,3756,3}, {0xAE9E,3759,3}, {0xAE9F,3762,3}, {0xAEA0,3765,2}, {0xAEA1,3767,3},
    {0xAEA2,3770,3}, {0xAEA3,3773,3}, {0xAEA4,3776,3}, {0xAEA5,3779,3}, {0xAEA6,3782,3}, {0xAEA7,3785,3},
    {0xAEA8,3788,3}, {0xAEA9,3791,3}, {0xAEAA,3794,3}, {0xAEAB,3797,3}, {0xAEAC,3800,3}, {0xAEAD,3803,3},
    {0xAEAE,3806,3}, {0xAEAF,3809,3}, {0xAEB0,3812,3}, {0xAEB1,3815,3}, {0xAEB2,3818,3}, {0xAEB3,3821,3},
    {0xAEB4,3824,3}, {0xAEB5,3827,3}, {0xAEB6,3830,3}, {0xAEB7,3833,3}, {0xAEB8,3836,3}, {0xAEB9,3839,3},
    {0xAEBA,3842,3}, {0xAEBB,3845,3}, {0xAEBC,3848,2}, {0xAEBD,3850,3}, {0xAEBE,3853,3}, {0xAEBF,3856,3},
    {0xAEC0,3859,3}, {0xAEC1,3862,3}, {0xAEC2,3865,3}, {0xAEC3,3868,3}, {0xAEC4,3871,3}, {0xAEC5,3874,3},
    {0xAEC6,3877,3}, {0xAEC7,3880,3}, {0xAEC8,3883,3}, {0xAEC9,3886,3}, {0xAECA,3889,3}, {0xAECB,3892,3},
    {0xAECC,3895,3}, {0xAECD,3898,3}, {0xAECE,3901,3}, {0xAECF,3904,3}, {0xAED0,3907,3}, {0xAED1,3910,3},
    {0xAED2,3913,3}, {0xAED3,3916,3}, {0xAED4,3919,3}, {0xAED5,3922,3}, {0xAED6,3925,3}, {0xAED7,3928,3},
    {0xAED8,3931,2}, {0xAED9,3933,3}, {0xAEDA,3936,3}, {0xAEDB,3939,3}, {0xAEDC,3942,3}, {0xAEDD,3945,3},
    {0xAEDE,3948,3}, {0xAEDF,3951,3}, {0xAEE0,3954,3}, {0xAEE1,3957,3}, {0xAEE2,3960,3}, {0xAEE3,3963,3},
    {0xAEE4,3966,3}, {0xAEE5,3969,3}, {0xAEE6,3972,3}, {0xAEE7,3975,3}, {0xAEE8,3978,3}, {0xAEE9,3981,3},
    {0xAEEA,3984,3}, {0xAEEB,3987,3}, {0xAEEC,3990,3}, {0xAEED,3993,3}, {0xAEEE,3996,3}, {0xAEEF,3999,3},
    {0xAEF0,4002,3}, {0xAEF1,4005,3}, {0xAEF2,4008,3}, {0xAEF3,4011,3}, {0xAEF4,4014,2}, {0xAEF5,4016,3},
    {0xAEF6,4019,3}, {0xAEF7,4022,3}, {0xAEF8,4025,3}, {0xAEF9,4028,3}, {0xAEFA,4031,3}, {0xAEFB,4034,3},
    {0xAEFC,4037,3}, {0xAEFD,4040,3}, {0xAEFE,4043,3}, {0xAEFF,4046,3}, {0xAF00,4049,3}, {0xAF01,4052,3},
    {0xAF02,4055,3}, {0xAF03,4058,3}, {0xAF04,4061,3}, {0xAF05,4064,3}, {0xAF06,4067,3}, {0xAF07,4070,3},
    {0xAF08,4073,3}, {0xAF09,4076,3}, {0xAF0A,4079,3}, {0xAF0B,4082,3}, {0xAF0C,4085,3}, {0xAF0D,4088,3},
    {0xAF0E,4091,3}, {0xAF0F,4094,3}, {0xAF10,4097,2}, {0xAF11,4099,3}, {0xAF12,4102,3}, {0xAF13,4105,3},
    {0xAF14,4108,3}, {0xAF15,4111,3}, {0xAF16,4114,3}, {0xAF17,4117,3}, {0xAF18,4120,3}, {0xAF19,4123,3},
    {0xAF1A,4126,3}, {0xAF1B,4129,3}, {0xAF1C,4132,3}, {0xAF1D,4135,3}, {0xAF1E,4138,3}, {0xAF1F,4141,3},
    {0xAF20,4144,3}, {0xAF21,4147,3}, {0xAF22,4150,3}, {0xAF23,4153,3}, {0xAF24,4156,3}, {0xAF25,4159,3},
    {0xAF26,4162,3}, {0xAF27,4165,3}, {0xAF28,4168,3}, {0xAF29,4171,3}, {0xAF2A,4174,3}, {0xAF2B,4177,3},
    {0xAF2C,4180,2}, {0xAF2D,4182,3}, {0xAF2E,4185,3}, {0xAF2F,4188,3}, {0xAF30,4191,3}, {0xAF31,4194,3},
    {0xAF32,4197,3}, {0xAF33,4200,3}, {0xAF34,4203,3}, {0xAF35,4206,3}, {0xAF36,4209,3}, {0xAF37,4212,3},
    {0xAF38,4215,3}, {0xAF39,4218,3}, {0xAF3A,4221,3}, {0xAF3B,4224,3}, {0xAF3C,4227,3}, {0xAF3D,4230,3},
    {0xAF3E,4233,3}, {0xAF3F,4236,3}, {0xAF40,4239,3}, {0xAF41,4242,3}, {0xAF42,4245,3}, {0xAF43,4248,3},
    {0xAF44,4251,3}, {0xAF45,4254,3}, {0xAF46,4257,3}, {0xAF47,4260,3}, {0xAF48,4263,2}, {0xAF49,4265,3},
    {0xAF4A,4268,3}, {0xAF4B,4271,3}, {0xAF4C,4274,3}, {0xAF4D,4277,3}, {0xAF4E,4280,3}, {0xAF4F,4283,3},
    {0xAF50,4286,3}, {0xAF51,4289,3}, {0xAF52,4292,3}, {0xAF53,4295,3}, {0xAF54,4298,3}, {0xAF55,4301,3},
    {0xAF56,4304,3}, {0xAF57,4307,3}, {0xAF58,4310,3}, {0xAF59,4313,3}, {0xAF5A,4316,3}, {0xAF5B,4319,3},
    {0xAF5C,4322,3}, {0xAF5D,4325,3}, {0xAF5E,4328,3}, {0xAF5F,4331,3}, {0xAF60,4334,3}, {0xAF61,4337,3},
    {0xAF62,4340,3}, {0xAF63,4343,3}, {0xAF64,4346,2}, {0xAF65,4348,3}, {0xAF66,4351,3}, {0xAF67,4354,3},
    {0xAF68,4357,3}, {0xAF69,4360,3}, {0xAF6A,4363,3}, {0xAF6B,4366,3}, {0xAF6C,4369,3}, {0xAF6D,4372,3},
    {0xAF6E,4375,3}, {0xAF6F,4378,3}, {0xAF70,4381,3}, {0xAF71,4384,3}, {0xAF72,4387,3}, {0xAF73,4390,3},
    {0xAF74,4393,3}, {0xAF75,4396,3}, {0xAF76,4399,3}, {0xAF77,4402,3}, {0xAF78,4405,3}, {0xAF79,4408,3},
    {0xAF7A,4411,3}, {0xAF7B,4414,3}, {0xAF7C,4417,3}, {0xAF7D,4420,3}, {0xAF7E,4423,3}, {0xAF7F,4426,3},
    {0xAF80,4429,2}, {0xAF81,4431,3}, {0xAF82,4434,3}, {0xAF83,4437,3}, {0xAF84,4440,3}, {0xAF85,4443,3},
    {0xAF86,4446,3}, {0xAF87,4449,3}, {0xAF88,4452,3}, {0xAF89,4455,3}, {0xAF8A,4458,3}, {0xAF8B,4461,3},
    {0xAF8C,4464,3}, {0xAF8D,4467,3}, {0xAF8E,4470,3}, {0xAF8F,4473,3}, {0xAF90,4476,3}, {0xAF91,4479,3},
    {0xAF92,4482,3}, {0xAF93,4485,3}, {0xAF94,4488,3}, {0xAF95,4491,3}, {0xAF96,4494,3}, {0xAF97,4497,3},
    {0xAF98,4500,3}, {0xAF99,4503,3}, {0xAF9A,4506,3}, {0xAF9B,4509,3}, {0xAF9C,4512,2}, {0xAF9D,4514,3},
    {0xAF9E,4517,3}, {0xAF9F,4520,3}, {0xAFA0,4523,3}, {0xAFA1,4526,3}, {0xAFA2,4529,3}, {0xAFA3,4532,3},
    {0xAFA4,4535,3}, {0xAFA5,4538,3}, {0xAFA6,4541,3}, {0xAFA7,4544,3}, {0xAFA8,4547,3}, {0xAFA9,4550,3},
    {0xAFAA,4553,3}, {0xAFAB,4556,3}, {0xAFAC,4559,3}, {0xAFAD,4562,3}, {0xAFAE,4565,3}, {0xAFAF,4568,3},
    {0xAFB0,4571,3}, {0xAFB1,4574,3}, {0xAFB2,4577,3}, {0xAFB3,4580,3}, {0xAFB4,4583,3}, {0xAFB5,4586,3},
    {0xAFB6,4589,3}, {0xAFB7,4592,3}, {0xAFB8,4595,2}, {0xAFB9,4597,3}, {0xAFBA,4600,3}, {0xAFBB,4603,3},
    {0xAFBC,4606,3}, {0xAFBD,4609,3}, {0xAFBE,4612,3}, {0xAFBF,4615,3}, {0xAFC0,4618,3}, {0xAFC1,4621,3},
    {0xAFC2,4624,3}, {0xAFC3,4627,3}, {0xAFC4,4630,3}, {0xAFC5,4633,3}, {0xAFC6,4636,3}, {0xAFC7,4639,3},
    {0xAFC8,4642,3}, {0xAFC9,4645,3}, {0xAFCA,4648,3}, {0xAFCB,4651,3}, {0xAFCC,4654,3}, {0xAFCD,4657,3},
    {0xAFCE,4660,3}, {0xAFCF,4663,3}, {0xAFD0,4666,3}, {0xAFD1,4669,3}, {0xAFD2,4672,3}, {0xAFD3,4675,3},
    {0xAFD4,4678,2}, {0xAFD5,4680,3}, {0xAFD6,4683,3}, {0xAFD7,4686,3}, {0xAFD8,4689,3}, {0xAFD9,4692,3},
    {0xAFDA,4695,3}, {0xAFDB,4698,3}, {0xAFDC,4701,3}, {0xAFDD,4704,3}, {0xAFDE,4707,3}, {0xAFDF,4710,3},
    {0xAFE0,4713,3}, {0xAFE1,4716,3}, {0xAFE2,4719,3}, {0xAFE3,4722,3}, {0xAFE4,4725,3}, {0xAFE5,4728,3},
    {0xAFE6,4731,3}, {0xAFE7,4734,3}, {0xAFE8,4737,3}, {0xAFE9,4740,3}, {0xAFEA,4743,3}, {0xAFEB,4746,3},
    {0xAFEC,4749,3}, {0xAFED,4752,3}, {0xAFEE,4755,3}, {0xAFEF,4758,3}, {0xAFF0,4761,2}, {0xAFF1,4763,3},
    {0xAFF2,4766,3}, {0xAFF3,4769,3}, {0xAFF4,4772,3}, {0xAFF5,4775,3}, {0xAFF6,4778,3}, {0xAFF7,4781,3},
    {0xAFF8,4784,3}, {0xAFF9,4787,3}, {0xAFFA,4790,3}, {0xAFFB,4793,3}, {0xAFFC,4796,3}, {0xAFFD,4799,3},
    {0xAFFE,4802,3}, {0xAFFF,4805,3}, {0xB000,4808,3}, {0xB001,4811,3}, {0xB002,4814,3}, {0xB003,4817,3},
    {0xB004,4820,3}, {0xB005,4823,3}, {0xB006,4826,3}, {0xB007,4829,3}, {0xB008,4832,3}, {0xB009,4835,3},
    {0xB00A,4838,3}, {0xB00B,4841,3}, {0xB00C,4844,2}, {0xB00D,4846,3}, {0xB00E,4849,3}, {0xB00F,4852,3},
    {0xB010,4855,3}, {0xB011,4858,3}, {0xB012,4861,3}, {0xB013,4864,3}, {0xB014,4867,3}, {0xB015,4870,3},
    {0xB016,4873,3}, {0xB017,4876,3}, {0xB018,4879,3}, {0xB019,4882,3}, {0xB01A,4885,3}, {0xB01B,4888,3},
    {0xB01C,4891,3}, {0xB01D,4894,3}, {0xB01E,4897,3}, {0xB01F,4900,3}, {0xB020,4903,3}, {0xB021,4906,3},
    {0xB022,4909,3}, {0xB023,4912,3}, {0xB024,4915,3}, {0xB025,4918,3}, {0xB026,4921,3}, {0xB027,4924,3},
    {0xB028,4927,2}, {0xB029,4929,3}, {0xB02A,4932,3}, {0xB02B,4935,3}, {0xB02C,4938,3}, {0xB02D,4941,3},
    {0xB02E,4944,3}, {0xB02F,4947,3}, {0xB030,4950,3}, {0xB031,4953,3}, {0xB032,4956,3}, {0xB033,4959,3},
    {0xB034,4962,3}, {0xB035,4965,3}, {0xB036,4968,3}, {0xB037,4971,3}, {0xB038,4974,3}, {0xB039,4977,3},
    {0xB03A,4980,3}, {0xB03B,4983,3}, {0xB03C,4986,3}, {0xB03D,4989,3}, {0xB03E,4992,3}, {0xB03F,4995,3},
    {0xB040,4998,3}, {0xB041,5001,3}, {0xB042,5004,3}, {0xB043,5007,3}, {0xB044,5010,2}, {0xB045,5012,3},
    {0xB046,5015,3}, {0xB047,5018,3}, {0xB048,5021,3}, {0xB049,5024,3}, {0xB04A,5027,3}, {0xB04B,5030,3},
    {0xB04C,5033,3}, {0xB04D,5036,3}, {0xB04E,5039,3}, {0xB04F,5042,3}, {0xB050,5045,3}, {0xB051,5048,3},
    {0xB052,5051,3}, {0xB053,5054,3}, {0xB054,5057,3}, {0xB055,5060,3}, {0xB056,5063,3}, {0xB057,5066,3},
    {0xB058,5069,3}, {0xB059,5072,3}, {0xB05A,5075,3}, {0xB05B,5078,3}, {0xB05C,5081,3}, {0xB05D,5084,3},
    {0xB05E,5087,3}, {0xB05F,5090,3}, {0xB060,5093,2}, {0xB061,5095,3}, {0xB062,5098,3}, {0xB063,5101,3},
    {0xB064,5104,3}, {0xB065,5107,3}, {0xB066,5110,3}, {0xB067,5113,3}, {0xB068,5116,3}, {0xB069,5119,3},
    {0xB06A,5122,3}, {0xB06B,5125,3}, {0xB06C,5128,3}, {0xB06D,5131,3}, {0xB06E,5134,3}, {0xB06F,5137,3},
    {0xB070,5140,3}, {0xB071,5143,3}, {0xB072,5146,3}, {0xB073,5149,3}, {0xB074,5152,3}, {0xB075,5155,3},
    {0xB076,5158,3}, {0xB077,5161,3}, {0xB078,5164,3}, {0xB079,5167,3}, {0xB07A,5170,3}, {0xB07B,5173,3},
    {0xB07C,5176,2}, {0xB07D,5178,3}, {0xB07E,5181,3}, {0xB07F,5184,3}, {0xB080,5187,3}, {0xB081,5190,3},
    {0xB082,5193,3}, {0xB083,5196,3}, {0xB084,5199,3}, {0xB085,5202,3}, {0xB086,5205,3}, {0xB087,5208,3},
    {0xB088,5211,3}, {0xB089,5214,3}, {0xB08A,5217,3}, {0xB08B,5220,3}, {0xB08C,5223,3}, {0xB08D,5226,3},
    {0xB08E,5229,3}, {0xB08F,5232,3}, {0xB090,5235,3}, {0xB091,5238,3}, {0xB092,5241,3}, {0xB093,5244,3},
    {0xB094,5247,3}, {0xB095,5250,3}, {0xB096,5253,3}, {0xB097,5256,3}, {0xB098,5259,2}, {0xB099,5261,3},
    {0xB09A,5264,3}, {0xB09B,5267,3}, {0xB09C,5270,3}, {0xB09D,5273,3}, {0xB09E,5276,3}, {0xB09F,5279,3},
    {0xB0A0,5282,3}, {0xB0A1,5285,3}, {0xB0A2,5288,3}, {0xB0A3,5291,3}, {0xB0A4,5294,3}, {0xB0A5,5297,3},
    {0xB0A6,5300,3}, {0xB0A7,5303,3}, {0xB0A8,5306,3}, {0xB0A9,5309,3}, {0xB0AA,5312,3}, {0xB0AB,5315,3},
    {0xB0AC,5318,3}, {0xB0AD,5321,3}, {0xB0AE,5324,3}, {0xB0AF,5327,3}, {0xB0B0,5330,3}, {0xB0B1,5333,3},
    {0xB0B2,5336,3}, {0xB0B3,5339,3}, {0xB0B4,5342,2}, {0xB0B5,5344,3}, {0xB0B6,5347,3}, {0xB0B7,5350,3},
    {0xB0B8,5353,3}, {0xB0B9,5356,3}, {0xB0BA,5359,3}, {0xB0BB,5362,3}, {0xB0BC,5365,3}, {0xB0BD,5368,3},
    {0xB0BE,5371,3}, {0xB0BF,5374,3}, {0xB0C0,5377,3}, {0xB0C1,5380,3}, {0xB0C2,5383,3}, {0xB0C3,5386,3},
    {0xB0C4,5389,3}, {0xB0C5,5392,3}, {0xB0C6,5395,3}, {0xB0C7,5398,3}, {0xB0C8,5401,3}, {0xB0C9,5404,3},
    {0xB0CA,5407,3}, {0xB0CB,5410,3}, {0xB0CC,5413,3}, {0xB0CD,5416,3}, {0xB0CE,5419,3}, {0xB0CF,5422,3},
    {0xB0D0,5425,2}, {0xB0D1,5427,3}, {0xB0D2,5430,3}, {0xB0D3,5433,3}, {0xB0D4,5436,3}, {0xB0D5,5439,3},
    {0xB0D6,5442,3}, {0xB0D7,5445,3}, {0xB0D8,5448,3}, {0xB0D9,5451,3}, {0xB0DA,5454,3}, {0xB0DB,5457,3},
    {0xB0DC,5460,3}, {0xB0DD,5463,3}, {0xB0DE,5466,3}, {0xB0DF,5469,3}, {0xB0E0,5472,3}, {0xB0E1,5475,3},
    {0xB0E2,5478,3}, {0xB0E3,5481,3}, {0xB0E4,5484,3}, {0xB0E5,5487,3}, {0xB0E6,5490,3}, {0xB0E7,5493,3},
    {0xB0E8,5496,3}, {0xB0E9,5499,3}, {0xB0EA,5502,3}, {0xB0EB,5505,3}, {0xB0EC,5508,2}, {0xB0ED,5510,3},
    {0xB0EE,5513,3}, {0xB0EF,5516,3}, {0xB0F0,5519,3}, {0xB0F1,5522,3}, {0xB0F2,5525,3}, {0xB0F3,5528,3},
    {0xB0F4,5531,3}, {0xB0F5,5534,3}, {0xB0F6,5537,3}, {0xB0F7,5540,3}, {0xB0F8,5543,3}, {0xB0F9,5546,3},
    {0xB0FA,5549,3}, {0xB0FB,5552,3}, {0xB0FC,5555,3}, {0xB0FD,5558,3}, {0xB0FE,5561,3}, {0xB0FF,5564,3},
    {0xB100,5567,3}, {0xB101,5570,3}, {0xB102,5573,3}, {0xB103,5576,3}, {0xB104,5579,3}, {0xB105,5582,3},
    {0xB106,5585,3}, {0xB107,5588,3}, {0xB108,5591,2}, {0xB109,5593,3}, {0xB10A,5596,3}, {0xB10B,5599,3},
    {0xB10C,5602,3}, {0xB10D,5605,3}, {0xB10E,5608,3}, {0xB10F,5611,3}, {0xB110,5614,3}, {0xB111,5617,3},
    {0xB112,5620,3}, {0xB113,5623,3}, {0xB114,5626,3}, {0xB115,5629,3}, {0xB116,5632,3}, {0xB117,5635,3},
    {0xB118,5638,3}, {0xB119,5641,3}, {0xB11A,5644,3}, {0xB11B,5647,3}, {0xB11C,5650,3}, {0xB11D,5653,3},
    {0xB11E,5656,3}, {0xB11F,5659,3}, {0xB120,5662,3}, {0xB121,5665,3}, {0xB122,5668,3}, {0xB123,5671,3},
    {0xB124,5674,2}, {0xB125,5676,3}, {0xB126,5679,3}, {0xB127,5682,3}, {0xB128,5685,3}, {0xB129,5688,3},
    {0xB12A,5691,3}, {0xB12B,5694,3}, {0xB12C,5697,3}, {0xB12D,5700,3}, {0xB12E,5703,3}, {0xB12F,5706,3},
    {0xB130,5709,3}, {0xB131,5712,3}, {0xB132,5715,3}, {0xB133,5718,3}, {0xB134,5721,3}, {0xB135,5724,3},
    {0xB136,5727,3}, {0xB137,5730,3}, {0xB138,5733,3}, {0xB139,5736,3}, {0xB13A,5739,3}, {0xB13B,5742,3},
    {0xB13C,5745,3}, {0xB13D,5748,3}, {0xB13E,5751,3}, {0xB13F,5754,3}, {0xB140,5757,2}, {0xB141,5759,3},
    {0xB142,5762,3}, {0xB143,5765,3}, {0xB144,5768,3}, {0xB145,5771,3}, {0xB146,5774,3}, {0xB147,5777,3},
    {0xB148,5780,3}, {0xB149,5783,3}, {0xB14A,5786,3}, {0xB14B,5789,3}, {0xB14C,5792,3}, {0xB14D,5795,3},
    {0xB14E,5798,3}, {0xB14F,5801,3}, {0xB150,5804,3}, {0xB151,5807,3}, {0xB152,5810,3}, {0xB153,5813,3},
    {0xB154,5816,3}, {0xB155,5819,3}, {0xB156,5822,3}, {0xB157,5825,3}, {0xB158,5828,3}, {0xB159,5831,3},
    {0xB15A,5834,3}, {0xB15B,5837,3}, {0xB15C,5840,2}, {0xB15D,5842,3}, {0xB15E,5845,3}, {0xB15F,5848,3},
    {0xB160,5851,3}, {0xB161,5854,3}, {0xB162,5857,3}, {0xB163,5860,3}, {0xB164,5863,3}, {0xB165,5866,3},
    {0xB166,5869,3}, {0xB167,5872,3}, {0xB168,5875,3}, {0xB169,5878,3}, {0xB16A,5881,3}, {0xB16B,5884,3},
    {0xB16C,5887,3}, {0xB16D,5890,3}, {0xB16E,5893,3}, {0xB16F,5896,3}, {0xB170,5899,3}, {0xB171,5902,3},
    {0xB172,5905,3}, {0xB173,5908,3}, {0xB174,5911,3}, {0xB175,5914,3}, {0xB176,5917,3}, {0xB177,5920,3},
    {0xB178,5923,2}, {0xB179,5925,3}, {0xB17A,5928,3}, {0xB17B,5931,3}, {0xB17C,5934,3}, {0xB17D,5937,3},
    {0xB17E,5940,3}, {0xB17F,5943,3}, {0xB180,5946,3}, {0xB181,5949,3}, {0xB182,5952,3}, {0xB183,5955,3},
    {0xB184,5958,3}, {0xB185,5961,3}, {0xB186,5964,3}, {0xB187,5967,3}, {0xB188,5970,3}, {0xB189,5973,3},
    {0xB18A,5976,3}, {0xB18B,5979,3}, {0xB18C,5982,3}, {0xB18D,5985,3}, {0xB18E,5988,3}, {0xB18F,5991,3},
    {0xB190,5994,3}, {0xB191,5997,3}, {0xB192,6000,3}, {0xB193,6003,3}, {0xB194,6006,2}, {0xB195,6008,3},
    {0xB196,6011,3}, {0xB197,6014,3}, {0xB198,6017,3}, {0xB199,6020,3}, {0xB19A,6023,3}, {0xB19B,6026,3},
    {0xB19C,6029,3}, {0xB19D,6032,3}, {0xB19E,6035,3}, {0xB19F,6038,3}, {0xB1A0,6041,3}, {0xB1A1,6044,3},
    {0xB1A2,6047,3}, {0xB1A3,6050,3}, {0xB1A4,6053,3}, {0xB1A5,6056,3}, {0xB1A6,6059,3}, {0xB1A7,6062,3},
    {0xB1A8,6065,3}, {0xB1A9,6068,3}, {0xB1AA,6071,3}, {0xB1AB,6074,3}, {0xB1AC,6077,3}, {0xB1AD,6080,3},
    {0xB1AE,6083,3}, {0xB1AF,6086,3}, {0xB1B0,6089,2}, {0xB1B1,6091,3}, {0xB1B2,6094,3}, {0xB1B3,6097,3},
    {0xB1B4,6100,3}, {0xB1B5,6103,3}, {0xB1B6,6106,3}, {0xB1B7,6109,3}, {0xB1B8,6112,3}, {0xB1B9,6115,3},
    {0xB1BA,6118,3}, {0xB1BB,6121,3}, {0xB1BC,6124,3}, {0xB1BD,6127,3}, {0xB1BE,6130,3}, {0xB1BF,6133,3},
    {0xB1C0,6136,3}, {0xB1C1,6139,3}, {0xB1C2,6142,3}, {0xB1C3,6145,3}, {0xB1C4,6148,3}, {0xB1C5,6151,3},
    {0xB1C6,6154,3}, {0xB1C7,6157,3}, {0xB1C8,6160,3}, {0xB1C9,6163,3}, {0xB1CA,6166,3}, {0xB1CB,6169,3},
    {0xB1CC,6172,2}, {0xB1CD,6174,3}, {0xB1CE,6177,3}, {0xB1CF,6180,3}, {0xB1D0,6183,3}, {0xB1D1,6186,3},
    {0xB1D2,6189,3}, {0xB1D3,6192,3}, {0xB1D4,6195,3}, {0xB1D5,6198,3}, {0xB1D6,6201,3}, {0xB1D7,6204,3},
    {0xB1D8,6207,3}, {0xB1D9,6210,3}, {0xB1DA,6213,3}, {0xB1DB,6216,3}, {0xB1DC,6219,3}, {0xB1DD,6222,3},
    {0xB1DE,6225,3}, {0xB1DF,6228,3}, {0xB1E0,6231,3}, {0xB1E1,6234,3}, {0xB1E2,6237,3}, {0xB1E3,6240,3},
    {0xB1E4,6243,3}, {0xB1E5,6246,3}, {0xB1E6,6249,3}, {0xB1E7,6252,3}, {0xB1E8,6255,2}, {0xB1E9,6257,3},
    {0xB1EA,6260,3}, {0xB1EB,6263,3}, {0xB1EC,6266,3}, {0xB1ED,6269,3}, {0xB1EE,6272,3}, {0xB1EF,6275,3},
    {0xB1F0,6278,3}, {0xB1F1,6281,3}, {0xB1F2,6284,3}, {0xB1F3,6287,3}, {0xB1F4,6290,3}, {0xB1F5,6293,3},
    {0xB1F6,6296,3}, {0xB1F7,6299,3}, {0xB1F8,6302,3}, {0xB1F9,6305,3}, {0xB1FA,6308,3}, {0xB1FB,6311,3},
    {0xB1FC,6314,3}, {0xB1FD,6317,3}, {0xB1FE,6320,3}, {0xB1FF,6323,3}, {0xB200,6326,3}, {0xB201,6329,3},
    {0xB202,6332,3}, {0xB203,6335,3}, {0xB204,6338,2}, {0xB205,6340,3}, {0xB206,6343,3}, {0xB207,6346,3},
    {0xB208,6349,3}, {0xB209,6352,3}, {0xB20A,6355,3}, {0xB20B,6358,3}, {0xB20C,6361,3}, {0xB20D,6364,3},
    {0xB20E,6367,3}, {0xB20F,6370,3}, {0xB210,6373,3}, {0xB211,6376,3}, {0xB212,6379,3}, {0xB213,6382,3},
    {0xB214,6385,3}, {0xB215,6388,3}, {0xB216,6391,3}, {0xB217,6394,3}, {0xB218,6397,3}, {0xB219,6400,3},
    {0xB21A,6403,3}, {0xB21B,6406,3}, {0xB21C,6409,3}, {0xB21D,6412,3}, {0xB21E,6415,3}, {0xB21F,6418,3},
    {0xB220,6421,2}, {0xB221,6423,3}, {0xB222,6426,3}, {0xB223,6429,3}, {0xB224,6432,3}, {0xB225,6435,3},
    {0xB226,6438,3}, {0xB227,6441,3}, {0xB228,6444,3}, {0xB229,6447,3}, {0xB22A,6450,3}, {0xB22B,6453,3},
    {0xB22C,6456,3}, {0xB22D,6459,3}, {0xB22E,6462,3}, {0xB22F,6465,3}, {0xB230,6468,3}, {0xB231,6471,3},
    {0xB232,6474,3}, {0xB233,6477,3}, {0xB234,6480,3}, {0xB235,6483,3}, {0xB236,6486,3}, {0xB237,6489,3},
    {0xB238,6492,3}, {0xB239,6495,3}, {0xB23A,6498,3}, {0xB23B,6501,3}, {0xB23C,6504,2}, {0xB23D,6506,3},
    {0xB23E,6509,3}, {0xB23F,6512,3}, {0xB240,6515,3}, {0xB241,6518,3}, {0xB242,6521,3}, {0xB243,6524,3},
    {0xB244,6527,3}, {0xB245,6530,3}, {0xB246,6533,3}, {0xB247,6536,3}, {0xB248,6539,3}, {0xB249,6542,3},
    {0xB24A,6545,3}, {0xB24B,6548,3}, {0xB24C,6551,3}, {0xB24D,6554,3}, {0xB24E,6557,3}, {0xB24F,6560,3},
    {0xB250,6563,3}, {0xB251,6566,3}, {0xB252,6569,3}, {0xB253,6572,3}, {0xB254,6575,3}, {0xB255,6578,3},
    {0xB256,6581,3}, {0xB257,6584,3}, {0xB258,6587,2}, {0xB259,6589,3}, {0xB25A,6592,3}, {0xB25B,6595,3},
    {0xB25C,6598,3}, {0xB25D,6601,3}, {0xB25E,6604,3}, {0xB25F,6607,3}, {0xB260,6610,3}, {0xB261,6613,3},
    {0xB262,6616,3}, {0xB263,6619,3}, {0xB264,6622,3}, {0xB265,6625,3}, {0xB266,6628,3}, {0xB267,6631,3},
    {0xB268,6634,3}, {0xB269,6637,3}, {0xB26A,6640,3}, {0xB26B,6643,3}, {0xB26C,6646,3}, {0xB26D,6649,3},
    {0xB26E,6652,3}, {0xB26F,6655,3}, {0xB270,6658,3}, {0xB271,6661,3}, {0xB272,6664,3}, {0xB273,6667,3},
    {0xB274,6670,2}, {0xB275,6672,3}, {0xB276,6675,3}, {0xB277,6678,3}, {0xB278,6681,3}, {0xB279,6684,3},
    {0xB27A,6687,3}, {0xB27B,6690,3}, {0xB27C,6693,3}, {0xB27D,6696,3}, {0xB27E,6699,3}, {0xB27F,6702,3},
    {0xB280,6705,3}, {0xB281,6708,3}, {0xB282,6711,3}, {0xB283,6714,3}, {0xB284,6717,3}, {0xB285,6720,3},
    {0xB286,6723,3}, {0xB287,6726,3}, {0xB288,6729,3}, {0xB289,6732,3}, {0xB28A,6735,3}, {0xB28B,6738,3},
    {0xB28C,6741,3}, {0xB28D,6744,3}, {0xB28E,6747,3}, {0xB28F,6750,3}, {0xB290,6753,2}, {0xB291,6755,3},
    {0xB292,6758,3}, {0xB293,6761,3}, {0xB294,6764,3}, {0xB295,6767,3}, {0xB296,6770,3}, {0xB297,6773,3},
    {0xB298,6776,3}, {0xB299,6779,3}, {0xB29A,6782,3}, {0xB29B,6785,3}, {0xB29C,6788,3}, {0xB29D,6791,3},
    {0xB29E,6794,3}, {0xB29F,6797,3}, {0xB2A0,6800,3}, {0xB2A1,6803,3}, {0xB2A2,6806,3}, {0xB2A3,6809,3},
    {0xB2A4,6812,3}, {0xB2A5,6815,3}, {0xB2A6,6818,3}, {0xB2A7,6821,3}, {0xB2A8,6824,3}, {0xB2A9,6827,3},
    {0xB2AA,6830,3}, {0xB2AB,6833,3}, {0xB2AC,6836,2}, {0xB2AD,6838,3}, {0xB2AE,6841,3}, {0xB2AF,6844,3},
    {0xB2B0,6847,3}, {0xB2B1,6850,3}, {0xB2B2,6853,3}, {0xB2B3,6856,3}, {0xB2B4,6859,3}, {0xB2B5,6862,3},
    {0xB2B6,6865,3}, {0xB2B7,6868,3}, {0xB2B8,6871,3}, {0xB2B9,6874,3}, {0xB2BA,6877,3}, {0xB2BB,6880,3},
    {0xB2BC,6883,3}, {0xB2BD,6886,3}, {0xB2BE,6889,3}, {0xB2BF,6892,3}, {0xB2C0,6895,3}, {0xB2C1,6898,3},
    {0xB2C2,6901,3}, {0xB2C3,6904,3}, {0xB2C4,6907,3}, {0xB2C5,6910,3}, {0xB2C6,6913,3}, {0xB2C7,6916,3},
    {0xB2C8,6919,2}, {0xB2C9,6921,3}, {0xB2CA,6924,3}, {0xB2CB,6927,3}, {0xB2CC,6930,3}, {0xB2CD,6933,3},
    {0xB2CE,6936,3}, {0xB2CF,6939,3}, {0xB2D0,6942,3}, {0xB2D1,6945,3}, {0xB2D2,6948,3}, {0xB2D3,6951,3},
    {0xB2D4,6954,3}, {0xB2D5,6957,3}, {0xB2D6,6960,3}, {0xB2D7,6963,3}, {0xB2D8,6966,3}, {0xB2D9,6969,3},
    {0xB2DA,6972,3}, {0xB2DB,6975,3}, {0xB2DC,6978,3}, {0xB2DD,6981,3}, {0xB2DE,6984,3}, {0xB2DF,6987,3},
    {0xB2E0,6990,3}, {0xB2E1,6993,3}, {0xB2E2,6996,3}, {0xB2E3,6999,3}, {0xB2E4,7002,2}, {0xB2E5,7004,3},
    {0xB2E6,7007,3}, {0xB2E7,7010,3}, {0xB2E8,7013,3}, {0xB2E9,7016,3}, {0xB2EA,7019,3}, {0xB2EB,7022,3},
    {0xB2EC,7025,3}, {0xB2ED,7028,3}, {0xB2EE,7031,3}, {0xB2EF,7034,3}, {0xB2F0,7037,3}, {0xB2F1,7040,3},
    {0xB2F2,7043,3}, {0xB2F3,7046,3}, {0xB2F4,7049,3}, {0xB2F5,7052,3}, {0xB2F6,7055,3}, {0xB2F7,7058,3},
    {0xB2F8,7061,3}, {0xB2F9,7064,3}, {0xB2FA,7067,3}, {0xB2FB,7070,3}, {0xB2FC,7073,3}, {0xB2FD,7076,3},
    {0xB2FE,7079,3}, {0xB2FF,7082,3}, {0xB300,7085,2}, {0xB301,7087,3}, {0xB302,7090,3}, {0xB303,7093,3},
    {0xB304,7096,3}, {0xB305,7099,3}, {0xB306,7102,3}, {0xB307,7105,3}, {0xB308,7108,3}, {0xB309,7111,3},
    {0xB30A,7114,3}, {0xB30B,7117,3}, {0xB30C,7120,3}, {0xB30D,7123,3}, {0xB30E,7126,3}, {0xB30F,7129,3},
    {0xB310,7132,3}, {0xB311,7135,3}, {0xB312,7138,3}, {0xB313,7141,3}, {0xB314,7144,3}, {0xB315,7147,3},
    {0xB316,7150,3}, {0xB317,7153,3}, {0xB318,7156,3}, {0xB319,7159,3}, {0xB31A,7162,3}, {0xB31B,7165,3},
    {0xB31C,7168,2}, {0xB31D,7170,3}, {0xB31E,7173,3}, {0xB31F,7176,3}, {0xB320,7179,3}, {0xB321,7182,3},
    {0xB322,7185,3}, {0xB323,7188,3}, {0xB324,7191,3}, {0xB325,7194,3}, {0xB326,7197,3}, {0xB327,7200,3},
    {0xB328,7203,3}, {0xB329,7206,3}, {0xB32A,7209,3}, {0xB32B,7212,3}, {0xB32C,7215,3}, {0xB32D,7218,3},
    {0xB32E,7221,3}, {0xB32F,7224,3}, {0xB330,7227,3}, {0xB331,7230,3}, {0xB332,7233,3}, {0xB333,7236,3},
    {0xB334,7239,3}, {0xB335,7242,3}, {0xB336,7245,3}, {0xB337,7248,3}, {0xB338,7251,2}, {0xB339,7253,3},
    {0xB33A,7256,3}, {0xB33B,7259,3}, {0xB33C,7262,3}, {0xB33D,7265,3}, {0xB33E,7268,3}, {0xB33F,7271,3},
    {0xB340,7274,3}, {0xB341,7277,3}, {0xB342,7280,3}, {0xB343,7283,3}, {0xB344,7286,3}, {0xB345,7289,3},
    {0xB346,7292,3}, {0xB347,7295,3}, {0xB348,7298,3}, {0xB349,7301,3}, {0xB34A,7304,3}, {0xB34B,7307,3},
    {0xB34C,7310,3}, {0xB34D,7313,3}, {0xB34E,7316,3}, {0xB34F,7319,3}, {0xB350,7322,3}, {0xB351,7325,3},
    {0xB352,7328,3}, {0xB353,7331,3}, {0xB354,7334,2}, {0xB355,7336,3}, {0xB356,7339,3}, {0xB357,7342,3},
    {0xB358,7345,3}, {0xB359,7348,3}, {0xB35A,7351,3}, {0xB35B,7354,3}, {0xB35C,7357,3}, {0xB35D,7360,3},
    {0xB35E,7363,3}, {0xB35F,7366,3}, {0xB360,7369,3}, {0xB361,7372,3}, {0xB362,7375,3}, {0xB363,7378,3},
    {0xB364,7381,3}, {0xB365,7384,3}, {0xB366,7387,3}, {0xB367,7390,3}, {0xB368,7393,3}, {0xB369,7396,3},
    {0xB36A,7399,3}, {0xB36B,7402,3}, {0xB36C,7405,3}, {0xB36D,7408,3}, {0xB36E,7411,3}, {0xB36F,7414,3},
    {0xB370,7417,2}, {0xB371,7419,3}, {0xB372,7422,3}, {0xB373,7425,3}, {0xB374,7428,3}, {0xB375,7431,3},
    {0xB376,7434,3}, {0xB377,7437,3}, {0xB378,7440,3}, {0xB379,7443,3}, {0xB37A,7446,3}, {0xB37B,7449,3},
    {0xB37C,7452,3}, {0xB37D,7455,3}, {0xB37E,7458,3}, {0xB37F,7461,3}, {0xB380,7464,3}, {0xB381,7467,3},
    {0xB382,7470,3}, {0xB383,7473,3}, {0xB384,7476,3}, {0xB385,7479,3}, {0xB386,7482,3}, {0xB387,7485,3},
    {0xB388,7488,3}, {0xB389,7491,3}, {0xB38A,7494,3}, {0xB38B,7497,3}, {0xB38C,7500,2}, {0xB38D,7502,3},
    {0xB38E,7505,3}, {0xB38F,7508,3}, {0xB390,7511,3}, {0xB391,7514,3}, {0xB392,7517,3}, {0xB393,7520,3},
    {0xB394,7523,3}, {0xB395,7526,3}, {0xB396,7529,3}, {0xB397,7532,3}, {0xB398,7535,3}, {0xB399,7538,3},
    {0xB39A,7541,3}, {0xB39B,7544,3}, {0xB39C,7547,3}, {0xB39D,7550,3}, {0xB39E,7553,3}, {0xB39F,7556,3},
    {0xB3A0,7559,3}, {0xB3A1,7562,3}, {0xB3A2,7565,3}, {0xB3A3,7568,3}, {0xB3A4,7571,3}, {0xB3A5,7574,3},
    {0xB3A6,7577,3}, {0xB3A7,7580,3}, {0xB3A8,7583,2}, {0xB3A9,7585,3}, {0xB3AA,7588,3}, {0xB3AB,7591,3},
    {0xB3AC,7594,3}, {0xB3AD,7597,3}, {0xB3AE,7600,3}, {0xB3AF,7603,3}, {0xB3B0,7606,3}, {0xB3B1,7609,3},
    {0xB3B2,7612,3}, {0xB3B3,7615,3}, {0xB3B4,7618,3}, {0xB3B5,7621,3}, {0xB3B6,7624,3}, {0xB3B7,7627,3},
    {0xB3B8,7630,3}, {0xB3B9,7633,3}, {0xB3BA,7636,3}, {0xB3BB,7639,3}, {0xB3BC,7642,3}, {0xB3BD,7645,3},
    {0xB3BE,7648,3}, {0xB3BF,7651,3}, {0xB3C0,7654,3}, {0xB3C1,7657,3}, {0xB3C2,7660,3}, {0xB3C3,7663,3},
    {0xB3C4,7666,2}, {0xB3C5,7668,3}, {0xB3C6,7671,3}, {0xB3C7,7674,3}, {0xB3C8,7677,3}, {0xB3C9,7680,3},
    {0xB3CA,7683,3}, {0xB3CB,7686,3}, {0xB3CC,7689,3}, {0xB3CD,7692,3}, {0xB3CE,7695,3}, {0xB3CF,7698,3},
    {0xB3D0,7701,3}, {0xB3D1,7704,3}, {0xB3D2,7707,3}, {0xB3D3,7710,3}, {0xB3D4,7713,3}, {0xB3D5,7716,3},
    {0xB3D6,7719,3}, {0xB3D7,7722,3}, {0xB3D8,7725,3}, {0xB3D9,7728,3}, {0xB3DA,7731,3}, {0xB3DB,7734,3},
    {0xB3DC,7737,3}, {0xB3DD,7740,3}, {0xB3DE,7743,3}, {0xB3DF,7746,3}, {0xB3E0,7749,2}, {0xB3E1,7751,3},
    {0xB3E2,7754,3}, {0xB3E3,7757,3}, {0xB3E4,7760,3}, {0xB3E5,7763,3}, {0xB3E6,7766,3}, {0xB3E7,7769,3},
    {0xB3E8,7772,3}, {0xB3E9,7775,3}, {0xB3EA,7778,3}, {0xB3EB,7781,3}, {0xB3EC,7784,3}, {0xB3ED,7787,3},
    {0xB3EE,7790,3}, {0xB3EF,7793,3}, {0xB3F0,7796,3}, {0xB3F1,7799,3}, {0xB3F2,7802,3}, {0xB3F3,7805,3},
    {0xB3F4,7808,3}, {0xB3F5,7811,3}, {0xB3F6,7814,3}, {0xB3F7,7817,3}, {0xB3F8,7820,3}, {0xB3F9,7823,3},
    {0xB3FA,7826,3}, {0xB3FB,7829,3}, {0xB3FC,7832,2}, {0xB3FD,7834,3}, {0xB3FE,7837,3}, {0xB3FF,7840,3},
    {0xB400,7843,3}, {0xB401,7846,3}, {0xB402,7849,3}, {0xB403,7852,3}, {0xB404,7855,3}, {0xB405,7858,3},
    {0xB406,7861,3}, {0xB407,7864,3}, {0xB408,7867,3}, {0xB409,7870,3}, {0xB40A,7873,3}, {0xB40B,7876,3},
    {0xB40C,7879,3}, {0xB40D,7882,3}, {0xB40E,7885,3}, {0xB40F,7888,3}, {0xB410,7891,3}, {0xB411,7894,3},
    {0xB412,7897,3}, {0xB413,7900,3}, {0xB414,7903,3}, {0xB415,7906,3}, {0xB416,7909,3}, {0xB417,7912,3},
    {0xB418,7915,2}, {0xB419,7917,3}, {0xB41A,7920,3}, {0xB41B,7923,3}, {0xB41C,7926,3}, {0xB41D,7929,3},
    {0xB41E,7932,3}, {0xB41F,7935,3}, {0xB420,7938,3}, {0xB421,7941,3}, {0xB422,7944,3}, {0xB423,7947,3},
    {0xB424,7950,3}, {0xB425,7953,3}, {0xB426,7956,3}, {0xB427,7959,3}, {0xB428,7962,3}, {0xB429,7965,3},
    {0xB42A,7968,3}, {0xB42B,7971,3}, {0xB42C,7974,3}, {0xB42D,7977,3}, {0xB42E,7980,3}, {0xB42F,7983,3},
    {0xB430,7986,3}, {0xB431,7989,3}, {0xB432,7992,3}, {0xB433,7995,3}, {0xB434,7998,2}, {0xB435,8000,3},
    {0xB436,8003,3}, {0xB437,8006,3}, {0xB438,8009,3}, {0xB439,8012,3}, {0xB43A,8015,3}, {0xB43B,8018,3},
    {0xB43C,8021,3}, {0xB43D,8024,3}, {0xB43E,8027,3}, {0xB43F,8030,3}, {0xB440,8033,3}, {0xB441,8036,3},
    {0xB442,8039,3}, {0xB443,8042,3}, {0xB444,8045,3}, {0xB445,8048,3}, {0xB446,8051,3}, {0xB447,8054,3},
    {0xB448,8057,3}, {0xB449,8060,3}, {0xB44A,8063,3}, {0xB44B,8066,3}, {0xB44C,8069,3}, {0xB44D,8072,3},
    {0xB44E,8075,3}, {0xB44F,8078,3}, {0xB450,8081,2}, {0xB451,8083,3}, {0xB452,8086,3}, {0xB453,8089,3},
    {0xB454,8092,3}, {0xB455,8095,3}, {0xB456,8098,3}, {0xB457,8101,3}, {0xB458,8104,3}, {0xB459,8107,3},
    {0xB45A,8110,3}, {0xB45B,8113,3}, {0xB45C,8116,3}, {0xB45D,8119,3}, {0xB45E,8122,3}, {0xB45F,8125,3},
    {0xB460,8128,3}, {0xB461,8131,3}, {0xB462,8134,3}, {0xB463,8137,3}, {0xB464,8140,3}, {0xB465,8143,3},
    {0xB466,8146,3}, {0xB467,8149,3}, {0xB468,8152,3}, {0xB469,8155,3}, {0xB46A,8158,3}, {0xB46B,8161,3},
    {0xB46C,8164,2}, {0xB46D,8166,3}, {0xB46E,8169,3}, {0xB46F,8172,3}, {0xB470,8175,3}, {0xB471,8178,3},
    {0xB472,8181,3}, {0xB473,8184,3}, {0xB474,8187,3}, {0xB475,8190,3}, {0xB476,8193,3}, {0xB477,8196,3},
    {0xB478,8199,3}, {0xB479,8202,3}, {0xB47A,8205,3}, {0xB47B,8208,3}, {0xB47C,8211,3}, {0xB47D,8214,3},
    {0xB47E,8217,3}, {0xB47F,8220,3}, {0xB480,8223,3}, {0xB481,8226,3}, {0xB482,8229,3}, {0xB483,8232,3},
    {0xB484,8235,3}, {0xB485,8238,3}, {0xB486,8241,3}, {0xB487,8244,3}, {0xB488,8247,2}, {0xB489,8249,3},
    {0xB48A,8252,3}, {0xB48B,8255,3}, {0xB48C,8258,3}, {0xB48D,8261,3}, {0xB48E,8264,3}, {0xB48F,8267,3},
    {0xB490,8270,3}, {0xB491,8273,3}, {0xB492,8276,3}, {0xB493,8279,3}, {0xB494,8282,3}, {0xB495,8285,3},
    {0xB496,8288,3}, {0xB497,8291,3}, {0xB498,8294,3}, {0xB499,8297,3}, {0xB49A,8300,3}, {0xB49B,8303,3},
    {0xB49C,8306,3}, {0xB49D,8309,3}, {0xB49E,8312,3}, {0xB49F,8315,3}, {0xB4A0,8318,3}, {0xB4A1,8321,3},
    {0xB4A2,8324,3}, {0xB4A3,8327,3}, {0xB4A4,8330,2}, {0xB4A5,8332,3}, {0xB4A6,8335,3}, {0xB4A7,8338,3},
    {0xB4A8,8341,3}, {0xB4A9,8344,3}, {0xB4AA,8347,3}, {0xB4AB,8350,3}, {0xB4AC,8353,3}, {0xB4AD,8356,3},
    {0xB4AE,8359,3}, {0xB4AF,8362,3}, {0xB4B0,8365,3}, {0xB4B1,8368,3}, {0xB4B2,8371,3}, {0xB4B3,8374,3},
    {0xB4B4,8377,3}, {0xB4B5,8380,3}, {0xB4B6,8383,3}, {0xB4B7,8386,3}, {0xB4B8,8389,3}, {0xB4B9,8392,3},
    {0xB4BA,8395,3}, {0xB4BB,8398,3}, {0xB4BC,8401,3}, {0xB4BD,8404,3}, {0xB4BE,8407,3}, {0xB4BF,8410,3},
    {0xB4C0,8413,2}, {0xB4C1,8415,3}, {0xB4C2,8418,3}, {0xB4C3,8421,3}, {0xB4C4,8424,3}, {0xB4C5,8427,3},
    {0xB4C6,8430,3}, {0xB4C7,8433,3}, {0xB4C8,8436,3}, {0xB4C9,8439,3}, {0xB4CA,8442,3}, {0xB4CB,8445,3},
    {0xB4CC,8448,3}, {0xB4CD,8451,3}, {0xB4CE,8454,3}, {0xB4CF,8457,3}, {0xB4D0,8460,3}, {0xB4D1,8463,3},
    {0xB4D2,8466,3}, {0xB4D3,8469,3}, {0xB4D4,8472,3}, {0xB4D5,8475,3}, {0xB4D6,8478,3}, {0xB4D7,8481,3},
    {0xB4D8,8484,3}, {0xB4D9,8487,3}, {0xB4DA,8490,3}, {0xB4DB,8493,3}, {0xB4DC,8496,2}, {0xB4DD,8498,3},
    {0xB4DE,8501,3}, {0xB4DF,8504,3}, {0xB4E0,8507,3}, {0xB4E1,8510,3}, {0xB4E2,8513,3}, {0xB4E3,8516,3},
    {0xB4E4,8519,3}, {0xB4E5,8522,3}, {0xB4E6,8525,3}, {0xB4E7,8528,3}, {0xB4E8,8531,3}, {0xB4E9,8534,3},
    {0xB4EA,8537,3}, {0xB4EB,8540,3}, {0xB4EC,8543,3}, {0xB4ED,8546,3}, {0xB4EE,8549,3}, {0xB4EF,8552,3},
    {0xB4F0,8555,3}, {0xB4F1,8558,3}, {0xB4F2,8561,3}, {0xB4F3,8564,3}, {0xB4F4,8567,3}, {0xB4F5,8570,3},
    {0xB4F6,8573,3}, {0xB4F7,8576,3}, {0xB4F8,8579,2}, {0xB4F9,8581,3}, {0xB4FA,8584,3}, {0xB4FB,8587,3},
    {0xB4FC,8590,3}, {0xB4FD,8593,3}, {0xB4FE,8596,3}, {0xB4FF,8599,3}, {0xB500,8602,3}, {0xB501,8605,3},
    {0xB502,8608,3}, {0xB503,8611,3}, {0xB504,8614,3}, {0xB505,8617,3}, {0xB506,8620,3}, {0xB507,8623,3},
    {0xB508,8626,3}, {0xB509,8629,3}, {0xB50A,8632,3}, {0xB50B,8635,3}, {0xB50C,8638,3}, {0xB50D,8641,3},
    {0xB50E,8644,3}, {0xB50F,8647,3}, {0xB510,8650,3}, {0xB511,8653,3}, {0xB512,8656,3}, {0xB513,8659,3},
    {0xB514,8662,2}, {0xB515,8664,3}, {0xB516,8667,3}, {0xB517,8670,3}, {0xB518,8673,3}, {0xB519,8676,3},
    {0xB51A,8679,3}, {0xB51B,8682,3}, {0xB51C,8685,3}, {0xB51D,8688,3}, {0xB51E,8691,3}, {0xB51F,8694,3},
    {0xB520,8697,3}, {0xB521,8700,3}, {0xB522,8703,3}, {0xB523,8706,3}, {0xB524,8709,3}, {0xB525,8712,3},
    {0xB526,8715,3}, {0xB527,8718,3}, {0xB528,8721,3}, {0xB529,8724,3}, {0xB52A,8727,3}, {0xB52B,8730,3},
    {0xB52C,8733,3}, {0xB52D,8736,3}, {0xB52E,8739,3}, {0xB52F,8742,3}, {0xB530,8745,2}, {0xB531,8747,3},
    {0xB532,8750,3}, {0xB533,8753,3}, {0xB534,8756,3}, {0xB535,8759,3}, {0xB536,8762,3}, {0xB537,8765,3},
    {0xB538,8768,3}, {0xB539,8771,3}, {0xB53A,8774,3}, {0xB53B,8777,3}, {0xB53C,8780,3}, {0xB53D,8783,3},
    {0xB53E,8786,3}, {0xB53F,8789,3}, {0xB540,8792,3}, {0xB541,8795,3}, {0xB542,8798,3}, {0xB543,8801,3},
    {0xB544,8804,3}, {0xB545,8807,3}, {0xB546,8810,3}, {0xB547,8813,3}, {0xB548,8816,3}, {0xB549,8819,3},
    {0xB54A,8822,3}, {0xB54B,8825,3}, {0xB54C,8828,2}, {0xB54D,8830,3}, {0xB54E,8833,3}, {0xB54F,8836,3},
    {0xB550,8839,3}, {0xB551,8842,3}, {0xB552,8845,3}, {0xB553,8848,3}, {0xB554,8851,3}, {0xB555,8854,3},
    {0xB556,8857,3}, {0xB557,8860,3}, {0xB558,8863,3}, {0xB559,8866,3}, {0xB55A,8869,3}, {0xB55B,8872,3},
    {0xB55C,8875,3}, {0xB55D,8878,3}, {0xB55E,8881,3}, {0xB55F,8884,3}, {0xB560,8887,3}, {0xB561,8890,3},
    {0xB562,8893,3}, {0xB563,8896,3}, {0xB564,8899,3}, {0xB565,8902,3}, {0xB566,8905,3}, {0xB567,8908,3},
    {0xB568,8911,2}, {0xB569,8913,3}, {0xB56A,8916,3}, {0xB56B,8919,3}, {0xB56C,8922,3}, {0xB56D,8925,3},
    {0xB56E,8928,3}, {0xB56F,8931,3}, {0xB570,8934,3}, {0xB571,8937,3}, {0xB572,8940,3}, {0xB573,8943,3},
    {0xB574,8946,3}, {0xB575,8949,3}, {0xB576,8952,3}, {0xB577,8955,3}, {0xB578,8958,3}, {0xB579,8961,3},
    {0xB57A,8964,3}, {0xB57B,8967,3}, {0xB57C,8970,3}, {0xB57D,8973,3}, {0xB57E,8976,3}, {0xB57F,8979,3},
    {0xB580,8982,3}, {0xB581,8985,3}, {0xB582,8988,3}, {0xB583,8991,3}, {0xB584,8994,2}, {0xB585,8996,3},
    {0xB586,8999,3}, {0xB587,9002,3}, {0xB588,9005,3}, {0xB589,9008,3}, {0xB58A,9011,3}, {0xB58B,9014,3},
    {0xB58C,9017,3}, {0xB58D,9020,3}, {0xB58E,9023,3}, {0xB58F,9026,3}, {0xB590,9029,3}, {0xB591,9032,3},
    {0xB592,9035,3}, {0xB593,9038,3}, {0xB594,9041,3}, {0xB595,9044,3}, {0xB596,9047,3}, {0xB597,9050,3},
    {0xB598,9053,3}, {0xB599,9056,3}, {0xB59A,9059,3}, {0xB59B,9062,3}, {0xB59C,9065,3}, {0xB59D,9068,3},
    {0xB59E,9071,3}, {0xB59F,9074,3}, {0xB5A0,9077,2}, {0xB5A1,9079,3}, {0xB5A2,9082,3}, {0xB5A3,9085,3},
    {0xB5A4,9088,3}, {0xB5A5,9091,3}, {0xB5A6,9094,3}, {0xB5A7,9097,3}, {0xB5A8,9100,3}, {0xB5A9,9103,3},
    {0xB5AA,9106,3}, {0xB5AB,9109,3}, {0xB5AC,9112,3}, {0xB5AD,9115,3}, {0xB5AE,9118,3}, {0xB5AF,9121,3},
    {0xB5B0,9124,3}, {0xB5B1,9127,3}, {0xB5B2,9130,3}, {0xB5B3,9133,3}, {0xB5B4,9136,3}, {0xB5B5,9139,3},
    {0xB5B6,9142,3}, {0xB5B7,9145,3}, {0xB5B8,9148,3}, {0xB5B9,9151,3}, {0xB5BA,9154,3}, {0xB5BB,9157,3},
    {0xB5BC,9160,2}, {0xB5BD,9162,3}, {0xB5BE,9165,3}, {0xB5BF,9168,3}, {0xB5C0,9171,3}, {0xB5C1,9174,3},
    {0xB5C2,9177,3}, {0xB5C3,9180,3}, {0xB5C4,9183,3}, {0xB5C5,9186,3}, {0xB5C6,9189,3}, {0xB5C7,9192,3},
    {0xB5C8,9195,3}, {0xB5C9,9198,3}, {0xB5CA,9201,3}, {0xB5CB,9204,3}, {0xB5CC,9207,3}, {0xB5CD,9210,3},
    {0xB5CE,9213,3}, {0xB5CF,9216,3}, {0xB5D0,9219,3}, {0xB5D1,9222,3}, {0xB5D2,9225,3}, {0xB5D3,9228,3},
    {0xB5D4,9231,3}, {0xB5D5,9234,3}, {0xB5D6,9237,3}, {0xB5D7,9240,3}, {0xB5D8,9243,2}, {0xB5D9,9245,3},
    {0xB5DA,9248,3}, {0xB5DB,9251,3}, {0xB5DC,9254,3}, {0xB5DD,9257,3}, {0xB5DE,9260,3}, {0xB5DF,9263,3},
    {0xB5E0,9266,3}, {0xB5E1,9269,3}, {0xB5E2,9272,3}, {0xB5E3,9275,3}, {0xB5E4,9278,3}, {0xB5E5,9281,3},
    {0xB5E6,9284,3}, {0xB5E7,9287,3}, {0xB5E8,9290,3}, {0xB5E9,9293,3}, {0xB5EA,9296,3}, {0xB5EB,9299,3},
    {0xB5EC,9302,3}, {0xB5ED,9305,3}, {0xB5EE,9308,3}, {0xB5EF,9311,3}, {0xB5F0,9314,3}, {0xB5F1,9317,3},
    {0xB5F2,9320,3}, {0xB5F3,9323,3}, {0xB5F4,9326,2}, {0xB5F5,9328,3}, {0xB5F6,9331,3}, {0xB5F7,9334,3},
    {0xB5F8,9337,3}, {0xB5F9,9340,3}, {0xB5FA,9343,3}, {0xB5FB,9346,3}, {0xB5FC,9349,3}, {0xB5FD,9352,3},
    {0xB5FE,9355,3}, {0xB5FF,9358,3}, {0xB600,9361,3}, {0xB601,9364,3}, {0xB602,9367,3}, {0xB603,9370,3},
    {0xB604,9373,3}, {0xB605,9376,3}, {0xB606,9379,3}, {0xB607,9382,3}, {0xB608,9385,3}, {0xB609,9388,3},
    {0xB60A,9391,3}, {0xB60B,9394,3}, {0xB60C,9397,3}, {0xB60D,9400,3}, {0xB60E,9403,3}, {0xB60F,9406,3},
    {0xB610,9409,2}, {0xB611,9411,3}, {0xB612,9414,3}, {0xB613,9417,3}, {0xB614,9420,3}, {0xB615,9423,3},
    {0xB616,9426,3}, {0xB617,9429,3}, {0xB618,9432,3}, {0xB619,9435,3}, {0xB61A,9438,3}, {0xB61B,9441,3},
    {0xB61C,9444,3}, {0xB61D,9447,3}, {0xB61E,9450,3}, {0xB61F,9453,3}, {0xB620,9456,3}, {0xB621,9459,3},
    {0xB622,9462,3}, {0xB623,9465,3}, {0xB624,9468,3}, {0xB625,9471,3}, {0xB626,9474,3}, {0xB627,9477,3},
    {0xB628,9480,3}, {0xB629,9483,3}, {0xB62A,9486,3}, {0xB62B,9489,3}, {0xB62C,9492,2}, {0xB62D,9494,3},
    {0xB62E,9497,3}, {0xB62F,9500,3}, {0xB630,9503,3}, {0xB631,9506,3}, {0xB632,9509,3}, {0xB633,9512,3},
    {0xB634,9515,3}, {0xB635,9518,3}, {0xB636,9521,3}, {0xB637,9524,3}, {0xB638,9527,3}, {0xB639,9530,3},
    {0xB63A,9533,3}, {0xB63B,9536,3}, {0xB63C,9539,3}, {0xB63D,9542,3}, {0xB63E,9545,3}, {0xB63F,9548,3},
    {0xB640,9551,3}, {0xB641,9554,3}, {0xB642,9557,3}, {0xB643,9560,3}, {0xB644,9563,3}, {0xB645,9566,3},
    {0xB646,9569,3}, {0xB647,9572,3}, {0xB648,9575,2}, {0xB649,9577,3}, {0xB64A,9580,3}, {0xB64B,9583,3},
    {0xB64C,9586,3}, {0xB64D,9589,3}, {0xB64E,9592,3}, {0xB64F,9595,3}, {0xB650,9598,3}, {0xB651,9601,3},
    {0xB652,9604,3}, {0xB653,9607,3}, {0xB654,9610,3}, {0xB655,9613,3}, {0xB656,9616,3}, {0xB657,9619,3},
    {0xB658,9622,3}, {0xB659,9625,3}, {0xB65A,9628,3}, {0xB65B,9631,3}, {0xB65C,9634,3}, {0xB65D,9637,3},
    {0xB65E,9640,3}, {0xB65F,9643,3}, {0xB660,9646,3}, {0xB661,9649,3}, {0xB662,9652,3}, {0xB663,9655,3},
    {0xB664,9658,2}, {0xB665,9660,3}, {0xB666,9663,3}, {0xB667,9666,3}, {0xB668,9669,3}, {0xB669,9672,3},
    {0xB66A,9675,3}, {0xB66B,9678,3}, {0xB66C,9681,3}, {0xB66D,9684,3}, {0xB66E,9687,3}, {0xB66F,9690,3},
    {0xB670,9693,3}, {0xB671,9696,3}, {0xB672,9699,3}, {0xB673,9702,3}, {0xB674,9705,3}, {0xB675,9708,3},
    {0xB676,9711,3}, {0xB677,9714,3}, {0xB678,9717,3}, {0xB679,9720,3}, {0xB67A,9723,3}, {0xB67B,9726,3},
    {0xB67C,9729,3}, {0xB67D,9732,3}, {0xB67E,9735,3}, {0xB67F,9738,3}, {0xB680,9741,2}, {0xB681,9743,3},
    {0xB682,9746,3}, {0xB683,9749,3}, {0xB684,9752,3}, {0xB685,9755,3}, {0xB686,9758,3}, {0xB687,9761,3},
    {0xB688,9764,3}, {0xB689,9767,3}, {0xB68A,9770,3}, {0xB68B,9773,3}, {0xB68C,9776,3}, {0xB68D,9779,3},
    {0xB68E,9782,3}, {0xB68F,9785,3}, {0xB690,9788,3}, {0xB691,9791,3}, {0xB692,9794,3}, {0xB693,9797,3},
    {0xB694,9800,3}, {0xB695,9803,3}, {0xB696,9806,3}, {0xB697,9809,3}, {0xB698,9812,3}, {0xB699,9815,3},
    {0xB69A,9818,3}, {0xB69B,9821,3}, {0xB69C,9824,2}, {0xB69D,9826,3}, {0xB69E,9829,3}, {0xB69F,9832,3},
    {0xB6A0,9835,3}, {0xB6A1,9838,3}, {0xB6A2,9841,3}, {0xB6A3,9844,3}, {0xB6A4,9847,3}, {0xB6A5,9850,3},
    {0xB6A6,9853,3}, {0xB6A7,9856,3}, {0xB6A8,9859,3}, {0xB6A9,9862,3}, {0xB6AA,9865,3}, {0xB6AB,9868,3},
    {0xB6AC,9871,3}, {0xB6AD,9874,3}, {0xB6AE,9877,3}, {0xB6AF,9880,3}, {0xB6B0,9883,3}, {0xB6B1,9886,3},
    {0xB6B2,9889,3}, {0xB6B3,9892,3}, {0xB6B4,9895,3}, {0xB6B5,9898,3}, {0xB6B6,9901,3}, {0xB6B7,9904,3},
    {0xB6B8,9907,2}, {0xB6B9,9909,3}, {0xB6BA,9912,3}, {0xB6BB,9915,3}, {0xB6BC,9918,3}, {0xB6BD,9921,3},
    {0xB6BE,9924,3}, {0xB6BF,9927,3}, {0xB6C0,9930,3}, {0xB6C1,9933,3}, {0xB6C2,9936,3}, {0xB6C3,9939,3},
    {0xB6C4,9942,3}, {0xB6C5,9945,3}, {0xB6C6,9948,3}, {0xB6C7,9951,3}, {0xB6C8,9954,3}, {0xB6C9,9957,3},
    {0xB6CA,9960,3}, {0xB6CB,9963,3}, {0xB6CC,9966,3}, {0xB6CD,9969,3}, {0xB6CE,9972,3}, {0xB6CF,9975,3},
    {0xB6D0,9978,3}, {0xB6D1,9981,3}, {0xB6D2,9984,3}, {0xB6D3,9987,3}, {0xB6D4,9990,2}, {0xB6D5,9992,3},
    {0xB6D6,9995,3}, {0xB6D7,9998,3}, {0xB6D8,10001,3}, {0xB6D9,10004,3}, {0xB6DA,10007,3}, {0xB6DB,10010,3},
    {0xB6DC,10013,3}, {0xB6DD,10016,3}, {0xB6DE,10019,3}, {0xB6DF,10022,3}, {0xB6E0,10025,3}, {0xB6E1,10028,3},
    {0xB6E2,10031,3}, {0xB6E3,10034,3}, {0xB6E4,10037,3}, {0xB6E5,10040,3}, {0xB6E6,10043,3}, {0xB6E7,10046,3},
    {0xB6E8,10049,3}, {0xB6E9,10052,3}, {0xB6EA,10055,3}, {0xB6EB,10058,3}, {0xB6EC,10061,3}, {0xB6ED,10064,3},
    {0xB6EE,10067,3}, {0xB6EF,10070,3}, {0xB6F0,10073,2}, {0xB6F1,10075,3}, {0xB6F2,10078,3}, {0xB6F3,10081,3},
    {0xB6F4,10084,3}, {0xB6F5,10087,3}, {0xB6F6,10090,3}, {0xB6F7,10093,3}, {0xB6F8,10096,3}, {0xB6F9,10099,3},
    {0xB6FA,10102,3}, {0xB6FB,10105,3}, {0xB6FC,10108,3}, {0xB6FD,10111,3}, {0xB6FE,10114,3}, {0xB6FF,10117,3},
    {0xB700,10120,3}, {0xB701,10123,3}, {0xB702,10126,3}, {0xB703,10129,3}, {0xB704,10132,3}, {0xB705,10135,3},
    {0xB706,10138,3}, {0xB707,10141,3}, {0xB708,10144,3}, {0xB709,10147,3}, {0xB70A,10150,3}, {0xB70B,10153,3},
    {0xB70C,10156,2}, {0xB70D,10158,3}, {0xB70E,10161,3}, {0xB70F,10164,3}, {0xB710,10167,3}, {0xB711,10170,3},
    {0xB712,10173,3}, {0xB713,10176,3}, {0xB714,10179,3}, {0xB715,10182,3}, {0xB716,10185,3}, {0xB717,10188,3},
    {0xB718,10191,3}, {0xB719,10194,3}, {0xB71A,10197,3}, {0xB71B,10200,3}, {0xB71C,10203,3}, {0xB71D,10206,3},
    {0xB71E,10209,3}, {0xB71F,10212,3}, {0xB720,10215,3}, {0xB721,10218,3}, {0xB722,10221,3}, {0xB723,10224,3},
    {0xB724,10227,3}, {0xB725,10230,3}, {0xB726,10233,3}, {0xB727,10236,3}, {0xB728,10239,2}, {0xB729,10241,3},
    {0xB72A,10244,3}, {0xB72B,10247,3}, {0xB72C,10250,3}, {0xB72D,10253,3}, {0xB72E,10256,3}, {0xB72F,10259,3},
    {0xB730,10262,3}, {0xB731,10265,3}, {0xB732,10268,3}, {0xB733,10271,3}, {0xB734,10274,3}, {0xB735,10277,3},
    {0xB736,10280,3}, {0xB737,10283,3}, {0xB738,10286,3}, {0xB739,10289,3}, {0xB73A,10292,3}, {0xB73B,10295,3},
    {0xB73C,10298,3}, {0xB73D,10301,3}, {0xB73E,10304,3}, {0xB73F,10307,3}, {0xB740,10310,3}, {0xB741,10313,3},
    {0xB742,10316,3}, {0xB743,10319,3}, {0xB744,10322,2}, {0xB745,10324,3}, {0xB746,10327,3}, {0xB747,10330,3},
    {0xB748,10333,3}, {0xB749,10336,3}, {0xB74A,10339,3}, {0xB74B,10342,3}, {0xB74C,10345,3}, {0xB74D,10348,3},
    {0xB74E,10351,3}, {0xB74F,10354,3}, {0xB750,10357,3}, {0xB751,10360,3}, {0xB752,10363,3}, {0xB753,10366,3},
    {0xB754,10369,3}, {0xB755,10372,3}, {0xB756,10375,3}, {0xB757,10378,3}, {0xB758,10381,3}, {0xB759,10384,3},
    {0xB75A,10387,3}, {0xB75B,10390,3}, {0xB75C,10393,3}, {0xB75D,10396,3}, {0xB75E,10399,3}, {0xB75F,10402,3},
    {0xB760,10405,2}, {0xB761,10407,3}, {0xB762,10410,3}, {0xB763,10413,3}, {0xB764,10416,3}, {0xB765,10419,3},
    {0xB766,10422,3}, {0xB767,10425,3}, {0xB768,10428,3}, {0xB769,10431,3}, {0xB76A,10434,3}, {0xB76B,10437,3},
    {0xB76C,10440,3}, {0xB76D,10443,3}, {0xB76E,10446,3}, {0xB76F,10449,3}, {0xB770,10452,3}, {0xB771,10455,3},
    {0xB772,10458,3}, {0xB773,10461,3}, {0xB774,10464,3}, {0xB775,10467,3}, {0xB776,10470,3}, {0xB777,10473,3},
    {0xB778,10476,3}, {0xB779,10479,3}, {0xB77A,10482,3}, {0xB77B,10485,3}, {0xB77C,10488,2}, {0xB77D,10490,3},
    {0xB77E,10493,3}, {0xB77F,10496,3}, {0xB780,10499,3}, {0xB781,10502,3}, {0xB782,10505,3}, {0xB783,10508,3},
    {0xB784,10511,3}, {0xB785,10514,3}, {0xB786,10517,3}, {0xB787,10520,3}, {0xB788,10523,3}, {0xB789,10526,3},
    {0xB78A,10529,3}, {0xB78B,10532,3}, {0xB78C,10535,3}, {0xB78D,10538,3}, {0xB78E,10541,3}, {0xB78F,10544,3},
    {0xB790,10547,3}, {0xB791,10550,3}, {0xB792,10553,3}, {0xB793,10556,3}, {0xB794,10559,3}, {0xB795,10562,3},
    {0xB796,10565,3}, {0xB797,10568,3}, {0xB798,10571,2}, {0xB799,10573,3}, {0xB79A,10576,3}, {0xB79B,10579,3},
    {0xB79C,10582,3}, {0xB79D,10585,3}, {0xB79E,10588,3}, {0xB79F,10591,3}, {0xB7A0,10594,3}, {0xB7A1,10597,3},
    {0xB7A2,10600,3}, {0xB7A3,10603,3}, {0xB7A4,10606,3}, {0xB7A5,10609,3}, {0xB7A6,10612,3}, {0xB7A7,10615,3},
    {0xB7A8,10618,3}, {0xB7A9,10621,3}, {0xB7AA,10624,3}, {0xB7AB,10627,3}, {0xB7AC,10630,3}, {0xB7AD,10633,3},
    {0xB7AE,10636,3}, {0xB7AF,10639,3}, {0xB7B0,10642,3}, {0xB7B1,10645,3}, {0xB7B2,10648,3}, {0xB7B3,10651,3},
    {0xB7B4,10654,2}, {0xB7B5,10656,3}, {0xB7B6,10659,3}, {0xB7B7,10662,3}, {0xB7B8,10665,3}, {0xB7B9,10668,3},
    {0xB7BA,10671,3}, {0xB7BB,10674,3}, {0xB7BC,10677,3}, {0xB7BD,10680,3}, {0xB7BE,10683,3}, {0xB7BF,10686,3},
    {0xB7C0,10689,3}, {0xB7C1,10692,3}, {0xB7C2,10695,3}, {0xB7C3,10698,3}, {0xB7C4,10701,3}, {0xB7C5,10704,3},
    {0xB7C6,10707,3}, {0xB7C7,10710,3}, {0xB7C8,10713,3}, {0xB7C9,10716,3}, {0xB7CA,10719,3}, {0xB7CB,10722,3},
    {0xB7CC,10725,3}, {0xB7CD,10728,3}, {0xB7CE,10731,3}, {0xB7CF,10734,3}, {0xB7D0,10737,2}, {0xB7D1,10739,3},
    {0xB7D2,10742,3}, {0xB7D3,10745,3}, {0xB7D4,10748,3}, {0xB7D5,10751,3}, {0xB7D6,10754,3}, {0xB7D7,10757,3},
    {0xB7D8,10760,3}, {0xB7D9,10763,3}, {0xB7DA,10766,3}, {0xB7DB,10769,3}, {0xB7DC,10772,3}, {0xB7DD,10775,3},
    {0xB7DE,10778,3}, {0xB7DF,10781,3}, {0xB7E0,10784,3}, {0xB7E1,10787,3}, {0xB7E2,10790,3}, {0xB7E3,10793,3},
    {0xB7E4,10796,3}, {0xB7E5,10799,3}, {0xB7E6,10802,3}, {0xB7E7,10805,3}, {0xB7E8,10808,3}, {0xB7E9,10811,3},
    {0xB7EA,10814,3}, {0xB7EB,10817,3}, {0xB7EC,10820,2}, {0xB7ED,10822,3}, {0xB7EE,10825,3}, {0xB7EF,10828,3},
    {0xB7F0,10831,3}, {0xB7F1,10834,3}, {0xB7F2,10837,3}, {0xB7F3,10840,3}, {0xB7F4,10843,3}, {0xB7F5,10846,3},
    {0xB7F6,10849,3}, {0xB7F7,10852,3}, {0xB7F8,10855,3}, {0xB7F9,10858,3}, {0xB7FA,10861,3}, {0xB7FB,10864,3},
    {0xB7FC,10867,3}, {0xB7FD,10870,3}, {0xB7FE,10873,3}, {0xB7FF,10876,3}, {0xB800,10879,3}, {0xB801,10882,3},
    {0xB802,10885,3}, {0xB803,10888,3}, {0xB804,10891,3}, {0xB805,10894,3}, {0xB806,10897,3}, {0xB807,10900,3},
    {0xB808,10903,2}, {0xB809,10905,3}, {0xB80A,10908,3}, {0xB80B,10911,3}, {0xB80C,10914,3}, {0xB80D,10917,3},
    {0xB80E,10920,3}, {0xB80F,10923,3}, {0xB810,10926,3}, {0xB811,10929,3}, {0xB812,10932,3}, {0xB813,10935,3},
    {0xB814,10938,3}, {0xB815,10941,3}, {0xB816,10944,3}, {0xB817,10947,3}, {0xB818,10950,3}, {0xB819,10953,3},
    {0xB81A,10956,3}, {0xB81B,10959,3}, {0xB81C,10962,3}, {0xB81D,10965,3}, {0xB81E,10968,3}, {0xB81F,10971,3},
    {0xB820,10974,3}, {0xB821,10977,3}, {0xB822,10980,3}, {0xB823,10983,3}, {0xB824,10986,2}, {0xB825,10988,3},
    {0xB826,10991,3}, {0xB827,10994,3}, {0xB828,10997,3}, {0xB829,11000,3}, {0xB82A,11003,3}, {0xB82B,11006,3},
    {0xB82C,11009,3}, {0xB82D,11012,3}, {0xB82E,11015,3}, {0xB82F,11018,3}, {0xB830,11021,3}, {0xB831,11024,3},
    {0xB832,11027,3}, {0xB833,11030,3}, {0xB834,11033,3}, {0xB835,11036,3}, {0xB836,11039,3}, {0xB837,11042,3},
    {0xB838,11045,3}, {0xB839,11048,3}, {0xB83A,11051,3}, {0xB83B,11054,3}, {0xB83C,11057,3}, {0xB83D,11060,3},
    {0xB83E,11063,3}, {0xB83F,11066,3}, {0xB840,11069,2}, {0xB841,11071,3}, {0xB842,11074,3}, {0xB843,11077,3},
    {0xB844,11080,3}, {0xB845,11083,3}, {0xB846,11086,3}, {0xB847,11089,3}, {0xB848,11092,3}, {0xB849,11095,3},
    {0xB84A,11098,3}, {0xB84B,11101,3}, {0xB84C,11104,3}, {0xB84D,11107,3}, {0xB84E,11110,3}, {0xB84F,11113,3},
    {0xB850,11116,3}, {0xB851,11119,3}, {0xB852,11122,3}, {0xB853,11125,3}, {0xB854,11128,3}, {0xB855,11131,3},
    {0xB856,11134,3}, {0xB857,11137,3}, {0xB858,11140,3}, {0xB859,11143,3}, {0xB85A,11146,3}, {0xB85B,11149,3},
    {0xB85C,11152,2}, {0xB85D,11154,3}, {0xB85E,11157,3}, {0xB85F,11160,3}, {0xB860,11163,3}, {0xB861,11166,3},
    {0xB862,11169,3}, {0xB863,11172,3}, {0xB864,11175,3}, {0xB865,11178,3}, {0xB866,11181,3}, {0xB867,11184,3},
    {0xB868,11187,3}, {0xB869,11190,3}, {0xB86A,11193,3}, {0xB86B,11196,3}, {0xB86C,11199,3}, {0xB86D,11202,3},
    {0xB86E,11205,3}, {0xB86F,11208,3}, {0xB870,11211,3}, {0xB871,11214,3}, {0xB872,11217,3}, {0xB873,11220,3},
    {0xB874,11223,3}, {0xB875,11226,3}, {0xB876,11229,3}, {0xB877,11232,3}, {0xB878,11235,2}, {0xB879,11237,3},
    {0xB87A,11240,3}, {0xB87B,11243,3}, {0xB87C,11246,3}, {0xB87D,11249,3}, {0xB87E,11252,3}, {0xB87F,11255,3},
    {0xB880,11258,3}, {0xB881,11261,3}, {0xB882,11264,3}, {0xB883,11267,3}, {0xB884,11270,3}, {0xB885,11273,3},
    {0xB886,11276,3}, {0xB887,11279,3}, {0xB888,11282,3}, {0xB889,11285,3}, {0xB88A,11288,3}, {0xB88B,11291,3},
    {0xB88C,11294,3}, {0xB88D,11297,3}, {0xB88E,11300,3}, {0xB88F,11303,3}, {0xB890,11306,3}, {0xB891,11309,3},
    {0xB892,11312,3}, {0xB893,11315,3}, {0xB894,11318,2}, {0xB895,11320,3}, {0xB896,11323,3}, {0xB897,11326,3},
    {0xB898,11329,3}, {0xB899,11332,3}, {0xB89A,11335,3}, {0xB89B,11338,3}, {0xB89C,11341,3}, {0xB89D,11344,3},
    {0xB89E,11347,3}, {0xB89F,11350,3}, {0xB8A0,11353,3}, {0xB8A1,11356,3}, {0xB8A2,11359,3}, {0xB8A3,11362,3},
    {0xB8A4,11365,3}, {0xB8A5,11368,3}, {0xB8A6,11371,3}, {0xB8A7,11374,3}, {0xB8A8,11377,3}, {0xB8A9,11380,3},
    {0xB8AA,11383,3}, {0xB8AB,11386,3}, {0xB8AC,11389,3}, {0xB8AD,11392,3}, {0xB8AE,11395,3}, {0xB8AF,11398,3},
    {0xB8B0,11401,2}, {0xB8B1,11403,3}, {0xB8B2,11406,3}, {0xB8B3,11409,3}, {0xB8B4,11412,3}, {0xB8B5,11415,3},
    {0xB8B6,11418,3}, {0xB8B7,11421,3}, {0xB8B8,11424,3}, {0xB8B9,11427,3}, {0xB8BA,11430,3}, {0xB8BB,11433,3},
    {0xB8BC,11436,3}, {0xB8BD,11439,3}, {0xB8BE,11442,3}, {0xB8BF,11445,3}, {0xB8C0,11448,3}, {0xB8C1,11451,3},
    {0xB8C2,11454,3}, {0xB8C3,11457,3}, {0xB8C4,11460,3}, {0xB8C5,11463,3}, {0xB8C6,11466,3}, {0xB8C7,11469,3},
    {0xB8C8,11472,3}, {0xB8C9,11475,3}, {0xB8CA,11478,3}, {0xB8CB,11481,3}, {0xB8CC,11484,2}, {0xB8CD,11486,3},
    {0xB8CE,11489,3}, {0xB8CF,11492,3}, {0xB8D0,11495,3}, {0xB8D1,11498,3}, {0xB8D2,11501,3}, {0xB8D3,11504,3},
    {0xB8D4,11507,3}, {0xB8D5,11510,3}, {0xB8D6,11513,3}, {0xB8D7,11516,3}, {0xB8D8,11519,3}, {0xB8D9,11522,3},
    {0xB8DA,11525,3}, {0xB8DB,11528,3}, {0xB8DC,11531,3}, {0xB8DD,11534,3}, {0xB8DE,11537,3}, {0xB8DF,11540,3},
    {0xB8E0,11543,3}, {0xB8E1,11546,3}, {0xB8E2,11549,3}, {0xB8E3,11552,3}, {0xB8E4,11555,3}, {0xB8E5,11558,3},
    {0xB8E6,11561,3}, {0xB8E7,11564,3}, {0xB8E8,11567,2}, {0xB8E9,11569,3}, {0xB8EA,11572,3}, {0xB8EB,11575,3},
    {0xB8EC,11578,3}, {0xB8ED,11581,3}, {0xB8EE,11584,3}, {0xB8EF,11587,3}, {0xB8F0,11590,3}, {0xB8F1,11593,3},
    {0xB8F2,11596,3}, {0xB8F3,11599,3}, {0xB8F4,11602,3}, {0xB8F5,11605,3}, {0xB8F6,11608,3}, {0xB8F7,11611,3},
    {0xB8F8,11614,3}, {0xB8F9,11617,3}, {0xB8FA,11620,3}, {0xB8FB,11623,3}, {0xB8FC,11626,3}, {0xB8FD,11629,3},
    {0xB8FE,11632,3}, {0xB8FF,11635,3}, {0xB900,11638,3}, {0xB901,11641,3}, {0xB902,11644,3}, {0xB903,11647,3},
    {0xB904,11650,2}, {0xB905,11652,3}, {0xB906,11655,3}, {0xB907,11658,3}, {0xB908,11661,3}, {0xB909,11664,3},
    {0xB90A,11667,3}, {0xB90B,11670,3}, {0xB90C,11673,3}, {0xB90D,11676,3}, {0xB90E,11679,3}, {0xB90F,11682,3},
    {0xB910,11685,3}, {0xB911,11688,3}, {0xB912,11691,3}, {0xB913,11694,3}, {0xB914,11697,3}, {0xB915,11700,3},
    {0xB916,11703,3}, {0xB917,11706,3}, {0xB918,11709,3}, {0xB919,11712,3}, {0xB91A,11715,3}, {0xB91B,11718,3},
    {0xB91C,11721,3}, {0xB91D,11724,3}, {0xB91E,11727,3}, {0xB91F,11730,3}, {0xB920,11733,2}, {0xB921,11735,3},
    {0xB922,11738,3}, {0xB923,11741,3}, {0xB924,11744,3}, {0xB925,11747,3}, {0xB926,11750,3}, {0xB927,11753,3},
    {0xB928,11756,3}, {0xB929,11759,3}, {0xB92A,11762,3}, {0xB92B,11765,3}, {0xB92C,11768,3}, {0xB92D,11771,3},
    {0xB92E,11774,3}, {0xB92F,11777,3}, {0xB930,11780,3}, {0xB931,11783,3}, {0xB932,11786,3}, {0xB933,11789,3},
    {0xB934,11792,3}, {0xB935,11795,3}, {0xB936,11798,3}, {0xB937,11801,3}, {0xB938,11804,3}, {0xB939,11807,3},
    {0xB93A,11810,3}, {0xB93B,11813,3}, {0xB93C,11816,2}, {0xB93D,11818,3}, {0xB93E,11821,3}, {0xB93F,11824,3},
    {0xB940,11827,3}, {0xB941,11830,3}, {0xB942,11833,3}, {0xB943,11836,3}, {0xB944,11839,3}, {0xB945,11842,3},
    {0xB946,11845,3}, {0xB947,11848,3}, {0xB948,11851,3}, {0xB949,11854,3}, {0xB94A,11857,3}, {0xB94B,11860,3},
    {0xB94C,11863,3}, {0xB94D,11866,3}, {0xB94E,11869,3}, {0xB94F,11872,3}, {0xB950,11875,3}, {0xB951,11878,3},
    {0xB952,11881,3}, {0xB953,11884,3}, {0xB954,11887,3}, {0xB955,11890,3}, {0xB956,11893,3}, {0xB957,11896,3},
    {0xB958,11899,2}, {0xB959,11901,3}, {0xB95A,11904,3}, {0xB95B,11907,3}, {0xB95C,11910,3}, {0xB95D,11913,3},
    {0xB95E,11916,3}, {0xB95F,11919,3}, {0xB960,11922,3}, {0xB961,11925,3}, {0xB962,11928,3}, {0xB963,11931,3},
    {0xB964,11934,3}, {0xB965,11937,3}, {0xB966,11940,3}, {0xB967,11943,3}, {0xB968,11946,3}, {0xB969,11949,3},
    {0xB96A,11952,3}, {0xB96B,11955,3}, {0xB96C,11958,3}, {0xB96D,11961,3}, {0xB96E,11964,3}, {0xB96F,11967,3},
    {0xB970,11970,3}, {0xB971,11973,3}, {0xB972,11976,3}, {0xB973,11979,3}, {0xB974,11982,2}, {0xB975,11984,3},
    {0xB976,11987,3}, {0xB977,11990,3}, {0xB978,11993,3}, {0xB979,11996,3}, {0xB97A,11999,3}, {0xB97B,12002,3},
    {0xB97C,12005,3}, {0xB97D,12008,3}, {0xB97E,12011,3}, {0xB97F,12014,3}, {0xB980,12017,3}, {0xB981,12020,3},
    {0xB982,12023,3}, {0xB983,12026,3}, {0xB984,12029,3}, {0xB985,12032,3}, {0xB986,12035,3}, {0xB987,12038,3},
    {0xB988,12041,3}, {0xB989,12044,3}, {0xB98A,12047,3}, {0xB98B,12050,3}, {0xB98C,12053,3}, {0xB98D,12056,3},
    {0xB98E,12059,3}, {0xB98F,12062,3}, {0xB990,12065,2}, {0xB991,12067,3}, {0xB992,12070,3}, {0xB993,12073,3},
    {0xB994,12076,3}, {0xB995,12079,3}, {0xB996,12082,3}, {0xB997,12085,3}, {0xB998,12088,3}, {0xB999,12091,3},
    {0xB99A,12094,3}, {0xB99B,12097,3}, {0xB99C,12100,3}, {0xB99D,12103,3}, {0xB99E,12106,3}, {0xB99F,12109,3},
    {0xB9A0,12112,3}, {0xB9A1,12115,3}, {0xB9A2,12118,3}, {0xB9A3,12121,3}, {0xB9A4,12124,3}, {0xB9A5,12127,3},
    {0xB9A6,12130,3}, {0xB9A7,12133,3}, {0xB9A8,12136,3}, {0xB9A9,12139,3}, {0xB9AA,12142,3}, {0xB9AB,12145,3},
    {0xB9AC,12148,2}, {0xB9AD,12150,3}, {0xB9AE,12153,3}, {0xB9AF,12156,3}, {0xB9B0,12159,3}, {0xB9B1,12162,3},
    {0xB9B2,12165,3}, {0xB9B3,12168,3}, {0xB9B4,12171,3}, {0xB9B5,12174,3}, {0xB9B6,12177,3}, {0xB9B7,12180,3},
    {0xB9B8,12183,3}, {0xB9B9,12186,3}, {0xB9BA,12189,3}, {0xB9BB,12192,3}, {0xB9BC,12195,3}, {0xB9BD,12198,3},
    {0xB9BE,12201,3}, {0xB9BF,12204,3}, {0xB9C0,12207,3}, {0xB9C1,12210,3}, {0xB9C2,12213,3}, {0xB9C3,12216,3},
    {0xB9C4,12219,3}, {0xB9C5,12222,3}, {0xB9C6,12225,3}, {0xB9C7,12228,3}, {0xB9C8,12231,2}, {0xB9C9,12233,3},
    {0xB9CA,12236,3}, {0xB9CB,12239,3}, {0xB9CC,12242,3}, {0xB9CD,12245,3}, {0xB9CE,12248,3}, {0xB9CF,12251,3},
    {0xB9D0,12254,3}, {0xB9D1,12257,3}, {0xB9D2,12260,3}, {0xB9D3,12263,3}, {0xB9D4,12266,3}, {0xB9D5,12269,3},
    {0xB9D6,12272,3}, {0xB9D7,12275,3}, {0xB9D8,12278,3}, {0xB9D9,12281,3}, {0xB9DA,12284,3}, {0xB9DB,12287,3},
    {0xB9DC,12290,3}, {0xB9DD,12293,3}, {0xB9DE,12296,3}, {0xB9DF,12299,3}, {0xB9E0,12302,3}, {0xB9E1,12305,3},
    {0xB9E2,12308,3}, {0xB9E3,12311,3}, {0xB9E4,12314,2}, {0xB9E5,12316,3}, {0xB9E6,12319,3}, {0xB9E7,12322,3},
    {0xB9E8,12325,3}, {0xB9E9,12328,3}, {0xB9EA,12331,3}, {0xB9EB,12334,3}, {0xB9EC,12337,3}, {0xB9ED,12340,3},
    {0xB9EE,12343,3}, {0xB9EF,12346,3}, {0xB9F0,12349,3}, {0xB9F1,12352,3}, {0xB9F2,12355,3}, {0xB9F3,12358,3},
    {0xB9F4,12361,3}, {0xB9F5,12364,3}, {0xB9F6,12367,3}, {0xB9F7,12370,3}, {0xB9F8,12373,3}, {0xB9F9,12376,3},
    {0xB9FA,12379,3}, {0xB9FB,12382,3}, {0xB9FC,12385,3}, {0xB9FD,12388,3}, {0xB9FE,12391,3}, {0xB9FF,12394,3},
    {0xBA00,12397,2}, {0xBA01,12399,3}, {0xBA02,12402,3}, {0xBA03,12405,3}, {0xBA04,12408,3}, {0xBA05,12411,3},
    {0xBA06,12414,3}, {0xBA07,12417,3}, {0xBA08,12420,3}, {0xBA09,12423,3}, {0xBA0A,12426,3}, {0xBA0B,12429,3},
    {0xBA0C,12432,3}, {0xBA0D,12435,3}, {0xBA0E,12438,3}, {0xBA0F,12441,3}, {0xBA10,12444,3}, {0xBA11,12447,3},
    {0xBA12,12450,3}, {0xBA13,12453,3}, {0xBA14,12456,3}, {0xBA15,12459,3}, {0xBA16,12462,3}, {0xBA17,12465,3},
    {0xBA18,12468,3}, {0xBA19,12471,3}, {0xBA1A,12474,3}, {0xBA1B,12477,3}, {0xBA1C,12480,2}, {0xBA1D,12482,3},
    {0xBA1E,12485,3}, {0xBA1F,12488,3}, {0xBA20,12491,3}, {0xBA21,12494,3}, {0xBA22,12497,3}, {0xBA23,12500,3},
    {0xBA24,12503,3}, {0xBA25,12506,3}, {0xBA26,12509,3}, {0xBA27,12512,3}, {0xBA28,12515,3}, {0xBA29,12518,3},
    {0xBA2A,12521,3}, {0xBA2B,12524,3}, {0xBA2C,12527,3}, {0xBA2D,12530,3}, {0xBA2E,12533,3}, {0xBA2F,12536,3},
    {0xBA30,12539,3}, {0xBA31,12542,3}, {0xBA32,12545,3}, {0xBA33,12548,3}, {0xBA34,12551,3}, {0xBA35,12554,3},
    {0xBA36,12557,3}, {0xBA37,12560,3}, {0xBA38,12563,2}, {0xBA39,12565,3}, {0xBA3A,12568,3}, {0xBA3B,12571,3},
    {0xBA3C,12574,3}, {0xBA3D,12577,3}, {0xBA3E,12580,3}, {0xBA3F,12583,3}, {0xBA40,12586,3}, {0xBA41,12589,3},
    {0xBA42,12592,3}, {0xBA43,12595,3}, {0xBA44,12598,3}, {0xBA45,12601,3}, {0xBA46,12604,3}, {0xBA47,12607,3},
    {0xBA48,12610,3}, {0xBA49,12613,3}, {0xBA4A,12616,3}, {0xBA4B,12619,3}, {0xBA4C,12622,3}, {0xBA4D,12625,3},
    {0xBA4E,12628,3}, {0xBA4F,12631,3}, {0xBA50,12634,3}, {0xBA51,12637,3}, {0xBA52,12640,3}, {0xBA53,12643,3},
    {0xBA54,12646,2}, {0xBA55,12648,3}, {0xBA56,12651,3}, {0xBA57,12654,3}, {0xBA58,12657,3}, {0xBA59,12660,3},
    {0xBA5A,12663,3}, {0xBA5B,12666,3}, {0xBA5C,12669,3}, {0xBA5D,12672,3}, {0xBA5E,12675,3}, {0xBA5F,12678,3},
    {0xBA60,12681,3}, {0xBA61,12684,3}, {0xBA62,12687,3}, {0xBA63,12690,3}, {0xBA64,12693,3}, {0xBA65,12696,3},
    {0xBA66,12699,3}, {0xBA67,12702,3}, {0xBA68,12705,3}, {0xBA69,12708,3}, {0xBA6A,12711,3}, {0xBA6B,12714,3},
    {0xBA6C,12717,3}, {0xBA6D,12720,3}, {0xBA6E,12723,3}, {0xBA6F,12726,3}, {0xBA70,12729,2}, {0xBA71,12731,3},
    {0xBA72,12734,3}, {0xBA73,12737,3}, {0xBA74,12740,3}, {0xBA75,12743,3}, {0xBA76,12746,3}, {0xBA77,12749,3},
    {0xBA78,12752,3}, {0xBA79,12755,3}, {0xBA7A,12758,3}, {0xBA7B,12761,3}, {0xBA7C,12764,3}, {0xBA7D,12767,3},
    {0xBA7E,12770,3}, {0xBA7F,12773,3}, {0xBA80,12776,3}, {0xBA81,12779,3}, {0xBA82,12782,3}, {0xBA83,12785,3},
    {0xBA84,12788,3}, {0xBA85,12791,3}, {0xBA86,12794,3}, {0xBA87,12797,3}, {0xBA88,12800,3}, {0xBA89,12803,3},
    {0xBA8A,12806,3}, {0xBA8B,12809,3}, {0xBA8C,12812,2}, {0xBA8D,12814,3}, {0xBA8E,12817,3}, {0xBA8F,12820,3},
    {0xBA90,12823,3}, {0xBA91,12826,3}, {0xBA92,12829,3}, {0xBA93,12832,3}, {0xBA94,12835,3}, {0xBA95,12838,3},
    {0xBA96,12841,3}, {0xBA97,12844,3}, {0xBA98,12847,3}, {0xBA99,12850,3}, {0xBA9A,12853,3}, {0xBA9B,12856,3},
    {0xBA9C,12859,3}, {0xBA9D,12862,3}, {0xBA9E,12865,3}, {0xBA9F,12868,3}, {0xBAA0,12871,3}, {0xBAA1,12874,3},
    {0xBAA2,12877,3}, {0xBAA3,12880,3}, {0xBAA4,12883,3}, {0xBAA5,12886,3}, {0xBAA6,12889,3}, {0xBAA7,12892,3},
    {0xBAA8,12895,2}, {0xBAA9,12897,3}, {0xBAAA,12900,3}, {0xBAAB,12903,3}, {0xBAAC,12906,3}, {0xBAAD,12909,3},
    {0xBAAE,12912,3}, {0xBAAF,12915,3}, {0xBAB0,12918,3}, {0xBAB1,12921,3}, {0xBAB2,12924,3}, {0xBAB3,12927,3},
    {0xBAB4,12930,3}, {0xBAB5,12933,3}, {0xBAB6,12936,3}, {0xBAB7,12939,3}, {0xBAB8,12942,3}, {0xBAB9,12945,3},
    {0xBABA,12948,3}, {0xBABB,12951,3}, {0xBABC,12954,3}, {0xBABD,12957,3}, {0xBABE,12960,3}, {0xBABF,12963,3},
    {0xBAC0,12966,3}, {0xBAC1,12969,3}, {0xBAC2,12972,3}, {0xBAC3,12975,3}, {0xBAC4,12978,2}, {0xBAC5,12980,3},
    {0xBAC6,12983,3}, {0xBAC7,12986,3}, {0xBAC8,12989,3}, {0xBAC9,12992,3}, {0xBACA,12995,3}, {0xBACB,12998,3},
    {0xBACC,13001,3}, {0xBACD,13004,3}, {0xBACE,13007,3}, {0xBACF,13010,3}, {0xBAD0,13013,3}, {0xBAD1,13016,3},
    {0xBAD2,13019,3}, {0xBAD3,13022,3}, {0xBAD4,13025,3}, {0xBAD5,13028,3}, {0xBAD6,13031,3}, {0xBAD7,13034,3},
    {0xBAD8,13037,3}, {0xBAD9,13040,3}, {0xBADA,13043,3}, {0xBADB,13046,3}, {0xBADC,13049,3}, {0xBADD,13052,3},
    {0xBADE,13055,3}, {0xBADF,13058,3}, {0xBAE0,13061,2}, {0xBAE1,13063,3}, {0xBAE2,13066,3}, {0xBAE3,13069,3},
    {0xBAE4,13072,3}, {0xBAE5,13075,3}, {0xBAE6,13078,3}, {0xBAE7,13081,3}, {0xBAE8,13084,3}, {0xBAE9,13087,3},
    {0xBAEA,13090,3}, {0xBAEB,13093,3}, {0xBAEC,13096,3}, {0xBAED,13099,3}, {0xBAEE,13102,3}, {0xBAEF,13105,3},
    {0xBAF0,13108,3}, {0xBAF1,13111,3}, {0xBAF2,13114,3}, {0xBAF3,13117,3}, {0xBAF4,13120,3}, {0xBAF5,13123,3},
    {0xBAF6,13126,3}, {0xBAF7,13129,3}, {0xBAF8,13132,3}, {0xBAF9,13135,3}, {0xBAFA,13138,3}, {0xBAFB,13141,3},
    {0xBAFC,13144,2}, {0xBAFD,13146,3}, {0xBAFE,13149,3}, {0xBAFF,13152,3}, {0xBB00,13155,3}, {0xBB01,13158,3},
    {0xBB02,13161,3}, {0xBB03,13164,3}, {0xBB04,13167,3}, {0xBB05,13170,3}, {0xBB06,13173,3}, {0xBB07,13176,3},
    {0xBB08,13179,3}, {0xBB09,13182,3}, {0xBB0A,13185,3}, {0xBB0B,13188,3}, {0xBB0C,13191,3}, {0xBB0D,13194,3},
    {0xBB0E,13197,3}, {0xBB0F,13200,3}, {0xBB10,13203,3}, {0xBB11,13206,3}, {0xBB12,13209,3}, {0xBB13,13212,3},
    {0xBB14,13215,3}, {0xBB15,13218,3}, {0xBB16,13221,3}, {0xBB17,13224,3}, {0xBB18,13227,2}, {0xBB19,13229,3},
    {0xBB1A,13232,3}, {0xBB1B,13235,3}, {0xBB1C,13238,3}, {0xBB1D,13241,3}, {0xBB1E,13244,3}, {0xBB1F,13247,3},
    {0xBB20,13250,3}, {0xBB21,13253,3}, {0xBB22,13256,3}, {0xBB23,13259,3}, {0xBB24,13262,3}, {0xBB25,13265,3},
    {0xBB26,13268,3}, {0xBB27,13271,3}, {0xBB28,13274,3}, {0xBB29,13277,3}, {0xBB2A,13280,3}, {0xBB2B,13283,3},
    {0xBB2C,13286,3}, {0xBB2D,13289,3}, {0xBB2E,13292,3}, {0xBB2F,13295,3}, {0xBB30,13298,3}, {0xBB31,13301,3},
    {0xBB32,13304,3}, {0xBB33,13307,3}, {0xBB34,13310,2}, {0xBB35,13312,3}, {0xBB36,13315,3}, {0xBB37,13318,3},
    {0xBB38,13321,3}, {0xBB39,13324,3}, {0xBB3A,13327,3}, {0xBB3B,13330,3}, {0xBB3C,13333,3}, {0xBB3D,13336,3},
    {0xBB3E,13339,3}, {0xBB3F,13342,3}, {0xBB40,13345,3}, {0xBB41,13348,3}, {0xBB42,13351,3}, {0xBB43,13354,3},
    {0xBB44,13357,3}, {0xBB45,13360,3}, {0xBB46,13363,3}, {0xBB47,13366,3}, {0xBB48,13369,3}, {0xBB49,13372,3},
    {0xBB4A,13375,3}, {0xBB4B,13378,3}, {0xBB4C,13381,3}, {0xBB4D,13384,3}, {0xBB4E,13387,3}, {0xBB4F,13390,3},
    {0xBB50,13393,2}, {0xBB51,13395,3}, {0xBB52,13398,3}, {0xBB53,13401,3}, {0xBB54,13404,3}, {0xBB55,13407,3},
    {0xBB56,13410,3}, {0xBB57,13413,3}, {0xBB58,13416,3}, {0xBB59,13419,3}, {0xBB5A,13422,3}, {0xBB5B,13425,3},
    {0xBB5C,13428,3}, {0xBB5D,13431,3}, {0xBB5E,13434,3}, {0xBB5F,13437,3}, {0xBB60,13440,3}, {0xBB61,13443,3},
    {0xBB62,13446,3}, {0xBB63,13449,3}, {0xBB64,13452,3}, {0xBB65,13455,3}, {0xBB66,13458,3}, {0xBB67,13461,3},
    {0xBB68,13464,3}, {0xBB69,13467,3}, {0xBB6A,13470,3}, {0xBB6B,13473,3}, {0xBB6C,13476,2}, {0xBB6D,13478,3},
    {0xBB6E,13481,3}, {0xBB6F,13484,3}, {0xBB70,13487,3}, {0xBB71,13490,3}, {0xBB72,13493,3}, {0xBB73,13496,3},
    {0xBB74,13499,3}, {0xBB75,13502,3}, {0xBB76,13505,3}, {0xBB77,13508,3}, {0xBB78,13511,3}, {0xBB79,13514,3},
    {0xBB7A,13517,3}, {0xBB7B,13520,3}, {0xBB7C,13523,3}, {0xBB7D,13526,3}, {0xBB7E,13529,3}, {0xBB7F,13532,3},
    {0xBB80,13535,3}, {0xBB81,13538,3}, {0xBB82,13541,3}, {0xBB83,13544,3}, {0xBB84,13547,3}, {0xBB85,13550,3},
    {0xBB86,13553,3}, {0xBB87,13556,3}, {0xBB88,13559,2}, {0xBB89,13561,3}, {0xBB8A,13564,3}, {0xBB8B,13567,3},
    {0xBB8C,13570,3}, {0xBB8D,13573,3}, {0xBB8E,13576,3}, {0xBB8F,13579,3}, {0xBB90,13582,3}, {0xBB91,13585,3},
    {0xBB92,13588,3}, {0xBB93,13591,3}, {0xBB94,13594,3}, {0xBB95,13597,3}, {0xBB96,13600,3}, {0xBB97,13603,3},
    {0xBB98,13606,3}, {0xBB99,13609,3}, {0xBB9A,13612,3}, {0xBB9B,13615,3}, {0xBB9C,13618,3}, {0xBB9D,13621,3},
    {0xBB9E,13624,3}, {0xBB9F,13627,3}, {0xBBA0,13630,3}, {0xBBA1,13633,3}, {0xBBA2,13636,3}, {0xBBA3,13639,3},
    {0xBBA4,13642,2}, {0xBBA5,13644,3}, {0xBBA6,13647,3}, {0xBBA7,13650,3}, {0xBBA8,13653,3}, {0xBBA9,13656,3},
    {0xBBAA,13659,3}, {0xBBAB,13662,3}, {0xBBAC,13665,3}, {0xBBAD,13668,3}, {0xBBAE,13671,3}, {0xBBAF,13674,3},
    {0xBBB0,13677,3}, {0xBBB1,13680,3}, {0xBBB2,13683,3}, {0xBBB3,13686,3}, {0xBBB4,13689,3}, {0xBBB5,13692,3},
    {0xBBB6,13695,3}, {0xBBB7,13698,3}, {0xBBB8,13701,3}, {0xBBB9,13704,3}, {0xBBBA,13707,3}, {0xBBBB,13710,3},
    {0xBBBC,13713,3}, {0xBBBD,13716,3}, {0xBBBE,13719,3}, {0xBBBF,13722,3}, {0xBBC0,13725,2}, {0xBBC1,13727,3},
    {0xBBC2,13730,3}, {0xBBC3,13733,3}, {0xBBC4,13736,3}, {0xBBC5,13739,3}, {0xBBC6,13742,3}, {0xBBC7,13745,3},
    {0xBBC8,13748,3}, {0xBBC9,13751,3}, {0xBBCA,13754,3}, {0xBBCB,13757,3}, {0xBBCC,13760,3}, {0xBBCD,13763,3},
    {0xBBCE,13766,3}, {0xBBCF,13769,3}, {0xBBD0,13772,3}, {0xBBD1,13775,3}, {0xBBD2,13778,3}, {0xBBD3,13781,3},
    {0xBBD4,13784,3}, {0xBBD5,13787,3}, {0xBBD6,13790,3}, {0xBBD7,13793,3}, {0xBBD8,13796,3}, {0xBBD9,13799,3},
    {0xBBDA,13802,3}, {0xBBDB,13805,3}, {0xBBDC,13808,2}, {0xBBDD,13810,3}, {0xBBDE,13813,3}, {0xBBDF,13816,3},
    {0xBBE0,13819,3}, {0xBBE1,13822,3}, {0xBBE2,13825,3}, {0xBBE3,13828,3}, {0xBBE4,13831,3}, {0xBBE5,13834,3},
    {0xBBE6,13837,3}, {0xBBE7,13840,3}, {0xBBE8,13843,3}, {0xBBE9,13846,3}, {0xBBEA,13849,3}, {0xBBEB,13852,3},
    {0xBBEC,13855,3}, {0xBBED,13858,3}, {0xBBEE,13861,3}, {0xBBEF,13864,3}, {0xBBF0,13867,3}, {0xBBF1,13870,3},
    {0xBBF2,13873,3}, {0xBBF3,13876,3}, {0xBBF4,13879,3}, {0xBBF5,13882,3}, {0xBBF6,13885,3}, {0xBBF7,13888,3},
    {0xBBF8,13891,2}, {0xBBF9,13893,3}, {0xBBFA,13896,3}, {0xBBFB,13899,3}, {0xBBFC,13902,3}, {0xBBFD,13905,3},
    {0xBBFE,13908,3}, {0xBBFF,13911,3}, {0xBC00,13914,3}, {0xBC01,13917,3}, {0xBC02,13920,3}, {0xBC03,13923,3},
    {0xBC04,13926,3}, {0xBC05,13929,3}, {0xBC06,13932,3}, {0xBC07,13935,3}, {0xBC08,13938,3}, {0xBC09,13941,3},
    {0xBC0A,13944,3}, {0xBC0B,13947,3}, {0xBC0C,13950,3}, {0xBC0D,13953,3}, {0xBC0E,13956,3}, {0xBC0F,13959,3},
    {0xBC10,13962,3}, {0xBC11,13965,3}, {0xBC12,13968,3}, {0xBC13,13971,3}, {0xBC14,13974,2}, {0xBC15,13976,3},
    {0xBC16,13979,3}, {0xBC17,13982,3}, {0xBC18,13985,3}, {0xBC19,13988,3}, {0xBC1A,13991,3}, {0xBC1B,13994,3},
    {0xBC1C,13997,3}, {0xBC1D,14000,3}, {0xBC1E,14003,3}, {0xBC1F,14006,3}, {0xBC20,14009,3}, {0xBC21,14012,3},
    {0xBC22,14015,3}, {0xBC23,14018,3}, {0xBC24,14021,3}, {0xBC25,14024,3}, {0xBC26,14027,3}, {0xBC27,14030,3},
    {0xBC28,14033,3}, {0xBC29,14036,3}, {0xBC2A,14039,3}, {0xBC2B,14042,3}, {0xBC2C,14045,3}, {0xBC2D,14048,3},
    {0xBC2E,14051,3}, {0xBC2F,14054,3}, {0xBC30,14057,2}, {0xBC31,14059,3}, {0xBC32,14062,3}, {0xBC33,14065,3},
    {0xBC34,14068,3}, {0xBC35,14071,3}, {0xBC36,14074,3}, {0xBC37,14077,3}, {0xBC38,14080,3}, {0xBC39,14083,3},
    {0xBC3A,14086,3}, {0xBC3B,14089,3}, {0xBC3C,14092,3}, {0xBC3D,14095,3}, {0xBC3E,14098,3}, {0xBC3F,14101,3},
    {0xBC40,14104,3}, {0xBC41,14107,3}, {0xBC42,14110,3}, {0xBC43,14113,3}, {0xBC44,14116,3}, {0xBC45,14119,3},
    {0xBC46,14122,3}, {0xBC47,14125,3}, {0xBC48,14128,3}, {0xBC49,14131,3}, {0xBC4A,14134,3}, {0xBC4B,14137,3},
    {0xBC4C,14140,2}, {0xBC4D,14142,3}, {0xBC4E,14145,3}, {0xBC4F,14148,3}, {0xBC50,14151,3}, {0xBC51,14154,3},
    {0xBC52,14157,3}, {0xBC53,14160,3}, {0xBC54,14163,3}, {0xBC55,14166,3}, {0xBC56,14169,3}, {0xBC57,14172,3},
    {0xBC58,14175,3}, {0xBC59,14178,3}, {0xBC5A,14181,3}, {0xBC5B,14184,3}, {0xBC5C,14187,3}, {0xBC5D,14190,3},
    {0xBC5E,14193,3}, {0xBC5F,14196,3}, {0xBC60,14199,3}, {0xBC61,14202,3}, {0xBC62,14205,3}, {0xBC63,14208,3},
    {0xBC64,14211,3}, {0xBC65,14214,3}, {0xBC66,14217,3}, {0xBC67,14220,3}, {0xBC68,14223,2}, {0xBC69,14225,3},
    {0xBC6A,14228,3}, {0xBC6B,14231,3}, {0xBC6C,14234,3}, {0xBC6D,14237,3}, {0xBC6E,14240,3}, {0xBC6F,14243,3},
    {0xBC70,14246,3}, {0xBC71,14249,3}, {0xBC72,14252,3}, {0xBC73,14255,3}, {0xBC74,14258,3}, {0xBC75,14261,3},
    {0xBC76,14264,3}, {0xBC77,14267,3}, {0xBC78,14270,3}, {0xBC79,14273,3}, {0xBC7A,14276,3}, {0xBC7B,14279,3},
    {0xBC7C,14282,3}, {0xBC7D,14285,3}, {0xBC7E,14288,3}, {0xBC7F,14291,3}, {0xBC80,14294,3}, {0xBC81,14297,3},
    {0xBC82,14300,3}, {0xBC83,14303,3}, {0xBC84,14306,2}, {0xBC85,14308,3}, {0xBC86,14311,3}, {0xBC87,14314,3},
    {0xBC88,14317,3}, {0xBC89,14320,3}, {0xBC8A,14323,3}, {0xBC8B,14326,3}, {0xBC8C,14329,3}, {0xBC8D,14332,3},
    {0xBC8E,14335,3}, {0xBC8F,14338,3}, {0xBC90,14341,3}, {0xBC91,14344,3}, {0xBC92,14347,3}, {0xBC93,14350,3},
    {0xBC94,14353,3}, {0xBC95,14356,3}, {0xBC96,14359,3}, {0xBC97,14362,3}, {0xBC98,14365,3}, {0xBC99,14368,3},
    {0xBC9A,14371,3}, {0xBC9B,14374,3}, {0xBC9C,14377,3}, {0xBC9D,14380,3}, {0xBC9E,14383,3}, {0xBC9F,14386,3},
    {0xBCA0,14389,2}, {0xBCA1,14391,3}, {0xBCA2,14394,3}, {0xBCA3,14397,3}, {0xBCA4,14400,3}, {0xBCA5,14403,3},
    {0xBCA6,14406,3}, {0xBCA7,14409,3}, {0xBCA8,14412,3}, {0xBCA9,14415,3}, {0xBCAA,14418,3}, {0xBCAB,14421,3},
    {0xBCAC,14424,3}, {0xBCAD,14427,3}, {0xBCAE,14430,3}, {0xBCAF,14433,3}, {0xBCB0,14436,3}, {0xBCB1,14439,3},
    {0xBCB2,14442,3}, {0xBCB3,14445,3}, {0xBCB4,14448,3}, {0xBCB5,14451,3}, {0xBCB6,14454,3}, {0xBCB7,14457,3},
    {0xBCB8,14460,3}, {0xBCB9,14463,3}, {0xBCBA,14466,3}, {0xBCBB,14469,3}, {0xBCBC,14472,2}, {0xBCBD,14474,3},
    {0xBCBE,14477,3}, {0xBCBF,14480,3}, {0xBCC0,14483,3}, {0xBCC1,14486,3}, {0xBCC2,14489,3}, {0xBCC3,14492,3},
    {0xBCC4,14495,3}, {0xBCC5,14498,3}, {0xBCC6,14501,3}, {0xBCC7,14504,3}, {0xBCC8,14507,3}, {0xBCC9,14510,3},
    {0xBCCA,14513,3}, {0xBCCB,14516,3}, {0xBCCC,14519,3}, {0xBCCD,14522,3}, {0xBCCE,14525,3}, {0xBCCF,14528,3},
    {0xBCD0,14531,3}, {0xBCD1,14534,3}, {0xBCD2,14537,3}, {0xBCD3,14540,3}, {0xBCD4,14543,3}, {0xBCD5,14546,3},
    {0xBCD6,14549,3}, {0xBCD7,14552,3}, {0xBCD8,14555,2}, {0xBCD9,14557,3}, {0xBCDA,14560,3}, {0xBCDB,14563,3},
    {0xBCDC,14566,3}, {0xBCDD,14569,3}, {0xBCDE,14572,3}, {0xBCDF,14575,3}, {0xBCE0,14578,3}, {0xBCE1,14581,3},
    {0xBCE2,14584,3}, {0xBCE3,14587,3}, {0xBCE4,14590,3}, {0xBCE5,14593,3}, {0xBCE6,14596,3}, {0xBCE7,14599,3},
    {0xBCE8,14602,3}, {0xBCE9,14605,3}, {0xBCEA,14608,3}, {0xBCEB,14611,3}, {0xBCEC,14614,3}, {0xBCED,14617,3},
    {0xBCEE,14620,3}, {0xBCEF,14623,3}, {0xBCF0,14626,3}, {0xBCF1,14629,3}, {0xBCF2,14632,3}, {0xBCF3,14635,3},
    {0xBCF4,14638,2}, {0xBCF5,14640,3}, {0xBCF6,14643,3}, {0xBCF7,14646,3}, {0xBCF8,14649,3}, {0xBCF9,14652,3},
    {0xBCFA,14655,3}, {0xBCFB,14658,3}, {0xBCFC,14661,3}, {0xBCFD,14664,3}, {0xBCFE,14667,3}, {0xBCFF,14670,3},
    {0xBD00,14673,3}, {0xBD01,14676,3}, {0xBD02,14679,3}, {0xBD03,14682,3}, {0xBD04,14685,3}, {0xBD05,14688,3},
    {0xBD06,14691,3}, {0xBD07,14694,3}, {0xBD08,14697,3}, {0xBD09,14700,3}, {0xBD0A,14703,3}, {0xBD0B,14706,3},
    {0xBD0C,14709,3}, {0xBD0D,14712,3}, {0xBD0E,14715,3}, {0xBD0F,14718,3}, {0xBD10,14721,2}, {0xBD11,14723,3},
    {0xBD12,14726,3}, {0xBD13,14729,3}, {0xBD14,14732,3}, {0xBD15,14735,3}, {0xBD16,14738,3}, {0xBD17,14741,3},
    {0xBD18,14744,3}, {0xBD19,14747,3}, {0xBD1A,14750,3}, {0xBD1B,14753,3}, {0xBD1C,14756,3}, {0xBD1D,14759,3},
    {0xBD1E,14762,3}, {0xBD1F,14765,3}, {0xBD20,14768,3}, {0xBD21,14771,3}, {0xBD22,14774,3}, {0xBD23,14777,3},
    {0xBD24,14780,3}, {0xBD25,14783,3}, {0xBD26,14786,3}, {0xBD27,14789,3}, {0xBD28,14792,3}, {0xBD29,14795,3},
    {0xBD2A,14798,3}, {0xBD2B,14801,3}, {0xBD2C,14804,2}, {0xBD2D,14806,3}, {0xBD2E,14809,3}, {0xBD2F,14812,3},
    {0xBD30,14815,3}, {0xBD31,14818,3}, {0xBD32,14821,3}, {0xBD33,14824,3}, {0xBD34,14827,3}, {0xBD35,14830,3},
    {0xBD36,14833,3}, {0xBD37,14836,3}, {0xBD38,14839,3}, {0xBD39,14842,3}, {0xBD3A,14845,3}, {0xBD3B,14848,3},
    {0xBD3C,14851,3}, {0xBD3D,14854,3}, {0xBD3E,14857,3}, {0xBD3F,14860,3}, {0xBD40,14863,3}, {0xBD41,14866,3},
    {0xBD42,14869,3}, {0xBD43,14872,3}, {0xBD44,14875,3}, {0xBD45,14878,3}, {0xBD46,14881,3}, {0xBD47,14884,3},
    {0xBD48,14887,2}, {0xBD49,14889,3}, {0xBD4A,14892,3}, {0xBD4B,14895,3}, {0xBD4C,14898,3}, {0xBD4D,14901,3},
    {0xBD4E,14904,3}, {0xBD4F,14907,3}, {0xBD50,14910,3}, {0xBD51,14913,3}, {0xBD52,14916,3}, {0xBD53,14919,3},
    {0xBD54,14922,3}, {0xBD55,14925,3}, {0xBD56,14928,3}, {0xBD57,14931,3}, {0xBD58,14934,3}, {0xBD59,14937,3},
    {0xBD5A,14940,3}, {0xBD5B,14943,3}, {0xBD5C,14946,3}, {0xBD5D,14949,3}, {0xBD5E,14952,3}, {0xBD5F,14955,3},
    {0xBD60,14958,3}, {0xBD61,14961,3}, {0xBD62,14964,3}, {0xBD63,14967,3}, {0xBD64,14970,2}, {0xBD65,14972,3},
    {0xBD66,14975,3}, {0xBD67,14978,3}, {0xBD68,14981,3}, {0xBD69,14984,3}, {0xBD6A,14987,3}, {0xBD6B,14990,3},
    {0xBD6C,14993,3}, {0xBD6D,14996,3}, {0xBD6E,14999,3}, {0xBD6F,15002,3}, {0xBD70,15005,3}, {0xBD71,15008,3},
    {0xBD72,15011,3}, {0xBD73,15014,3}, {0xBD74,15017,3}, {0xBD75,15020,3}, {0xBD76,15023,3}, {0xBD77,15026,3},
    {0xBD78,15029,3}, {0xBD79,15032,3}, {0xBD7A,15035,3}, {0xBD7B,15038,3}, {0xBD7C,15041,3}, {0xBD7D,15044,3},
    {0xBD7E,15047,3}, {0xBD7F,15050,3}, {0xBD80,15053,2}, {0xBD81,15055,3}, {0xBD82,15058,3}, {0xBD83,15061,3},
    {0xBD84,15064,3}, {0xBD85,15067,3}, {0xBD86,15070,3}, {0xBD87,15073,3}, {0xBD88,15076,3}, {0xBD89,15079,3},
    {0xBD8A,15082,3}, {0xBD8B,15085,3}, {0xBD8C,15088,3}, {0xBD8D,15091,3}, {0xBD8E,15094,3}, {0xBD8F,15097,3},
    {0xBD90,15100,3}, {0xBD91,15103,3}, {0xBD92,15106,3}, {0xBD93,15109,3}, {0xBD94,15112,3}, {0xBD95,15115,3},
    {0xBD96,15118,3}, {0xBD97,15121,3}, {0xBD98,15124,3}, {0xBD99,15127,3}, {0xBD9A,15130,3}, {0xBD9B,15133,3},
    {0xBD9C,15136,2}, {0xBD9D,15138,3}, {0xBD9E,15141,3}, {0xBD9F,15144,3}, {0xBDA0,15147,3}, {0xBDA1,15150,3},
    {0xBDA2,15153,3}, {0xBDA3,15156,3}, {0xBDA4,15159,3}, {0xBDA5,15162,3}, {0xBDA6,15165,3}, {0xBDA7,15168,3},
    {0xBDA8,15171,3}, {0xBDA9,15174,3}, {0xBDAA,15177,3}, {0xBDAB,15180,3}, {0xBDAC,15183,3}, {0xBDAD,15186,3},
    {0xBDAE,15189,3}, {0xBDAF,15192,3}, {0xBDB0,15195,3}, {0xBDB1,15198,3}, {0xBDB2,15201,3}, {0xBDB3,15204,3},
    {0xBDB4,15207,3}, {0xBDB5,15210,3}, {0xBDB6,15213,3}, {0xBDB7,15216,3}, {0xBDB8,15219,2}, {0xBDB9,15221,3},
    {0xBDBA,15224,3}, {0xBDBB,15227,3}, {0xBDBC,15230,3}, {0xBDBD,15233,3}, {0xBDBE,15236,3}, {0xBDBF,15239,3},
    {0xBDC0,15242,3}, {0xBDC1,15245,3}, {0xBDC2,15248,3}, {0xBDC3,15251,3}, {0xBDC4,15254,3}, {0xBDC5,15257,3},
    {0xBDC6,15260,3}, {0xBDC7,15263,3}, {0xBDC8,15266,3}, {0xBDC9,15269,3}, {0xBDCA,15272,3}, {0xBDCB,15275,3},
    {0xBDCC,15278,3}, {0xBDCD,15281,3}, {0xBDCE,15284,3}, {0xBDCF,15287,3}, {0xBDD0,15290,3}, {0xBDD1,15293,3},
    {0xBDD2,15296,3}, {0xBDD3,15299,3}, {0xBDD4,15302,2}, {0xBDD5,15304,3}, {0xBDD6,15307,3}, {0xBDD7,15310,3},
    {0xBDD8,15313,3}, {0xBDD9,15316,3}, {0xBDDA,15319,3}, {0xBDDB,15322,3}, {0xBDDC,15325,3}, {0xBDDD,15328,3},
    {0xBDDE,15331,3}, {0xBDDF,15334,3}, {0xBDE0,15337,3}, {0xBDE1,15340,3}, {0xBDE2,15343,3}, {0xBDE3,15346,3},
    {0xBDE4,15349,3}, {0xBDE5,15352,3}, {0xBDE6,15355,3}, {0xBDE7,15358,3}, {0xBDE8,15361,3}, {0xBDE9,15364,3},
    {0xBDEA,15367,3}, {0xBDEB,15370,3}, {0xBDEC,15373,3}, {0xBDED,15376,3}, {0xBDEE,15379,3}, {0xBDEF,15382,3},
    {0xBDF0,15385,2}, {0xBDF1,15387,3}, {0xBDF2,15390,3}, {0xBDF3,15393,3}, {0xBDF4,15396,3}, {0xBDF5,15399,3},
    {0xBDF6,15402,3}, {0xBDF7,15405,3}, {0xBDF8,15408,3}, {0xBDF9,15411,3}, {0xBDFA,15414,3}, {0xBDFB,15417,3},
    {0xBDFC,15420,3}, {0xBDFD,15423,3}, {0xBDFE,15426,3}, {0xBDFF,15429,3}, {0xBE00,15432,3}, {0xBE01,15435,3},
    {0xBE02,15438,3}, {0xBE03,15441,3}, {0xBE04,15444,3}, {0xBE05,15447,3}, {0xBE06,15450,3}, {0xBE07,15453,3},
    {0xBE08,15456,3}, {0xBE09,15459,3}, {0xBE0A,15462,3}, {0xBE0B,15465,3}, {0xBE0C,15468,2}, {0xBE0D,15470,3},
    {0xBE0E,15473,3}, {0xBE0F,15476,3}, {0xBE10,15479,3}, {0xBE11,15482,3}, {0xBE12,15485,3}, {0xBE13,15488,3},
    {0xBE14,15491,3}, {0xBE15,15494,3}, {0xBE16,15497,3}, {0xBE17,15500,3}, {0xBE18,15503,3}, {0xBE19,15506,3},
    {0xBE1A,15509,3}, {0xBE1B,15512,3}, {0xBE1C,15515,3}, {0xBE1D,15518,3}, {0xBE1E,15521,3}, {0xBE1F,15524,3},
    {0xBE20,15527,3}, {0xBE21,15530,3}, {0xBE22,15533,3}, {0xBE23,15536,3}, {0xBE24,15539,3}, {0xBE25,15542,3},
    {0xBE26,15545,3}, {0xBE27,15548,3}, {0xBE28,15551,2}, {0xBE29,15553,3}, {0xBE2A,15556,3}, {0xBE2B,15559,3},
    {0xBE2C,15562,3}, {0xBE2D,15565,3}, {0xBE2E,15568,3}, {0xBE2F,15571,3}, {0xBE30,15574,3}, {0xBE31,15577,3},
    {0xBE32,15580,3}, {0xBE33,15583,3}, {0xBE34,15586,3}, {0xBE35,15589,3}, {0xBE36,15592,3}, {0xBE37,15595,3},
    {0xBE38,15598,3}, {0xBE39,15601,3}, {0xBE3A,15604,3}, {0xBE3B,15607,3}, {0xBE3C,15610,3}, {0xBE3D,15613,3},
    {0xBE3E,15616,3}, {0xBE3F,15619,3}, {0xBE40,15622,3}, {0xBE41,15625,3}, {0xBE42,15628,3}, {0xBE43,15631,3},
    {0xBE44,15634,2}, {0xBE45,15636,3}, {0xBE46,15639,3}, {0xBE47,15642,3}, {0xBE48,15645,3}, {0xBE49,15648,3},
    {0xBE4A,15651,3}, {0xBE4B,15654,3}, {0xBE4C,15657,3}, {0xBE4D,15660,3}, {0xBE4E,15663,3}, {0xBE4F,15666,3},
    {0xBE50,15669,3}, {0xBE51,15672,3}, {0xBE52,15675,3}, {0xBE53,15678,3}, {0xBE54,15681,3}, {0xBE55,15684,3},
    {0xBE56,15687,3}, {0xBE57,15690,3}, {0xBE58,15693,3}, {0xBE59,15696,3}, {0xBE5A,15699,3}, {0xBE5B,15702,3},
    {0xBE5C,15705,3}, {0xBE5D,15708,3}, {0xBE5E,15711,3}, {0xBE5F,15714,3}, {0xBE60,15717,2}, {0xBE61,15719,3},
    {0xBE62,15722,3}, {0xBE63,15725,3}, {0xBE64,15728,3}, {0xBE65,15731,3}, {0xBE66,15734,3}, {0xBE67,15737,3},
    {0xBE68,15740,3}, {0xBE69,15743,3}, {0xBE6A,15746,3}, {0xBE6B,15749,3}, {0xBE6C,15752,3}, {0xBE6D,15755,3},
    {0xBE6E,15758,3}, {0xBE6F,15761,3}, {0xBE70,15764,3}, {0xBE71,15767,3}, {0xBE72,15770,3}, {0xBE73,15773,3},
    {0xBE74,15776,3}, {0xBE75,15779,3}, {0xBE76,15782,3}, {0xBE77,15785,3}, {0xBE78,15788,3}, {0xBE79,15791,3},
    {0xBE7A,15794,3}, {0xBE7B,15797,3}, {0xBE7C,15800,2}, {0xBE7D,15802,3}, {0xBE7E,15805,3}, {0xBE7F,15808,3},
    {0xBE80,15811,3}, {0xBE81,15814,3}, {0xBE82,15817,3}, {0xBE83,15820,3}, {0xBE84,15823,3}, {0xBE85,15826,3},
    {0xBE86,15829,3}, {0xBE87,15832,3}, {0xBE88,15835,3}, {0xBE89,15838,3}, {0xBE8A,15841,3}, {0xBE8B,15844,3},
    {0xBE8C,15847,3}, {0xBE8D,15850,3}, {0xBE8E,15853,3}, {0xBE8F,15856,3}, {0xBE90,15859,3}, {0xBE91,15862,3},
    {0xBE92,15865,3}, {0xBE93,15868,3}, {0xBE94,15871,3}, {0xBE95,15874,3}, {0xBE96,15877,3}, {0xBE97,15880,3},
    {0xBE98,15883,2}, {0xBE99,15885,3}, {0xBE9A,15888,3}, {0xBE9B,15891,3}, {0xBE9C,15894,3}, {0xBE9D,15897,3},
    {0xBE9E,15900,3}, {0xBE9F,15903,3}, {0xBEA0,15906,3}, {0xBEA1,15909,3}, {0xBEA2,15912,3}, {0xBEA3,15915,3},
    {0xBEA4,15918,3}, {0xBEA5,15921,3}, {0xBEA6,15924,3}, {0xBEA7,15927,3}, {0xBEA8,15930,3}, {0xBEA9,15933,3},
    {0xBEAA,15936,3}, {0xBEAB,15939,3}, {0xBEAC,15942,3}, {0xBEAD,15945,3}, {0xBEAE,15948,3}, {0xBEAF,15951,3},
    {0xBEB0,15954,3}, {0xBEB1,15957,3}, {0xBEB2,15960,3}, {0xBEB3,15963,3}, {0xBEB4,15966,2}, {0xBEB5,15968,3},
    {0xBEB6,15971,3}, {0xBEB7,15974,3}, {0xBEB8,15977,3}, {0xBEB9,15980,3}, {0xBEBA,15983,3}, {0xBEBB,15986,3},
    {0xBEBC,15989,3}, {0xBEBD,15992,3}, {0xBEBE,15995,3}, {0xBEBF,15998,3}, {0xBEC0,16001,3}, {0xBEC1,16004,3},
    {0xBEC2,16007,3}, {0xBEC3,16010,3}, {0xBEC4,16013,3}, {0xBEC5,16016,3}, {0xBEC6,16019,3}, {0xBEC7,16022,3},
    {0xBEC8,16025,3}, {0xBEC9,16028,3}, {0xBECA,16031,3}, {0xBECB,16034,3}, {0xBECC,16037,3}, {0xBECD,16040,3},
    {0xBECE,16043,3}, {0xBECF,16046,3}, {0xBED0,16049,2}, {0xBED1,16051,3}, {0xBED2,16054,3}, {0xBED3,16057,3},
    {0xBED4,16060,3}, {0xBED5,16063,3}, {0xBED6,16066,3}, {0xBED7,16069,3}, {0xBED8,16072,3}, {0xBED9,16075,3},
    {0xBEDA,16078,3}, {0xBEDB,16081,3}, {0xBEDC,16084,3}, {0xBEDD,16087,3}, {0xBEDE,16090,3}, {0xBEDF,16093,3},
    {0xBEE0,16096,3}, {0xBEE1,16099,3}, {0xBEE2,16102,3}, {0xBEE3,16105,3}, {0xBEE4,16108,3}, {0xBEE5,16111,3},
    {0xBEE6,16114,3}, {0xBEE7,16117,3}, {0xBEE8,16120,3}, {0xBEE9,16123,3}, {0xBEEA,16126,3}, {0xBEEB,16129,3},
    {0xBEEC,16132,2}, {0xBEED,16134,3}, {0xBEEE,16137,3}, {0xBEEF,16140,3}, {0xBEF0,16143,3}, {0xBEF1,16146,3},
    {0xBEF2,16149,3}, {0xBEF3,16152,3}, {0xBEF4,16155,3}, {0xBEF5,16158,3}, {0xBEF6,16161,3}, {0xBEF7,16164,3},
    {0xBEF8,16167,3}, {0xBEF9,16170,3}, {0xBEFA,16173,3}, {0xBEFB,16176,3}, {0xBEFC,16179,3}, {0xBEFD,16182,3},
    {0xBEFE,16185,3}, {0xBEFF,16188,3}, {0xBF00,16191,3}, {0xBF01,16194,3}, {0xBF02,16197,3}, {0xBF03,16200,3},
    {0xBF04,16203,3}, {0xBF05,16206,3}, {0xBF06,16209,3}, {0xBF07,16212,3}, {0xBF08,16215,2}, {0xBF09,16217,3},
    {0xBF0A,16220,3}, {0xBF0B,16223,3}, {0xBF0C,16226,3}, {0xBF0D,16229,3}, {0xBF0E,16232,3}, {0xBF0F,16235,3},
    {0xBF10,16238,3}, {0xBF11,16241,3}, {0xBF12,16244,3}, {0xBF13,16247,3}, {0xBF14,16250,3}, {0xBF15,16253,3},
    {0xBF16,16256,3}, {0xBF17,16259,3}, {0xBF18,16262,3}, {0xBF19,16265,3}, {0xBF1A,16268,3}, {0xBF1B,16271,3},
    {0xBF1C,16274,3}, {0xBF1D,16277,3}, {0xBF1E,16280,3}, {0xBF1F,16283,3}, {0xBF20,16286,3}, {0xBF21,16289,3},
    {0xBF22,16292,3}, {0xBF23,16295,3}, {0xBF24,16298,2}, {0xBF25,16300,3}, {0xBF26,16303,3}, {0xBF27,16306,3},
    {0xBF28,16309,3}, {0xBF29,16312,3}, {0xBF2A,16315,3}, {0xBF2B,16318,3}, {0xBF2C,16321,3}, {0xBF2D,16324,3},
    {0xBF2E,16327,3}, {0xBF2F,16330,3}, {0xBF30,16333,3}, {0xBF31,16336,3}, {0xBF32,16339,3}, {0xBF33,16342,3},
    {0xBF34,16345,3}, {0xBF35,16348,3}, {0xBF36,16351,3}, {0xBF37,16354,3}, {0xBF38,16357,3}, {0xBF39,16360,3},
    {0xBF3A,16363,3}, {0xBF3B,16366,3}, {0xBF3C,16369,3}, {0xBF3D,16372,3}, {0xBF3E,16375,3}, {0xBF3F,16378,3},
    {0xBF40,16381,2}, {0xBF41,16383,3}, {0xBF42,16386,3}, {0xBF43,16389,3}, {0xBF44,16392,3}, {0xBF45,16395,3},
    {0xBF46,16398,3}, {0xBF47,16401,3}, {0xBF48,16404,3}, {0xBF49,16407,3}, {0xBF4A,16410,3}, {0xBF4B,16413,3},
    {0xBF4C,16416,3}, {0xBF4D,16419,3}, {0xBF4E,16422,3}, {0xBF4F,16425,3}, {0xBF50,16428,3}, {0xBF51,16431,3},
    {0xBF52,16434,3}, {0xBF53,16437,3}, {0xBF54,16440,3}, {0xBF55,16443,3}, {0xBF56,16446,3}, {0xBF57,16449,3},
    {0xBF58,16452,3}, {0xBF59,16455,3}, {0xBF5A,16458,3}, {0xBF5B,16461,3}, {0xBF5C,16464,2}, {0xBF5D,16466,3},
    {0xBF5E,16469,3}, {0xBF5F,16472,3}, {0xBF60,16475,3}, {0xBF61,16478,3}, {0xBF62,16481,3}, {0xBF63,16484,3},
    {0xBF64,16487,3}, {0xBF65,16490,3}, {0xBF66,16493,3}, {0xBF67,16496,3}, {0xBF68,16499,3}, {0xBF69,16502,3},
    {0xBF6A,16505,3}, {0xBF6B,16508,3}, {0xBF6C,16511,3}, {0xBF6D,16514,3}, {0xBF6E,16517,3}, {0xBF6F,16520,3},
    {0xBF70,16523,3}, {0xBF71,16526,3}, {0xBF72,16529,3}, {0xBF73,16532,3}, {0xBF74,16535,3}, {0xBF75,16538,3},
    {0xBF76,16541,3}, {0xBF77,16544,3}, {0xBF78,16547,2}, {0xBF79,16549,3}, {0xBF7A,16552,3}, {0xBF7B,16555,3},
    {0xBF7C,16558,3}, {0xBF7D,16561,3}, {0xBF7E,16564,3}, {0xBF7F,16567,3}, {0xBF80,16570,3}, {0xBF81,16573,3},
    {0xBF82,16576,3}, {0xBF83,16579,3}, {0xBF84,16582,3}, {0xBF85,16585,3}, {0xBF86,16588,3}, {0xBF87,16591,3},
    {0xBF88,16594,3}, {0xBF89,16597,3}, {0xBF8A,16600,3}, {0xBF8B,16603,3}, {0xBF8C,16606,3}, {0xBF8D,16609,3},
    {0xBF8E,16612,3}, {0xBF8F,16615,3}, {0xBF90,16618,3}, {0xBF91,16621,3}, {0xBF92,16624,3}, {0xBF93,16627,3},
    {0xBF94,16630,2}, {0xBF95,16632,3}, {0xBF96,16635,3}, {0xBF97,16638,3}, {0xBF98,16641,3}, {0xBF99,16644,3},
    {0xBF9A,16647,3}, {0xBF9B,16650,3}, {0xBF9C,16653,3}, {0xBF9D,16656,3}, {0xBF9E,16659,3}, {0xBF9F,16662,3},
    {0xBFA0,16665,3}, {0xBFA1,16668,3}, {0xBFA2,16671,3}, {0xBFA3,16674,3}, {0xBFA4,16677,3}, {0xBFA5,16680,3},
    {0xBFA6,16683,3}, {0xBFA7,16686,3}, {0xBFA8,16689,3}, {0xBFA9,16692,3}, {0xBFAA,16695,3}, {0xBFAB,16698,3},
    {0xBFAC,16701,3}, {0xBFAD,16704,3}, {0xBFAE,16707,3}, {0xBFAF,16710,3}, {0xBFB0,16713,2}, {0xBFB1,16715,3},
    {0xBFB2,16718,3}, {0xBFB3,16721,3}, {0xBFB4,16724,3}, {0xBFB5,16727,3}, {0xBFB6,16730,3}, {0xBFB7,16733,3},
    {0xBFB8,16736,3}, {0xBFB9,16739,3}, {0xBFBA,16742,3}, {0xBFBB,16745,3}, {0xBFBC,16748,3}, {0xBFBD,16751,3},
    {0xBFBE,16754,3}, {0xBFBF,16757,3}, {0xBFC0,16760,3}, {0xBFC1,16763,3}, {0xBFC2,16766,3}, {0xBFC3,16769,3},
    {0xBFC4,16772,3}, {0xBFC5,16775,3}, {0xBFC6,16778,3}, {0xBFC7,16781,3}, {0xBFC8,16784,3}, {0xBFC9,16787,3},
    {0xBFCA,16790,3}, {0xBFCB,16793,3}, {0xBFCC,16796,2}, {0xBFCD,16798,3}, {0xBFCE,16801,3}, {0xBFCF,16804,3},
    {0xBFD0,16807,3}, {0xBFD1,16810,3}, {0xBFD2,16813,3}, {0xBFD3,16816,3}, {0xBFD4,16819,3}, {0xBFD5,16822,3},
    {0xBFD6,16825,3}, {0xBFD7,16828,3}, {0xBFD8,16831,3}, {0xBFD9,16834,3}, {0xBFDA,16837,3}, {0xBFDB,16840,3},
    {0xBFDC,16843,3}, {0xBFDD,16846,3}, {0xBFDE,16849,3}, {0xBFDF,16852,3}, {0xBFE0,16855,3}, {0xBFE1,16858,3},
    {0xBFE2,16861,3}, {0xBFE3,16864,3}, {0xBFE4,16867,3}, {0xBFE5,16870,3}, {0xBFE6,16873,3}, {0xBFE7,16876,3},
    {0xBFE8,16879,2}, {0xBFE9,16881,3}, {0xBFEA,16884,3}, {0xBFEB,16887,3}, {0xBFEC,16890,3}, {0xBFED,16893,3},
    {0xBFEE,16896,3}, {0xBFEF,16899,3}, {0xBFF0,16902,3}, {0xBFF1,16905,3}, {0xBFF2,16908,3}, {0xBFF3,16911,3},
    {0xBFF4,16914,3}, {0xBFF5,16917,3}, {0xBFF6,16920,3}, {0xBFF7,16923,3}, {0xBFF8,16926,3}, {0xBFF9,16929,3},
    {0xBFFA,16932,3}, {0xBFFB,16935,3}, {0xBFFC,16938,3}, {0xBFFD,16941,3}, {0xBFFE,16944,3}, {0xBFFF,16947,3},
    {0xC000,16950,3}, {0xC001,16953,3}, {0xC002,16956,3}, {0xC003,16959,3}, {0xC004,16962,2}, {0xC005,16964,3},
    {0xC006,16967,3}, {0xC007,16970,3}, {0xC008,16973,3}, {0xC009,16976,3}, {0xC00A,16979,3}, {0xC00B,16982,3},
    {0xC00C,16985,3}, {0xC00D,16988,3}, {0xC00E,16991,3}, {0xC00F,16994,3}, {0xC010,16997,3}, {0xC011,17000,3},
    {0xC012,17003,3}, {0xC013,17006,3}, {0xC014,17009,3}, {0xC015,17012,3}, {0xC016,17015,3}, {0xC017,17018,3},
    {0xC018,17021,3}, {0xC019,17024,3}, {0xC01A,17027,3}, {0xC01B,17030,3}, {0xC01C,17033,3}, {0xC01D,17036,3},
    {0xC01E,17039,3}, {0xC01F,17042,3}, {0xC020,17045,2}, {0xC021,17047,3}, {0xC022,17050,3}, {0xC023,17053,3},
    {0xC024,17056,3}, {0xC025,17059,3}, {0xC026,17062,3}, {0xC027,17065,3}, {0xC028,17068,3}, {0xC029,17071,3},
    {0xC02A,17074,3}, {0xC02B,17077,3}, {0xC02C,17080,3}, {0xC02D,17083,3}, {0xC02E,17086,3}, {0xC02F,17089,3},
    {0xC030,17092,3}, {0xC031,17095,3}, {0xC032,17098,3}, {0xC033,17101,3}, {0xC034,17104,3}, {0xC035,17107,3},
    {0xC036,17110,3}, {0xC037,17113,3}, {0xC038,17116,3}, {0xC039,17119,3}, {0xC03A,17122,3}, {0xC03B,17125,3},
    {0xC03C,17128,2}, {0xC03D,17130,3}, {0xC03E,17133,3}, {0xC03F,17136,3}, {0xC040,17139,3}, {0xC041,17142,3},
    {0xC042,17145,3}, {0xC043,17148,3}, {0xC044,17151,3}, {0xC045,17154,3}, {0xC046,17157,3}, {0xC047,17160,3},
    {0xC048,17163,3}, {0xC049,17166,3}, {0xC04A,17169,3}, {0xC04B,17172,3}, {0xC04C,17175,3}, {0xC04D,17178,3},
    {0xC04E,17181,3}, {0xC04F,17184,3}, {0xC050,17187,3}, {0xC051,17190,3}, {0xC052,17193,3}, {0xC053,17196,3},
    {0xC054,17199,3}, {0xC055,17202,3}, {0xC056,17205,3}, {0xC057,17208,3}, {0xC058,17211,2}, {0xC059,17213,3},
    {0xC05A,17216,3}, {0xC05B,17219,3}, {0xC05C,17222,3}, {0xC05D,17225,3}, {0xC05E,17228,3}, {0xC05F,17231,3},
    {0xC060,17234,3}, {0xC061,17237,3}, {0xC062,17240,3}, {0xC063,17243,3}, {0xC064,17246,3}, {0xC065,17249,3},
    {0xC066,17252,3}, {0xC067,17255,3}, {0xC068,17258,3}, {0xC069,17261,3}, {0xC06A,17264,3}, {0xC06B,17267,3},
    {0xC06C,17270,3}, {0xC06D,17273,3}, {0xC06E,17276,3}, {0xC06F,17279,3}, {0xC070,17282,3}, {0xC071,17285,3},
    {0xC072,17288,3}, {0xC073,17291,3}, {0xC074,17294,2}, {0xC075,17296,3}, {0xC076,17299,3}, {0xC077,17302,3},
    {0xC078,17305,3}, {0xC079,17308,3}, {0xC07A,17311,3}, {0xC07B,17314,3}, {0xC07C,17317,3}, {0xC07D,17320,3},
    {0xC07E,17323,3}, {0xC07F,17326,3}, {0xC080,17329,3}, {0xC081,17332,3}, {0xC082,17335,3}, {0xC083,17338,3},
    {0xC084,17341,3}, {0xC085,17344,3}, {0xC086,17347,3}, {0xC087,17350,3}, {0xC088,17353,3}, {0xC089,17356,3},
    {0xC08A,17359,3}, {0xC08B,17362,3}, {0xC08C,17365,3}, {0xC08D,17368,3}, {0xC08E,17371,3}, {0xC08F,17374,3},
    {0xC090,17377,2}, {0xC091,17379,3}, {0xC092,17382,3}, {0xC093,17385,3}, {0xC094,17388,3}, {0xC095,17391,3},
    {0xC096,17394,3}, {0xC097,17397,3}, {0xC098,17400,3}, {0xC099,17403,3}, {0xC09A,17406,3}, {0xC09B,17409,3},
    {0xC09C,17412,3}, {0xC09D,17415,3}, {0xC09E,17418,3}, {0xC09F,17421,3}, {0xC0A0,17424,3}, {0xC0A1,17427,3},
    {0xC0A2,17430,3}, {0xC0A3,17433,3}, {0xC0A4,17436,3}, {0xC0A5,17439,3}, {0xC0A6,17442,3}, {0xC0A7,17445,3},
    {0xC0A8,17448,3}, {0xC0A9,17451,3}, {0xC0AA,17454,3}, {0xC0AB,17457,3}, {0xC0AC,17460,2}, {0xC0AD,17462,3},
    {0xC0AE,17465,3}, {0xC0AF,17468,3}, {0xC0B0,17471,3}, {0xC0B1,17474,3}, {0xC0B2,17477,3}, {0xC0B3,17480,3},
    {0xC0B4,17483,3}, {0xC0B5,17486,3}, {0xC0B6,17489,3}, {0xC0B7,17492,3}, {0xC0B8,17495,3}, {0xC0B9,17498,3},
    {0xC0BA,17501,3}, {0xC0BB,17504,3}, {0xC0BC,17507,3}, {0xC0BD,17510,3}, {0xC0BE,17513,3}, {0xC0BF,17516,3},
    {0xC0C0,17519,3}, {0xC0C1,17522,3}, {0xC0C2,17525,3}, {0xC0C3,17528,3}, {0xC0C4,17531,3}, {0xC0C5,17534,3},
    {0xC0C6,17537,3}, {0xC0C7,17540,3}, {0xC0C8,17543,2}, {0xC0C9,17545,3}, {0xC0CA,17548,3}, {0xC0CB,17551,3},
    {0xC0CC,17554,3}, {0xC0CD,17557,3}, {0xC0CE,17560,3}, {0xC0CF,17563,3}, {0xC0D0,17566,3}, {0xC0D1,17569,3},
    {0xC0D2,17572,3}, {0xC0D3,17575,3}, {0xC0D4,17578,3}, {0xC0D5,17581,3}, {0xC0D6,17584,3}, {0xC0D7,17587,3},
    {0xC0D8,17590,3}, {0xC0D9,17593,3}, {0xC0DA,17596,3}, {0xC0DB,17599,3}, {0xC0DC,17602,3}, {0xC0DD,17605,3},
    {0xC0DE,17608,3}, {0xC0DF,17611,3}, {0xC0E0,17614,3}, {0xC0E1,17617,3}, {0xC0E2,17620,3}, {0xC0E3,17623,3},
    {0xC0E4,17626,2}, {0xC0E5,17628,3}, {0xC0E6,17631,3}, {0xC0E7,17634,3}, {0xC0E8,17637,3}, {0xC0E9,17640,3},
    {0xC0EA,17643,3}, {0xC0EB,17646,3}, {0xC0EC,17649,3}, {0xC0ED,17652,3}, {0xC0EE,17655,3}, {0xC0EF,17658,3},
    {0xC0F0,17661,3}, {0xC0F1,17664,3}, {0xC0F2,17667,3}, {0xC0F3,17670,3}, {0xC0F4,17673,3}, {0xC0F5,17676,3},
    {0xC0F6,17679,3}, {0xC0F7,17682,3}, {0xC0F8,17685,3}, {0xC0F9,17688,3}, {0xC0FA,17691,3}, {0xC0FB,17694,3},
    {0xC0FC,17697,3}, {0xC0FD,17700,3}, {0xC0FE,17703,3}, {0xC0FF,17706,3}, {0xC100,17709,2}, {0xC101,17711,3},
    {0xC102,17714,3}, {0xC103,17717,3}, {0xC104,17720,3}, {0xC105,17723,3}, {0xC106,17726,3}, {0xC107,17729,3},
    {0xC108,17732,3}, {0xC109,17735,3}, {0xC10A,17738,3}, {0xC10B,17741,3}, {0xC10C,17744,3}, {0xC10D,17747,3},
    {0xC10E,17750,3}, {0xC10F,17753,3}, {0xC110,17756,3}, {0xC111,17759,3}, {0xC112,17762,3}, {0xC113,17765,3},
    {0xC114,17768,3}, {0xC115,17771,3}, {0xC116,17774,3}, {0xC117,17777,3}, {0xC118,17780,3}, {0xC119,17783,3},
    {0xC11A,17786,3}, {0xC11B,17789,3}, {0xC11C,17792,2}, {0xC11D,17794,3}, {0xC11E,17797,3}, {0xC11F,17800,3},
    {0xC120,17803,3}, {0xC121,17806,3}, {0xC122,17809,3}, {0xC123,17812,3}, {0xC124,17815,3}, {0xC125,17818,3},
    {0xC126,17821,3}, {0xC127,17824,3}, {0xC128,17827,3}, {0xC129,17830,3}, {0xC12A,17833,3}, {0xC12B,17836,3},
    {0xC12C,17839,3}, {0xC12D,17842,3}, {0xC12E,17845,3}, {0xC12F,17848,3}, {0xC130,17851,3}, {0xC131,17854,3},
    {0xC132,17857,3}, {0xC133,17860,3}, {0xC134,17863,3}, {0xC135,17866,3}, {0xC136,17869,3}, {0xC137,17872,3},
    {0xC138,17875,2}, {0xC139,17877,3}, {0xC13A,17880,3}, {0xC13B,17883,3}, {0xC13C,17886,3}, {0xC13D,17889,3},
    {0xC13E,17892,3}, {0xC13F,17895,3}, {0xC140,17898,3}, {0xC141,17901,3}, {0xC142,17904,3}, {0xC143,17907,3},
    {0xC144,17910,3}, {0xC145,17913,3}, {0xC146,17916,3}, {0xC147,17919,3}, {0xC148,17922,3}, {0xC149,17925,3},
    {0xC14A,17928,3}, {0xC14B,17931,3}, {0xC14C,17934,3}, {0xC14D,17937,3}, {0xC14E,17940,3}, {0xC14F,17943,3},
    {0xC150,17946,3}, {0xC151,17949,3}, {0xC152,17952,3}, {0xC153,17955,3}, {0xC154,17958,2}, {0xC155,17960,3},
    {0xC156,17963,3}, {0xC157,17966,3}, {0xC158,17969,3}, {0xC159,17972,3}, {0xC15A,17975,3}, {0xC15B,17978,3},
    {0xC15C,17981,3}, {0xC15D,17984,3}, {0xC15E,17987,3}, {0xC15F,17990,3}, {0xC160,17993,3}, {0xC161,17996,3},
    {0xC162,17999,3}, {0xC163,18002,3}, {0xC164,18005,3}, {0xC165,18008,3}, {0xC166,18011,3}, {0xC167,18014,3},
    {0xC168,18017,3}, {0xC169,18020,3}, {0xC16A,18023,3}, {0xC16B,18026,3}, {0xC16C,18029,3}, {0xC16D,18032,3},
    {0xC16E,18035,3}, {0xC16F,18038,3}, {0xC170,18041,2}, {0xC171,18043,3}, {0xC172,18046,3}, {0xC173,18049,3},
    {0xC174,18052,3}, {0xC175,18055,3}, {0xC176,18058,3}, {0xC177,18061,3}, {0xC178,18064,3}, {0xC179,18067,3},
    {0xC17A,18070,3}, {0xC17B,18073,3}, {0xC17C,18076,3}, {0xC17D,18079,3}, {0xC17E,18082,3}, {0xC17F,18085,3},
    {0xC180,18088,3}, {0xC181,18091,3}, {0xC182,18094,3}, {0xC183,18097,3}, {0xC184,18100,3}, {0xC185,18103,3},
    {0xC186,18106,3}, {0xC187,18109,3}, {0xC188,18112,3}, {0xC189,18115,3}, {0xC18A,18118,3}, {0xC18B,18121,3},
    {0xC18C,18124,2}, {0xC18D,18126,3}, {0xC18E,18129,3}, {0xC18F,18132,3}, {0xC190,18135,3}, {0xC191,18138,3},
    {0xC192,18141,3}, {0xC193,18144,3}, {0xC194,18147,3}, {0xC195,18150,3}, {0xC196,18153,3}, {0xC197,18156,3},
    {0xC198,18159,3}, {0xC199,18162,3}, {0xC19A,18165,3}, {0xC19B,18168,3}, {0xC19C,18171,3}, {0xC19D,18174,3},
    {0xC19E,18177,3}, {0xC19F,18180,3}, {0xC1A0,18183,3}, {0xC1A1,18186,3}, {0xC1A2,18189,3}, {0xC1A3,18192,3},
    {0xC1A4,18195,3}, {0xC1A5,18198,3}, {0xC1A6,18201,3}, {0xC1A7,18204,3}, {0xC1A8,18207,2}, {0xC1A9,18209,3},
    {0xC1AA,18212,3}, {0xC1AB,18215,3}, {0xC1AC,18218,3}, {0xC1AD,18221,3}, {0xC1AE,18224,3}, {0xC1AF,18227,3},
    {0xC1B0,18230,3}, {0xC1B1,18233,3}, {0xC1B2,18236,3}, {0xC1B3,18239,3}, {0xC1B4,18242,3}, {0xC1B5,18245,3},
    {0xC1B6,18248,3}, {0xC1B7,18251,3}, {0xC1B8,18254,3}, {0xC1B9,18257,3}, {0xC1BA,18260,3}, {0xC1BB,18263,3},
    {0xC1BC,18266,3}, {0xC1BD,18269,3}, {0xC1BE,18272,3}, {0xC1BF,18275,3}, {0xC1C0,18278,3}, {0xC1C1,18281,3},
    {0xC1C2,18284,3}, {0xC1C3,18287,3}, {0xC1C4,18290,2}, {0xC1C5,18292,3}, {0xC1C6,18295,3}, {0xC1C7,18298,3},
    {0xC1C8,18301,3}, {0xC1C9,18304,3}, {0xC1CA,18307,3}, {0xC1CB,18310,3}, {0xC1CC,18313,3}, {0xC1CD,18316,3},
    {0xC1CE,18319,3}, {0xC1CF,18322,3}, {0xC1D0,18325,3}, {0xC1D1,18328,3}, {0xC1D2,18331,3}, {0xC1D3,18334,3},
    {0xC1D4,18337,3}, {0xC1D5,18340,3}, {0xC1D6,18343,3}, {0xC1D7,18346,3}, {0xC1D8,18349,3}, {0xC1D9,18352,3},
    {0xC1DA,18355,3}, {0xC1DB,18358,3}, {0xC1DC,18361,3}, {0xC1DD,18364,3}, {0xC1DE,18367,3}, {0xC1DF,18370,3},
    {0xC1E0,18373,2}, {0xC1E1,18375,3}, {0xC1E2,18378,3}, {0xC1E3,18381,3}, {0xC1E4,18384,3}, {0xC1E5,18387,3},
    {0xC1E6,18390,3}, {0xC1E7,18393,3}, {0xC1E8,18396,3}, {0xC1E9,18399,3}, {0xC1EA,18402,3}, {0xC1EB,18405,3},
    {0xC1EC,18408,3}, {0xC1ED,18411,3}, {0xC1EE,18414,3}, {0xC1EF,18417,3}, {0xC1F0,18420,3}, {0xC1F1,18423,3},
    {0xC1F2,18426,3}, {0xC1F3,18429,3}, {0xC1F4,18432,3}, {0xC1F5,18435,3}, {0xC1F6,18438,3}, {0xC1F7,18441,3},
    {0xC1F8,18444,3}, {0xC1F9,18447,3}, {0xC1FA,18450,3}, {0xC1FB,18453,3}, {0xC1FC,18456,2}, {0xC1FD,18458,3},
    {0xC1FE,18461,3}, {0xC1FF,18464,3}, {0xC200,18467,3}, {0xC201,18470,3}, {0xC202,18473,3}, {0xC203,18476,3},
    {0xC204,18479,3}, {0xC205,18482,3}, {0xC206,18485,3}, {0xC207,18488,3}, {0xC208,18491,3}, {0xC209,18494,3},
    {0xC20A,18497,3}, {0xC20B,18500,3}, {0xC20C,18503,3}, {0xC20D,18506,3}, {0xC20E,18509,3}, {0xC20F,18512,3},
    {0xC210,18515,3}, {0xC211,18518,3}, {0xC212,18521,3}, {0xC213,18524,3}, {0xC214,18527,3}, {0xC215,18530,3},
    {0xC216,18533,3}, {0xC217,18536,3}, {0xC218,18539,2}, {0xC219,18541,3}, {0xC21A,18544,3}, {0xC21B,18547,3},
    {0xC21C,18550,3}, {0xC21D,18553,3}, {0xC21E,18556,3}, {0xC21F,18559,3}, {0xC220,18562,3}, {0xC221,18565,3},
    {0xC222,18568,3}, {0xC223,18571,3}, {0xC224,18574,3}, {0xC225,18577,3}, {0xC226,18580,3}, {0xC227,18583,3},
    {0xC228,18586,3}, {0xC229,18589,3}, {0xC22A,18592,3}, {0xC22B,18595,3}, {0xC22C,18598,3}, {0xC22D,18601,3},
    {0xC22E,18604,3}, {0xC22F,18607,3}, {0xC230,18610,3}, {0xC231,18613,3}, {0xC232,18616,3}, {0xC233,18619,3},
    {0xC234,18622,2}, {0xC235,18624,3}, {0xC236,18627,3}, {0xC237,18630,3}, {0xC238,18633,3}, {0xC239,18636,3},
    {0xC23A,18639,3}, {0xC23B,18642,3}, {0xC23C,18645,3}, {0xC23D,18648,3}, {0xC23E,18651,3}, {0xC23F,18654,3},
    {0xC240,18657,3}, {0xC241,18660,3}, {0xC242,18663,3}, {0xC243,18666,3}, {0xC244,18669,3}, {0xC245,18672,3},
    {0xC246,18675,3}, {0xC247,18678,3}, {0xC248,18681,3}, {0xC249,18684,3}, {0xC24A,18687,3}, {0xC24B,18690,3},
    {0xC24C,18693,3}, {0xC24D,18696,3}, {0xC24E,18699,3}, {0xC24F,18702,3}, {0xC250,18705,2}, {0xC251,18707,3},
    {0xC252,18710,3}, {0xC253,18713,3}, {0xC254,18716,3}, {0xC255,18719,3}, {0xC256,18722,3}, {0xC257,18725,3},
    {0xC258,18728,3}, {0xC259,18731,3}, {0xC25A,18734,3}, {0xC25B,18737,3}, {0xC25C,18740,3}, {0xC25D,18743,3},
    {0xC25E,18746,3}, {0xC25F,18749,3}, {0xC260,18752,3}, {0xC261,18755,3}, {0xC262,18758,3}, {0xC263,18761,3},
    {0xC264,18764,3}, {0xC265,18767,3}, {0xC266,18770,3}, {0xC267,18773,3}, {0xC268,18776,3}, {0xC269,18779,3},
    {0xC26A,18782,3}, {0xC26B,18785,3}, {0xC26C,18788,2}, {0xC26D,18790,3}, {0xC26E,18793,3}, {0xC26F,18796,3},
    {0xC270,18799,3}, {0xC271,18802,3}, {0xC272,18805,3}, {0xC273,18808,3}, {0xC274,18811,3}, {0xC275,18814,3},
    {0xC276,18817,3}, {0xC277,18820,3}, {0xC278,18823,3}, {0xC279,18826,3}, {0xC27A,18829,3}, {0xC27B,18832,3},
    {0xC27C,18835,3}, {0xC27D,18838,3}, {0xC27E,18841,3}, {0xC27F,18844,3}, {0xC280,18847,3}, {0xC281,18850,3},
    {0xC282,18853,3}, {0xC283,18856,3}, {0xC284,18859,3}, {0xC285,18862,3}, {0xC286,18865,3}, {0xC287,18868,3},
    {0xC288,18871,2}, {0xC289,18873,3}, {0xC28A,18876,3}, {0xC28B,18879,3}, {0xC28C,18882,3}, {0xC28D,18885,3},
    {0xC28E,18888,3}, {0xC28F,18891,3}, {0xC290,18894,3}, {0xC291,18897,3}, {0xC292,18900,3}, {0xC293,18903,3},
    {0xC294,18906,3}, {0xC295,18909,3}, {0xC296,18912,3}, {0xC297,18915,3}, {0xC298,18918,3}, {0xC299,18921,3},
    {0xC29A,18924,3}, {0xC29B,18927,3}, {0xC29C,18930,3}, {0xC29D,18933,3}, {0xC29E,18936,3}, {0xC29F,18939,3},
    {0xC2A0,18942,3}, {0xC2A1,18945,3}, {0xC2A2,18948,3}, {0xC2A3,18951,3}, {0xC2A4,18954,2}, {0xC2A5,18956,3},
    {0xC2A6,18959,3}, {0xC2A7,18962,3}, {0xC2A8,18965,3}, {0xC2A9,18968,3}, {0xC2AA,18971,3}, {0xC2AB,18974,3},
    {0xC2AC,18977,3}, {0xC2AD,18980,3}, {0xC2AE,18983,3}, {0xC2AF,18986,3}, {0xC2B0,18989,3}, {0xC2B1,18992,3},
    {0xC2B2,18995,3}, {0xC2B3,18998,3}, {0xC2B4,19001,3}, {0xC2B5,19004,3}, {0xC2B6,19007,3}, {0xC2B7,19010,3},
    {0xC2B8,19013,3}, {0xC2B9,19016,3}, {0xC2BA,19019,3}, {0xC2BB,19022,3}, {0xC2BC,19025,3}, {0xC2BD,19028,3},
    {0xC2BE,19031,3}, {0xC2BF,19034,3}, {0xC2C0,19037,2}, {0xC2C1,19039,3}, {0xC2C2,19042,3}, {0xC2C3,19045,3},
    {0xC2C4,19048,3}, {0xC2C5,19051,3}, {0xC2C6,19054,3}, {0xC2C7,19057,3}, {0xC2C8,19060,3}, {0xC2C9,19063,3},
    {0xC2CA,19066,3}, {0xC2CB,19069,3}, {0xC2CC,19072,3}, {0xC2CD,19075,3}, {0xC2CE,19078,3}, {0xC2CF,19081,3},
    {0xC2D0,19084,3}, {0xC2D1,19087,3}, {0xC2D2,19090,3}, {0xC2D3,19093,3}, {0xC2D4,19096,3}, {0xC2D5,19099,3},
    {0xC2D6,19102,3}, {0xC2D7,19105,3}, {0xC2D8,19108,3}, {0xC2D9,19111,3}, {0xC2DA,19114,3}, {0xC2DB,19117,3},
    {0xC2DC,19120,2}, {0xC2DD,19122,3}, {0xC2DE,19125,3}, {0xC2DF,19128,3}, {0xC2E0,19131,3}, {0xC2E1,19134,3},
    {0xC2E2,19137,3}, {0xC2E3,19140,3}, {0xC2E4,19143,3}, {0xC2E5,19146,3}, {0xC2E6,19149,3}, {0xC2E7,19152,3},
    {0xC2E8,19155,3}, {0xC2E9,19158,3}, {0xC2EA,19161,3}, {0xC2EB,19164,3}, {0xC2EC,19167,3}, {0xC2ED,19170,3},
    {0xC2EE,19173,3}, {0xC2EF,19176,3}, {0xC2F0,19179,3}, {0xC2F1,19182,3}, {0xC2F2,19185,3}, {0xC2F3,19188,3},
    {0xC2F4,19191,3}, {0xC2F5,19194,3}, {0xC2F6,19197,3}, {0xC2F7,19200,3}, {0xC2F8,19203,2}, {0xC2F9,19205,3},
    {0xC2FA,19208,3}, {0xC2FB,19211,3}, {0xC2FC,19214,3}, {0xC2FD,19217,3}, {0xC2FE,19220,3}, {0xC2FF,19223,3},
    {0xC300,19226,3}, {0xC301,19229,3}, {0xC302,19232,3}, {0xC303,19235,3}, {0xC304,19238,3}, {0xC305,19241,3},
    {0xC306,19244,3}, {0xC307,19247,3}, {0xC308,19250,3}, {0xC309,19253,3}, {0xC30A,19256,3}, {0xC30B,19259,3},
    {0xC30C,19262,3}, {0xC30D,19265,3}, {0xC30E,19268,3}, {0xC30F,19271,3}, {0xC310,19274,3}, {0xC311,19277,3},
    {0xC312,19280,3}, {0xC313,19283,3}, {0xC314,19286,2}, {0xC315,19288,3}, {0xC316,19291,3}, {0xC317,19294,3},
    {0xC318,19297,3}, {0xC319,19300,3}, {0xC31A,19303,3}, {0xC31B,19306,3}, {0xC31C,19309,3}, {0xC31D,19312,3},
    {0xC31E,19315,3}, {0xC31F,19318,3}, {0xC320,19321,3}, {0xC321,19324,3}, {0xC322,19327,3}, {0xC323,19330,3},
    {0xC324,19333,3}, {0xC325,19336,3}, {0xC326,19339,3}, {0xC327,19342,3}, {0xC328,19345,3}, {0xC329,19348,3},
    {0xC32A,19351,3}, {0xC32B,19354,3}, {0xC32C,19357,3}, {0xC32D,19360,3}, {0xC32E,19363,3}, {0xC32F,19366,3},
    {0xC330,19369,2}, {0xC331,19371,3}, {0xC332,19374,3}, {0xC333,19377,3}, {0xC334,19380,3}, {0xC335,19383,3},
    {0xC336,19386,3}, {0xC337,19389,3}, {0xC338,19392,3}, {0xC339,19395,3}, {0xC33A,19398,3}, {0xC33B,19401,3},
    {0xC33C,19404,3}, {0xC33D,19407,3}, {0xC33E,19410,3}, {0xC33F,19413,3}, {0xC340,19416,3}, {0xC341,19419,3},
    {0xC342,19422,3}, {0xC343,19425,3}, {0xC344,19428,3}, {0xC345,19431,3}, {0xC346,19434,3}, {0xC347,19437,3},
    {0xC348,19440,3}, {0xC349,19443,3}, {0xC34A,19446,3}, {0xC34B,19449,3}, {0xC34C,19452,2}, {0xC34D,19454,3},
    {0xC34E,19457,3}, {0xC34F,19460,3}, {0xC350,19463,3}, {0xC351,19466,3}, {0xC352,19469,3}, {0xC353,19472,3},
    {0xC354,19475,3}, {0xC355,19478,3}, {0xC356,19481,3}, {0xC357,19484,3}, {0xC358,19487,3}, {0xC359,19490,3},
    {0xC35A,19493,3}, {0xC35B,19496,3}, {0xC35C,19499,3}, {0xC35D,19502,3}, {0xC35E,19505,3}, {0xC35F,19508,3},
    {0xC360,19511,3}, {0xC361,19514,3}, {0xC362,19517,3}, {0xC363,19520,3}, {0xC364,19523,3}, {0xC365,19526,3},
    {0xC366,19529,3}, {0xC367,19532,3}, {0xC368,19535,2}, {0xC369,19537,3}, {0xC36A,19540,3}, {0xC36B,19543,3},
    {0xC36C,19546,3}, {0xC36D,19549,3}, {0xC36E,19552,3}, {0xC36F,19555,3}, {0xC370,19558,3}, {0xC371,19561,3},
    {0xC372,19564,3}, {0xC373,19567,3}, {0xC374,19570,3}, {0xC375,19573,3}, {0xC376,19576,3}, {0xC377,19579,3},
    {0xC378,19582,3}, {0xC379,19585,3}, {0xC37A,19588,3}, {0xC37B,19591,3}, {0xC37C,19594,3}, {0xC37D,19597,3},
    {0xC37E,19600,3}, {0xC37F,19603,3}, {0xC380,19606,3}, {0xC381,19609,3}, {0xC382,19612,3}, {0xC383,19615,3},
    {0xC384,19618,2}, {0xC385,19620,3}, {0xC386,19623,3}, {0xC387,19626,3}, {0xC388,19629,3}, {0xC389,19632,3},
    {0xC38A,19635,3}, {0xC38B,19638,3}, {0xC38C,19641,3}, {0xC38D,19644,3}, {0xC38E,19647,3}, {0xC38F,19650,3},
    {0xC390,19653,3}, {0xC391,19656,3}, {0xC392,19659,3}, {0xC393,19662,3}, {0xC394,19665,3}, {0xC395,19668,3},
    {0xC396,19671,3}, {0xC397,19674,3}, {0xC398,19677,3}, {0xC399,19680,3}, {0xC39A,19683,3}, {0xC39B,19686,3},
    {0xC39C,19689,3}, {0xC39D,19692,3}, {0xC39E,19695,3}, {0xC39F,19698,3}, {0xC3A0,19701,2}, {0xC3A1,19703,3},
    {0xC3A2,19706,3}, {0xC3A3,19709,3}, {0xC3A4,19712,3}, {0xC3A5,19715,3}, {0xC3A6,19718,3}, {0xC3A7,19721,3},
    {0xC3A8,19724,3}, {0xC3A9,19727,3}, {0xC3AA,19730,3}, {0xC3AB,19733,3}, {0xC3AC,19736,3}, {0xC3AD,19739,3},
    {0xC3AE,19742,3}, {0xC3AF,19745,3}, {0xC3B0,19748,3}, {0xC3B1,19751,3}, {0xC3B2,19754,3}, {0xC3B3,19757,3},
    {0xC3B4,19760,3}, {0xC3B5,19763,3}, {0xC3B6,19766,3}, {0xC3B7,19769,3}, {0xC3B8,19772,3}, {0xC3B9,19775,3},
    {0xC3BA,19778,3}, {0xC3BB,19781,3}, {0xC3BC,19784,2}, {0xC3BD,19786,3}, {0xC3BE,19789,3}, {0xC3BF,19792,3},
    {0xC3C0,19795,3}, {0xC3C1,19798,3}, {0xC3C2,19801,3}, {0xC3C3,19804,3}, {0xC3C4,19807,3}, {0xC3C5,19810,3},
    {0xC3C6,19813,3}, {0xC3C7,19816,3}, {0xC3C8,19819,3}, {0xC3C9,19822,3}, {0xC3CA,19825,3}, {0xC3CB,19828,3},
    {0xC3CC,19831,3}, {0xC3CD,19834,3}, {0xC3CE,19837,3}, {0xC3CF,19840,3}, {0xC3D0,19843,3}, {0xC3D1,19846,3},
    {0xC3D2,19849,3}, {0xC3D3,19852,3}, {0xC3D4,19855,3}, {0xC3D5,19858,3}, {0xC3D6,19861,3}, {0xC3D7,19864,3},
    {0xC3D8,19867,2}, {0xC3D9,19869,3}, {0xC3DA,19872,3}, {0xC3DB,19875,3}, {0xC3DC,19878,3}, {0xC3DD,19881,3},
    {0xC3DE,19884,3}, {0xC3DF,19887,3}, {0xC3E0,19890,3}, {0xC3E1,19893,3}, {0xC3E2,19896,3}, {0xC3E3,19899,3},
    {0xC3E4,19902,3}, {0xC3E5,19905,3}, {0xC3E6,19908,3}, {0xC3E7,19911,3}, {0xC3E8,19914,3}, {0xC3E9,19917,3},
    {0xC3EA,19920,3}, {0xC3EB,19923,3}, {0xC3EC,19926,3}, {0xC3ED,19929,3}, {0xC3EE,19932,3}, {0xC3EF,19935,3},
    {0xC3F0,19938,3}, {0xC3F1,19941,3}, {0xC3F2,19944,3}, {0xC3F3,19947,3}, {0xC3F4,19950,2}, {0xC3F5,19952,3},
    {0xC3F6,19955,3}, {0xC3F7,19958,3}, {0xC3F8,19961,3}, {0xC3F9,19964,3}, {0xC3FA,19967,3}, {0xC3FB,19970,3},
    {0xC3FC,19973,3}, {0xC3FD,19976,3}, {0xC3FE,19979,3}, {0xC3FF,19982,3}, {0xC400,19985,3}, {0xC401,19988,3},
    {0xC402,19991,3}, {0xC403,19994,3}, {0xC404,19997,3}, {0xC405,20000,3}, {0xC406,20003,3}, {0xC407,20006,3},
    {0xC408,20009,3}, {0xC409,20012,3}, {0xC40A,20015,3}, {0xC40B,20018,3}, {0xC40C,20021,3}, {0xC40D,20024,3},
    {0xC40E,20027,3}, {0xC40F,20030,3}, {0xC410,20033,2}, {0xC411,20035,3}, {0xC412,20038,3}, {0xC413,20041,3},
    {0xC414,20044,3}, {0xC415,20047,3}, {0xC416,20050,3}, {0xC417,20053,3}, {0xC418,20056,3}, {0xC419,20059,3},
    {0xC41A,20062,3}, {0xC41B,20065,3}, {0xC41C,20068,3}, {0xC41D,20071,3}, {0xC41E,20074,3}, {0xC41F,20077,3},
    {0xC420,20080,3}, {0xC421,20083,3}, {0xC422,20086,3}, {0xC423,20089,3}, {0xC424,20092,3}, {0xC425,20095,3},
    {0xC426,20098,3}, {0xC427,20101,3}, {0xC428,20104,3}, {0xC429,20107,3}, {0xC42A,20110,3}, {0xC42B,20113,3},
    {0xC42C,20116,2}, {0xC42D,20118,3}, {0xC42E,20121,3}, {0xC42F,20124,3}, {0xC430,20127,3}, {0xC431,20130,3},
    {0xC432,20133,3}, {0xC433,20136,3}, {0xC434,20139,3}, {0xC435,20142,3}, {0xC436,20145,3}, {0xC437,20148,3},
    {0xC438,20151,3}, {0xC439,20154,3}, {0xC43A,20157,3}, {0xC43B,20160,3}, {0xC43C,20163,3}, {0xC43D,20166,3},
    {0xC43E,20169,3}, {0xC43F,20172,3}, {0xC440,20175,3}, {0xC441,20178,3}, {0xC442,20181,3}, {0xC443,20184,3},
    {0xC444,20187,3}, {0xC445,20190,3}, {0xC446,20193,3}, {0xC447,20196,3}, {0xC448,20199,2}, {0xC449,20201,3},
    {0xC44A,20204,3}, {0xC44B,20207,3}, {0xC44C,20210,3}, {0xC44D,20213,3}, {0xC44E,20216,3}, {0xC44F,20219,3},
    {0xC450,20222,3}, {0xC451,20225,3}, {0xC452,20228,3}, {0xC453,20231,3}, {0xC454,20234,3}, {0xC455,20237,3},
    {0xC456,20240,3}, {0xC457,20243,3}, {0xC458,20246,3}, {0xC459,20249,3}, {0xC45A,20252,3}, {0xC45B,20255,3},
    {0xC45C,20258,3}, {0xC45D,20261,3}, {0xC45E,20264,3}, {0xC45F,20267,3}, {0xC460,20270,3}, {0xC461,20273,3},
    {0xC462,20276,3}, {0xC463,20279,3}, {0xC464,20282,2}, {0xC465,20284,3}, {0xC466,20287,3}, {0xC467,20290,3},
    {0xC468,20293,3}, {0xC469,20296,3}, {0xC46A,20299,3}, {0xC46B,20302,3}, {0xC46C,20305,3}, {0xC46D,20308,3},
    {0xC46E,20311,3}, {0xC46F,20314,3}, {0xC470,20317,3}, {0xC471,20320,3}, {0xC472,20323,3}, {0xC473,20326,3},
    {0xC474,20329,3}, {0xC475,20332,3}, {0xC476,20335,3}, {0xC477,20338,3}, {0xC478,20341,3}, {0xC479,20344,3},
    {0xC47A,20347,3}, {0xC47B,20350,3}, {0xC47C,20353,3}, {0xC47D,20356,3}, {0xC47E,20359,3}, {0xC47F,20362,3},
    {0xC480,20365,2}, {0xC481,20367,3}, {0xC482,20370,3}, {0xC483,20373,3}, {0xC484,20376,3}, {0xC485,20379,3},
    {0xC486,20382,3}, {0xC487,20385,3}, {0xC488,20388,3}, {0xC489,20391,3}, {0xC48A,20394,3}, {0xC48B,20397,3},
    {0xC48C,20400,3}, {0xC48D,20403,3}, {0xC48E,20406,3}, {0xC48F,20409,3}, {0xC490,20412,3}, {0xC491,20415,3},
    {0xC492,20418,3}, {0xC493,20421,3}, {0xC494,20424,3}, {0xC495,20427,3}, {0xC496,20430,3}, {0xC497,20433,3},
    {0xC498,20436,3}, {0xC499,20439,3}, {0xC49A,20442,3}, {0xC49B,20445,3}, {0xC49C,20448,2}, {0xC49D,20450,3},
    {0xC49E,20453,3}, {0xC49F,20456,3}, {0xC4A0,20459,3}, {0xC4A1,20462,3}, {0xC4A2,20465,3}, {0xC4A3,20468,3},
    {0xC4A4,20471,3}, {0xC4A5,20474,3}, {0xC4A6,20477,3}, {0xC4A7,20480,3}, {0xC4A8,20483,3}, {0xC4A9,20486,3},
    {0xC4AA,20489,3}, {0xC4AB,20492,3}, {0xC4AC,20495,3}, {0xC4AD,20498,3}, {0xC4AE,20501,3}, {0xC4AF,20504,3},
    {0xC4B0,20507,3}, {0xC4B1,20510,3}, {0xC4B2,20513,3}, {0xC4B3,20516,3}, {0xC4B4,20519,3}, {0xC4B5,20522,3},
    {0xC4B6,20525,3}, {0xC4B7,20528,3}, {0xC4B8,20531,2}, {0xC4B9,20533,3}, {0xC4BA,20536,3}, {0xC4BB,20539,3},
    {0xC4BC,20542,3}, {0xC4BD,20545,3}, {0xC4BE,20548,3}, {0xC4BF,20551,3}, {0xC4C0,20554,3}, {0xC4C1,20557,3},
    {0xC4C2,20560,3}, {0xC4C3,20563,3}, {0xC4C4,20566,3}, {0xC4C5,20569,3}, {0xC4C6,20572,3}, {0xC4C7,20575,3},
    {0xC4C8,20578,3}, {0xC4C9,20581,3}, {0xC4CA,20584,3}, {0xC4CB,20587,3}, {0xC4CC,20590,3}, {0xC4CD,20593,3},
    {0xC4CE,20596,3}, {0xC4CF,20599,3}, {0xC4D0,20602,3}, {0xC4D1,20605,3}, {0xC4D2,20608,3}, {0xC4D3,20611,3},
    {0xC4D4,20614,2}, {0xC4D5,20616,3}, {0xC4D6,20619,3}, {0xC4D7,20622,3}, {0xC4D8,20625,3}, {0xC4D9,20628,3},
    {0xC4DA,20631,3}, {0xC4DB,20634,3}, {0xC4DC,20637,3}, {0xC4DD,20640,3}, {0xC4DE,20643,3}, {0xC4DF,20646,3},
    {0xC4E0,20649,3}, {0xC4E1,20652,3}, {0xC4E2,20655,3}, {0xC4E3,20658,3}, {0xC4E4,20661,3}, {0xC4E5,20664,3},
    {0xC4E6,20667,3}, {0xC4E7,20670,3}, {0xC4E8,20673,3}, {0xC4E9,20676,3}, {0xC4EA,20679,3}, {0xC4EB,20682,3},
    {0xC4EC,20685,3}, {0xC4ED,20688,3}, {0xC4EE,20691,3}, {0xC4EF,20694,3}, {0xC4F0,20697,2}, {0xC4F1,20699,3},
    {0xC4F2,20702,3}, {0xC4F3,20705,3}, {0xC4F4,20708,3}, {0xC4F5,20711,3}, {0xC4F6,20714,3}, {0xC4F7,20717,3},
    {0xC4F8,20720,3}, {0xC4F9,20723,3}, {0xC4FA,20726,3}, {0xC4FB,20729,3}, {0xC4FC,20732,3}, {0xC4FD,20735,3},
    {0xC4FE,20738,3}, {0xC4FF,20741,3}, {0xC500,20744,3}, {0xC501,20747,3}, {0xC502,20750,3}, {0xC503,20753,3},
    {0xC504,20756,3}, {0xC505,20759,3}, {0xC506,20762,3}, {0xC507,20765,3}, {0xC508,20768,3}, {0xC509,20771,3},
    {0xC50A,20774,3}, {0xC50B,20777,3}, {0xC50C,20780,2}, {0xC50D,20782,3}, {0xC50E,20785,3}, {0xC50F,20788,3},
    {0xC510,20791,3}, {0xC511,20794,3}, {0xC512,20797,3}, {0xC513,20800,3}, {0xC514,20803,3}, {0xC515,20806,3},
    {0xC516,20809,3}, {0xC517,20812,3}, {0xC518,20815,3}, {0xC519,20818,3}, {0xC51A,20821,3}, {0xC51B,20824,3},
    {0xC51C,20827,3}, {0xC51D,20830,3}, {0xC51E,20833,3}, {0xC51F,20836,3}, {0xC520,20839,3}, {0xC521,20842,3},
    {0xC522,20845,3}, {0xC523,20848,3}, {0xC524,20851,3}, {0xC525,20854,3}, {0xC526,20857,3}, {0xC527,20860,3},
    {0xC528,20863,2}, {0xC529,20865,3}, {0xC52A,20868,3}, {0xC52B,20871,3}, {0xC52C,20874,3}, {0xC52D,20877,3},
    {0xC52E,20880,3}, {0xC52F,20883,3}, {0xC530,20886,3}, {0xC531,20889,3}, {0xC532,20892,3}, {0xC533,20895,3},
    {0xC534,20898,3}, {0xC535,20901,3}, {0xC536,20904,3}, {0xC537,20907,3}, {0xC538,20910,3}, {0xC539,20913,3},
    {0xC53A,20916,3}, {0xC53B,20919,3}, {0xC53C,20922,3}, {0xC53D,20925,3}, {0xC53E,20928,3}, {0xC53F,20931,3},
    {0xC540,20934,3}, {0xC541,20937,3}, {0xC542,20940,3}, {0xC543,20943,3}, {0xC544,20946,2}, {0xC545,20948,3},
    {0xC546,20951,3}, {0xC547,20954,3}, {0xC548,20957,3}, {0xC549,20960,3}, {0xC54A,20963,3}, {0xC54B,20966,3},
    {0xC54C,20969,3}, {0xC54D,20972,3}, {0xC54E,20975,3}, {0xC54F,20978,3}, {0xC550,20981,3}, {0xC551,20984,3},
    {0xC552,20987,3}, {0xC553,20990,3}, {0xC554,20993,3}, {0xC555,20996,3}, {0xC556,20999,3}, {0xC557,21002,3},
    {0xC558,21005,3}, {0xC559,21008,3}, {0xC55A,21011,3}, {0xC55B,21014,3}, {0xC55C,21017,3}, {0xC55D,21020,3},
    {0xC55E,21023,3}, {0xC55F,21026,3}, {0xC560,21029,2}, {0xC561,21031,3}, {0xC562,21034,3}, {0xC563,21037,3},
    {0xC564,21040,3}, {0xC565,21043,3}, {0xC566,21046,3}, {0xC567,21049,3}, {0xC568,21052,3}, {0xC569,21055,3},
    {0xC56A,21058,3}, {0xC56B,21061,3}, {0xC56C,21064,3}, {0xC56D,21067,3}, {0xC56E,21070,3}, {0xC56F,21073,3},
    {0xC570,21076,3}, {0xC571,21079,3}, {0xC572,21082,3}, {0xC573,21085,3}, {0xC574,21088,3}, {0xC575,21091,3},
    {0xC576,21094,3}, {0xC577,21097,3}, {0xC578,21100,3}, {0xC579,21103,3}, {0xC57A,21106,3}, {0xC57B,21109,3},
    {0xC57C,21112,2}, {0xC57D,21114,3}, {0xC57E,21117,3}, {0xC57F,21120,3}, {0xC580,21123,3}, {0xC581,21126,3},
    {0xC582,21129,3}, {0xC583,21132,3}, {0xC584,21135,3}, {0xC585,21138,3}, {0xC586,21141,3}, {0xC587,21144,3},
    {0xC588,21147,3}, {0xC589,21150,3}, {0xC58A,21153,3}, {0xC58B,21156,3}, {0xC58C,21159,3}, {0xC58D,21162,3},
    {0xC58E,21165,3}, {0xC58F,21168,3}, {0xC590,21171,3}, {0xC591,21174,3}, {0xC592,21177,3}, {0xC593,21180,3},
    {0xC594,21183,3}, {0xC595,21186,3}, {0xC596,21189,3}, {0xC597,21192,3}, {0xC598,21195,2}, {0xC599,21197,3},
    {0xC59A,21200,3}, {0xC59B,21203,3}, {0xC59C,21206,3}, {0xC59D,21209,3}, {0xC59E,21212,3}, {0xC59F,21215,3},
    {0xC5A0,21218,3}, {0xC5A1,21221,3}, {0xC5A2,21224,3}, {0xC5A3,21227,3}, {0xC5A4,21230,3}, {0xC5A5,21233,3},
    {0xC5A6,21236,3}, {0xC5A7,21239,3}, {0xC5A8,21242,3}, {0xC5A9,21245,3}, {0xC5AA,21248,3}, {0xC5AB,21251,3},
    {0xC5AC,21254,3}, {0xC5AD,21257,3}, {0xC5AE,21260,3}, {0xC5AF,21263,3}, {0xC5B0,21266,3}, {0xC5B1,21269,3},
    {0xC5B2,21272,3}, {0xC5B3,21275,3}, {0xC5B4,21278,2}, {0xC5B5,21280,3}, {0xC5B6,21283,3}, {0xC5B7,21286,3},
    {0xC5B8,21289,3}, {0xC5B9,21292,3}, {0xC5BA,21295,3}, {0xC5BB,21298,3}, {0xC5BC,21301,3}, {0xC5BD,21304,3},
    {0xC5BE,21307,3}, {0xC5BF,21310,3}, {0xC5C0,21313,3}, {0xC5C1,21316,3}, {0xC5C2,21319,3}, {0xC5C3,21322,3},
    {0xC5C4,21325,3}, {0xC5C5,21328,3}, {0xC5C6,21331,3}, {0xC5C7,21334,3}, {0xC5C8,21337,3}, {0xC5C9,21340,3},
    {0xC5CA,21343,3}, {0xC5CB,21346,3}, {0xC5CC,21349,3}, {0xC5CD,21352,3}, {0xC5CE,21355,3}, {0xC5CF,21358,3},
    {0xC5D0,21361,2}, {0xC5D1,21363,3}, {0xC5D2,21366,3}, {0xC5D3,21369,3}, {0xC5D4,21372,3}, {0xC5D5,21375,3},
    {0xC5D6,21378,3}, {0xC5D7,21381,3}, {0xC5D8,21384,3}, {0xC5D9,21387,3}, {0xC5DA,21390,3}, {0xC5DB,21393,3},
    {0xC5DC,21396,3}, {0xC5DD,21399,3}, {0xC5DE,21402,3}, {0xC5DF,21405,3}, {0xC5E0,21408,3}, {0xC5E1,21411,3},
    {0xC5E2,21414,3}, {0xC5E3,21417,3}, {0xC5E4,21420,3}, {0xC5E5,21423,3}, {0xC5E6,21426,3}, {0xC5E7,21429,3},
    {0xC5E8,21432,3}, {0xC5E9,21435,3}, {0xC5EA,21438,3}, {0xC5EB,21441,3}, {0xC5EC,21444,2}, {0xC5ED,21446,3},
    {0xC5EE,21449,3}, {0xC5EF,21452,3}, {0xC5F0,21455,3}, {0xC5F1,21458,3}, {0xC5F2,21461,3}, {0xC5F3,21464,3},
    {0xC5F4,21467,3}, {0xC5F5,21470,3}, {0xC5F6,21473,3}, {0xC5F7,21476,3}, {0xC5F8,21479,3}, {0xC5F9,21482,3},
    {0xC5FA,21485,3}, {0xC5FB,21488,3}, {0xC5FC,21491,3}, {0xC5FD,21494,3}, {0xC5FE,21497,3}, {0xC5FF,21500,3},
    {0xC600,21503,3}, {0xC601,21506,3}, {0xC602,21509,3}, {0xC603,21512,3}, {0xC604,21515,3}, {0xC605,21518,3},
    {0xC606,21521,3}, {0xC607,21524,3}, {0xC608,21527,2}, {0xC609,21529,3}, {0xC60A,21532,3}, {0xC60B,21535,3},
    {0xC60C,21538,3}, {0xC60D,21541,3}, {0xC60E,21544,3}, {0xC60F,21547,3}, {0xC610,21550,3}, {0xC611,21553,3},
    {0xC612,21556,3}, {0xC613,21559,3}, {0xC614,21562,3}, {0xC615,21565,3}, {0xC616,21568,3}, {0xC617,21571,3},
    {0xC618,21574,3}, {0xC619,21577,3}, {0xC61A,21580,3}, {0xC61B,21583,3}, {0xC61C,21586,3}, {0xC61D,21589,3},
    {0xC61E,21592,3}, {0xC61F,21595,3}, {0xC620,21598,3}, {0xC621,21601,3}, {0xC622,21604,3}, {0xC623,21607,3},
    {0xC624,21610,2}, {0xC625,21612,3}, {0xC626,21615,3}, {0xC627,21618,3}, {0xC628,21621,3}, {0xC629,21624,3},
    {0xC62A,21627,3}, {0xC62B,21630,3}, {0xC62C,21633,3}, {0xC62D,21636,3}, {0xC62E,21639,3}, {0xC62F,21642,3},
    {0xC630,21645,3}, {0xC631,21648,3}, {0xC632,21651,3}, {0xC633,21654,3}, {0xC634,21657,3}, {0xC635,21660,3},
    {0xC636,21663,3}, {0xC637,21666,3}, {0xC638,21669,3}, {0xC639,21672,3}, {0xC63A,21675,3}, {0xC63B,21678,3},
    {0xC63C,21681,3}, {0xC63D,21684,3}, {0xC63E,21687,3}, {0xC63F,21690,3}, {0xC640,21693,2}, {0xC641,21695,3},
    {0xC642,21698,3}, {0xC643,21701,3}, {0xC644,21704,3}, {0xC645,21707,3}, {0xC646,21710,3}, {0xC647,21713,3},
    {0xC648,21716,3}, {0xC649,21719,3}, {0xC64A,21722,3}, {0xC64B,21725,3}, {0xC64C,21728,3}, {0xC64D,21731,3},
    {0xC64E,21734,3}, {0xC64F,21737,3}, {0xC650,21740,3}, {0xC651,21743,3}, {0xC652,21746,3}, {0xC653,21749,3},
    {0xC654,21752,3}, {0xC655,21755,3}, {0xC656,21758,3}, {0xC657,21761,3}, {0xC658,21764,3}, {0xC659,21767,3},
    {0xC65A,21770,3}, {0xC65B,21773,3}, {0xC65C,21776,2}, {0xC65D,21778,3}, {0xC65E,21781,3}, {0xC65F,21784,3},
    {0xC660,21787,3}, {0xC661,21790,3}, {0xC662,21793,3}, {0xC663,21796,3}, {0xC664,21799,3}, {0xC665,21802,3},
    {0xC666,21805,3}, {0xC667,21808,3}, {0xC668,21811,3}, {0xC669,21814,3}, {0xC66A,21817,3}, {0xC66B,21820,3},
    {0xC66C,21823,3}, {0xC66D,21826,3}, {0xC66E,21829,3}, {0xC66F,21832,3}, {0xC670,21835,3}, {0xC671,21838,3},
    {0xC672,21841,3}, {0xC673,21844,3}, {0xC674,21847,3}, {0xC675,21850,3}, {0xC676,21853,3}, {0xC677,21856,3},
    {0xC678,21859,2}, {0xC679,21861,3}, {0xC67A,21864,3}, {0xC67B,21867,3}, {0xC67C,21870,3}, {0xC67D,21873,3},
    {0xC67E,21876,3}, {0xC67F,21879,3}, {0xC680,21882,3}, {0xC681,21885,3}, {0xC682,21888,3}, {0xC683,21891,3},
    {0xC684,21894,3}, {0xC685,21897,3}, {0xC686,21900,3}, {0xC687,21903,3}, {0xC688,21906,3}, {0xC689,21909,3},
    {0xC68A,21912,3}, {0xC68B,21915,3}, {0xC68C,21918,3}, {0xC68D,21921,3}, {0xC68E,21924,3}, {0xC68F,21927,3},
    {0xC690,21930,3}, {0xC691,21933,3}, {0xC692,21936,3}, {0xC693,21939,3}, {0xC694,21942,2}, {0xC695,21944,3},
    {0xC696,21947,3}, {0xC697,21950,3}, {0xC698,21953,3}, {0xC699,21956,3}, {0xC69A,21959,3}, {0xC69B,21962,3},
    {0xC69C,21965,3}, {0xC69D,21968,3}, {0xC69E,21971,3}, {0xC69F,21974,3}, {0xC6A0,21977,3}, {0xC6A1,21980,3},
    {0xC6A2,21983,3}, {0xC6A3,21986,3}, {0xC6A4,21989,3}, {0xC6A5,21992,3}, {0xC6A6,21995,3}, {0xC6A7,21998,3},
    {0xC6A8,22001,3}, {0xC6A9,22004,3}, {0xC6AA,22007,3}, {0xC6AB,22010,3}, {0xC6AC,22013,3}, {0xC6AD,22016,3},
    {0xC6AE,22019,3}, {0xC6AF,22022,3}, {0xC6B0,22025,2}, {0xC6B1,22027,3}, {0xC6B2,22030,3}, {0xC6B3,22033,3},
    {0xC6B4,22036,3}, {0xC6B5,22039,3}, {0xC6B6,22042,3}, {0xC6B7,22045,3}, {0xC6B8,22048,3}, {0xC6B9,22051,3},
    {0xC6BA,22054,3}, {0xC6BB,22057,3}, {0xC6BC,22060,3}, {0xC6BD,22063,3}, {0xC6BE,22066,3}, {0xC6BF,22069,3},
    {0xC6C0,22072,3}, {0xC6C1,22075,3}, {0xC6C2,22078,3}, {0xC6C3,22081,3}, {0xC6C4,22084,3}, {0xC6C5,22087,3},
    {0xC6C6,22090,3}, {0xC6C7,22093,3}, {0xC6C8,22096,3}, {0xC6C9,22099,3}, {0xC6CA,22102,3}, {0xC6CB,22105,3},
    {0xC6CC,22108,2}, {0xC6CD,22110,3}, {0xC6CE,22113,3}, {0xC6CF,22116,3}, {0xC6D0,22119,3}, {0xC6D1,22122,3},
    {0xC6D2,22125,3}, {0xC6D3,22128,3}, {0xC6D4,22131,3}, {0xC6D5,22134,3}, {0xC6D6,22137,3}, {0xC6D7,22140,3},
    {0xC6D8,22143,3}, {0xC6D9,22146,3}, {0xC6DA,22149,3}, {0xC6DB,22152,3}, {0xC6DC,22155,3}, {0xC6DD,22158,3},
    {0xC6DE,22161,3}, {0xC6DF,22164,3}, {0xC6E0,22167,3}, {0xC6E1,22170,3}, {0xC6E2,22173,3}, {0xC6E3,22176,3},
    {0xC6E4,22179,3}, {0xC6E5,22182,3}, {0xC6E6,22185,3}, {0xC6E7,22188,3}, {0xC6E8,22191,2}, {0xC6E9,22193,3},
    {0xC6EA,22196,3}, {0xC6EB,22199,3}, {0xC6EC,22202,3}, {0xC6ED,22205,3}, {0xC6EE,22208,3}, {0xC6EF,22211,3},
    {0xC6F0,22214,3}, {0xC6F1,22217,3}, {0xC6F2,22220,3}, {0xC6F3,22223,3}, {0xC6F4,22226,3}, {0xC6F5,22229,3},
    {0xC6F6,22232,3}, {0xC6F7,22235,3}, {0xC6F8,22238,3}, {0xC6F9,22241,3}, {0xC6FA,22244,3}, {0xC6FB,22247,3},
    {0xC6FC,22250,3}, {0xC6FD,22253,3}, {0xC6FE,22256,3}, {0xC6FF,22259,3}, {0xC700,22262,3}, {0xC701,22265,3},
    {0xC702,22268,3}, {0xC703,22271,3}, {0xC704,22274,2}, {0xC705,22276,3}, {0xC706,22279,3}, {0xC707,22282,3},
    {0xC708,22285,3}, {0xC709,22288,3}, {0xC70A,22291,3}, {0xC70B,22294,3}, {0xC70C,22297,3}, {0xC70D,22300,3},
    {0xC70E,22303,3}, {0xC70F,22306,3}, {0xC710,22309,3}, {0xC711,22312,3}, {0xC712,22315,3}, {0xC713,22318,3},
    {0xC714,22321,3}, {0xC715,22324,3}, {0xC716,22327,3}, {0xC717,22330,3}, {0xC718,22333,3}, {0xC719,22336,3},
    {0xC71A,22339,3}, {0xC71B,22342,3}, {0xC71C,22345,3}, {0xC71D,22348,3}, {0xC71E,22351,3}, {0xC71F,22354,3},
    {0xC720,22357,2}, {0xC721,22359,3}, {0xC722,22362,3}, {0xC723,22365,3}, {0xC724,22368,3}, {0xC725,22371,3},
    {0xC726,22374,3}, {0xC727,22377,3}, {0xC728,22380,3}, {0xC729,22383,3}, {0xC72A,22386,3}, {0xC72B,22389,3},
    {0xC72C,22392,3}, {0xC72D,22395,3}, {0xC72E,22398,3}, {0xC72F,22401,3}, {0xC730,22404,3}, {0xC731,22407,3},
    {0xC732,22410,3}, {0xC733,22413,3}, {0xC734,22416,3}, {0xC735,22419,3}, {0xC736,22422,3}, {0xC737,22425,3},
    {0xC738,22428,3}, {0xC739,22431,3}, {0xC73A,22434,3}, {0xC73B,22437,3}, {0xC73C,22440,2}, {0xC73D,22442,3},
    {0xC73E,22445,3}, {0xC73F,22448,3}, {0xC740,22451,3}, {0xC741,22454,3}, {0xC742,22457,3}, {0xC743,22460,3},
    {0xC744,22463,3}, {0xC745,22466,3}, {0xC746,22469,3}, {0xC747,22472,3}, {0xC748,22475,3}, {0xC749,22478,3},
    {0xC74A,22481,3}, {0xC74B,22484,3}, {0xC74C,22487,3}, {0xC74D,22490,3}, {0xC74E,22493,3}, {0xC74F,22496,3},
    {0xC750,22499,3}, {0xC751,22502,3}, {0xC752,22505,3}, {0xC753,22508,3}, {0xC754,22511,3}, {0xC755,22514,3},
    {0xC756,22517,3}, {0xC757,22520,3}, {0xC758,22523,2}, {0xC759,22525,3}, {0xC75A,22528,3}, {0xC75B,22531,3},
    {0xC75C,22534,3}, {0xC75D,22537,3}, {0xC75E,22540,3}, {0xC75F,22543,3}, {0xC760,22546,3}, {0xC761,22549,3},
    {0xC762,22552,3}, {0xC763,22555,3}, {0xC764,22558,3}, {0xC765,22561,3}, {0xC766,22564,3}, {0xC767,22567,3},
    {0xC768,22570,3}, {0xC769,22573,3}, {0xC76A,22576,3}, {0xC76B,22579,3}, {0xC76C,22582,3}, {0xC76D,22585,3},
    {0xC76E,22588,3}, {0xC76F,22591,3}, {0xC770,22594,3}, {0xC771,22597,3}, {0xC772,22600,3}, {0xC773,22603,3},
    {0xC774,22606,2}, {0xC775,22608,3}, {0xC776,22611,3}, {0xC777,22614,3}, {0xC778,22617,3}, {0xC779,22620,3},
    {0xC77A,22623,3}, {0xC77B,22626,3}, {0xC77C,22629,3}, {0xC77D,22632,3}, {0xC77E,22635,3}, {0xC77F,22638,3},
    {0xC780,22641,3}, {0xC781,22644,3}, {0xC782,22647,3}, {0xC783,22650,3}, {0xC784,22653,3}, {0xC785,22656,3},
    {0xC786,22659,3}, {0xC787,22662,3}, {0xC788,22665,3}, {0xC789,22668,3}, {0xC78A,22671,3}, {0xC78B,22674,3},
    {0xC78C,22677,3}, {0xC78D,22680,3}, {0xC78E,22683,3}, {0xC78F,22686,3}, {0xC790,22689,2}, {0xC791,22691,3},
    {0xC792,22694,3}, {0xC793,22697,3}, {0xC794,22700,3}, {0xC795,22703,3}, {0xC796,22706,3}, {0xC797,22709,3},
    {0xC798,22712,3}, {0xC799,22715,3}, {0xC79A,22718,3}, {0xC79B,22721,3}, {0xC79C,22724,3}, {0xC79D,22727,3},
    {0xC79E,22730,3}, {0xC79F,22733,3}, {0xC7A0,22736,3}, {0xC7A1,22739,3}, {0xC7A2,22742,3}, {0xC7A3,22745,3},
    {0xC7A4,22748,3}, {0xC7A5,22751,3}, {0xC7A6,22754,3}, {0xC7A7,22757,3}, {0xC7A8,22760,3}, {0xC7A9,22763,3},
    {0xC7AA,22766,3}, {0xC7AB,22769,3}, {0xC7AC,22772,2}, {0xC7AD,22774,3}, {0xC7AE,22777,3}, {0xC7AF,22780,3},
    {0xC7B0,22783,3}, {0xC7B1,22786,3}, {0xC7B2,22789,3}, {0xC7B3,22792,3}, {0xC7B4,22795,3}, {0xC7B5,22798,3},
    {0xC7B6,22801,3}, {0xC7B7,22804,3}, {0xC7B8,22807,3}, {0xC7B9,22810,3}, {0xC7BA,22813,3}, {0xC7BB,22816,3},
    {0xC7BC,22819,3}, {0xC7BD,22822,3}, {0xC7BE,22825,3}, {0xC7BF,22828,3}, {0xC7C0,22831,3}, {0xC7C1,22834,3},
    {0xC7C2,22837,3}, {0xC7C3,22840,3}, {0xC7C4,22843,3}, {0xC7C5,22846,3}, {0xC7C6,22849,3}, {0xC7C7,22852,3},
    {0xC7C8,22855,2}, {0xC7C9,22857,3}, {0xC7CA,22860,3}, {0xC7CB,22863,3}, {0xC7CC,22866,3}, {0xC7CD,22869,3},
    {0xC7CE,22872,3}, {0xC7CF,22875,3}, {0xC7D0,22878,3}, {0xC7D1,22881,3}, {0xC7D2,22884,3}, {0xC7D3,22887,3},
    {0xC7D4,22890,3}, {0xC7D5,22893,3}, {0xC7D6,22896,3}, {0xC7D7,22899,3}, {0xC7D8,22902,3}, {0xC7D9,22905,3},
    {0xC7DA,22908,3}, {0xC7DB,22911,3}, {0xC7DC,22914,3}, {0xC7DD,22917,3}, {0xC7DE,22920,3}, {0xC7DF,22923,3},
    {0xC7E0,22926,3}, {0xC7E1,22929,3}, {0xC7E2,22932,3}, {0xC7E3,22935,3}, {0xC7E4,22938,2}, {0xC7E5,22940,3},
    {0xC7E6,22943,3}, {0xC7E7,22946,3}, {0xC7E8,22949,3}, {0xC7E9,22952,3}, {0xC7EA,22955,3}, {0xC7EB,22958,3},
    {0xC7EC,22961,3}, {0xC7ED,22964,3}, {0xC7EE,22967,3}, {0xC7EF,22970,3}, {0xC7F0,22973,3}, {0xC7F1,22976,3},
    {0xC7F2,22979,3}, {0xC7F3,22982,3}, {0xC7F4,22985,3}, {0xC7F5,22988,3}, {0xC7F6,22991,3}, {0xC7F7,22994,3},
    {0xC7F8,22997,3}, {0xC7F9,23000,3}, {0xC7FA,23003,3}, {0xC7FB,23006,3}, {0xC7FC,23009,3}, {0xC7FD,23012,3},
    {0xC7FE,23015,3}, {0xC7FF,23018,3}, {0xC800,23021,2}, {0xC801,23023,3}, {0xC802,23026,3}, {0xC803,23029,3},
    {0xC804,23032,3}, {0xC805,23035,3}, {0xC806,23038,3}, {0xC807,23041,3}, {0xC808,23044,3}, {0xC809,23047,3},
    {0xC80A,23050,3}, {0xC80B,23053,3}, {0xC80C,23056,3}, {0xC80D,23059,3}, {0xC80E,23062,3}, {0xC80F,23065,3},
    {0xC810,23068,3}, {0xC811,23071,3}, {0xC812,23074,3}, {0xC813,23077,3}, {0xC814,23080,3}, {0xC815,23083,3},
    {0xC816,23086,3}, {0xC817,23089,3}, {0xC818,23092,3}, {0xC819,23095,3}, {0xC81A,23098,3}, {0xC81B,23101,3},
    {0xC81C,23104,2}, {0xC81D,23106,3}, {0xC81E,23109,3}, {0xC81F,23112,3}, {0xC820,23115,3}, {0xC821,23118,3},
    {0xC822,23121,3}, {0xC823,23124,3}, {0xC824,23127,3}, {0xC825,23130,3}, {0xC826,23133,3}, {0xC827,23136,3},
    {0xC828,23139,3}, {0xC829,23142,3}, {0xC82A,23145,3}, {0xC82B,23148,3}, {0xC82C,23151,3}, {0xC82D,23154,3},
    {0xC82E,23157,3}, {0xC82F,23160,3}, {0xC830,23163,3}, {0xC831,23166,3}, {0xC832,23169,3}, {0xC833,23172,3},
    {0xC834,23175,3}, {0xC835,23178,3}, {0xC836,23181,3}, {0xC837,23184,3}, {0xC838,23187,2}, {0xC839,23189,3},
    {0xC83A,23192,3}, {0xC83B,23195,3}, {0xC83C,23198,3}, {0xC83D,23201,3}, {0xC83E,23204,3}, {0xC83F,23207,3},
    {0xC840,23210,3}, {0xC841,23213,3}, {0xC842,23216,3}, {0xC843,23219,3}, {0xC844,23222,3}, {0xC845,23225,3},
    {0xC846,23228,3}, {0xC847,23231,3}, {0xC848,23234,3}, {0xC849,23237,3}, {0xC84A,23240,3}, {0xC84B,23243,3},
    {0xC84C,23246,3}, {0xC84D,23249,3}, {0xC84E,23252,3}, {0xC84F,23255,3}, {0xC850,23258,3}, {0xC851,23261,3},
    {0xC852,23264,3}, {0xC853,23267,3}, {0xC854,23270,2}, {0xC855,23272,3}, {0xC856,23275,3}, {0xC857,23278,3},
    {0xC858,23281,3}, {0xC859,23284,3}, {0xC85A,23287,3}, {0xC85B,23290,3}, {0xC85C,23293,3}, {0xC85D,23296,3},
    {0xC85E,23299,3}, {0xC85F,23302,3}, {0xC860,23305,3}, {0xC861,23308,3}, {0xC862,23311,3}, {0xC863,23314,3},
    {0xC864,23317,3}, {0xC865,23320,3}, {0xC866,23323,3}, {0xC867,23326,3}, {0xC868,23329,3}, {0xC869,23332,3},
    {0xC86A,23335,3}, {0xC86B,23338,3}, {0xC86C,23341,3}, {0xC86D,23344,3}, {0xC86E,23347,3}, {0xC86F,23350,3},
    {0xC870,23353,2}, {0xC871,23355,3}, {0xC872,23358,3}, {0xC873,23361,3}, {0xC874,23364,3}, {0xC875,23367,3},
    {0xC876,23370,3}, {0xC877,23373,3}, {0xC878,23376,3}, {0xC879,23379,3}, {0xC87A,23382,3}, {0xC87B,23385,3},
    {0xC87C,23388,3}, {0xC87D,23391,3}, {0xC87E,23394,3}, {0xC87F,23397,3}, {0xC880,23400,3}, {0xC881,23403,3},
    {0xC882,23406,3}, {0xC883,23409,3}, {0xC884,23412,3}, {0xC885,23415,3}, {0xC886,23418,3}, {0xC887,23421,3},
    {0xC888,23424,3}, {0xC889,23427,3}, {0xC88A,23430,3}, {0xC88B,23433,3}, {0xC88C,23436,2}, {0xC88D,23438,3},
    {0xC88E,23441,3}, {0xC88F,23444,3}, {0xC890,23447,3}, {0xC891,23450,3}, {0xC892,23453,3}, {0xC893,23456,3},
    {0xC894,23459,3}, {0xC895,23462,3}, {0xC896,23465,3}, {0xC897,23468,3}, {0xC898,23471,3}, {0xC899,23474,3},
    {0xC89A,23477,3}, {0xC89B,23480,3}, {0xC89C,23483,3}, {0xC89D,23486,3}, {0xC89E,23489,3}, {0xC89F,23492,3},
    {0xC8A0,23495,3}, {0xC8A1,23498,3}, {0xC8A2,23501,3}, {0xC8A3,23504,3}, {0xC8A4,23507,3}, {0xC8A5,23510,3},
    {0xC8A6,23513,3}, {0xC8A7,23516,3}, {0xC8A8,23519,2}, {0xC8A9,23521,3}, {0xC8AA,23524,3}, {0xC8AB,23527,3},
    {0xC8AC,23530,3}, {0xC8AD,23533,3}, {0xC8AE,23536,3}, {0xC8AF,23539,3}, {0xC8B0,23542,3}, {0xC8B1,23545,3},
    {0xC8B2,23548,3}, {0xC8B3,23551,3}, {0xC8B4,23554,3}, {0xC8B5,23557,3}, {0xC8B6,23560,3}, {0xC8B7,23563,3},
    {0xC8B8,23566,3}, {0xC8B9,23569,3}, {0xC8BA,23572,3}, {0xC8BB,23575,3}, {0xC8BC,23578,3}, {0xC8BD,23581,3},
    {0xC8BE,23584,3}, {0xC8BF,23587,3}, {0xC8C0,23590,3}, {0xC8C1,23593,3}, {0xC8C2,23596,3}, {0xC8C3,23599,3},
    {0xC8C4,23602,2}, {0xC8C5,23604,3}, {0xC8C6,23607,3}, {0xC8C7,23610,3}, {0xC8C8,23613,3}, {0xC8C9,23616,3},
    {0xC8CA,23619,3}, {0xC8CB,23622,3}, {0xC8CC,23625,3}, {0xC8CD,23628,3}, {0xC8CE,23631,3}, {0xC8CF,23634,3},
    {0xC8D0,23637,3}, {0xC8D1,23640,3}, {0xC8D2,23643,3}, {0xC8D3,23646,3}, {0xC8D4,23649,3}, {0xC8D5,23652,3},
    {0xC8D6,23655,3}, {0xC8D7,23658,3}, {0xC8D8,23661,3}, {0xC8D9,23664,3}, {0xC8DA,23667,3}, {0xC8DB,23670,3},
    {0xC8DC,23673,3}, {0xC8DD,23676,3}, {0xC8DE,23679,3}, {0xC8DF,23682,3}, {0xC8E0,23685,2}, {0xC8E1,23687,3},
    {0xC8E2,23690,3}, {0xC8E3,23693,3}, {0xC8E4,23696,3}, {0xC8E5,23699,3}, {0xC8E6,23702,3}, {0xC8E7,23705,3},
    {0xC8E8,23708,3}, {0xC8E9,23711,3}, {0xC8EA,23714,3}, {0xC8EB,23717,3}, {0xC8EC,23720,3}, {0xC8ED,23723,3},
    {0xC8EE,23726,3}, {0xC8EF,23729,3}, {0xC8F0,23732,3}, {0xC8F1,23735,3}, {0xC8F2,23738,3}, {0xC8F3,23741,3},
    {0xC8F4,23744,3}, {0xC8F5,23747,3}, {0xC8F6,23750,3}, {0xC8F7,23753,3}, {0xC8F8,23756,3}, {0xC8F9,23759,3},
    {0xC8FA,23762,3}, {0xC8FB,23765,3}, {0xC8FC,23768,2}, {0xC8FD,23770,3}, {0xC8FE,23773,3}, {0xC8FF,23776,3},
    {0xC900,23779,3}, {0xC901,23782,3}, {0xC902,23785,3}, {0xC903,23788,3}, {0xC904,23791,3}, {0xC905,23794,3},
    {0xC906,23797,3}, {0xC907,23800,3}, {0xC908,23803,3}, {0xC909,23806,3}, {0xC90A,23809,3}, {0xC90B,23812,3},
    {0xC90C,23815,3}, {0xC90D,23818,3}, {0xC90E,23821,3}, {0xC90F,23824,3}, {0xC910,23827,3}, {0xC911,23830,3},
    {0xC912,23833,3}, {0xC913,23836,3}, {0xC914,23839,3}, {0xC915,23842,3}, {0xC916,23845,3}, {0xC917,23848,3},
    {0xC918,23851,2}, {0xC919,23853,3}, {0xC91A,23856,3}, {0xC91B,23859,3}, {0xC91C,23862,3}, {0xC91D,23865,3},
    {0xC91E,23868,3}, {0xC91F,23871,3}, {0xC920,23874,3}, {0xC921,23877,3}, {0xC922,23880,3}, {0xC923,23883,3},
    {0xC924,23886,3}, {0xC925,23889,3}, {0xC926,23892,3}, {0xC927,23895,3}, {0xC928,23898,3}, {0xC929,23901,3},
    {0xC92A,23904,3}, {0xC92B,23907,3}, {0xC92C,23910,3}, {0xC92D,23913,3}, {0xC92E,23916,3}, {0xC92F,23919,3},
    {0xC930,23922,3}, {0xC931,23925,3}, {0xC932,23928,3}, {0xC933,23931,3}, {0xC934,23934,2}, {0xC935,23936,3},
    {0xC936,23939,3}, {0xC937,23942,3}, {0xC938,23945,3}, {0xC939,23948,3}, {0xC93A,23951,3}, {0xC93B,23954,3},
    {0xC93C,23957,3}, {0xC93D,23960,3}, {0xC93E,23963,3}, {0xC93F,23966,3}, {0xC940,23969,3}, {0xC941,23972,3},
    {0xC942,23975,3}, {0xC943,23978,3}, {0xC944,23981,3}, {0xC945,23984,3}, {0xC946,23987,3}, {0xC947,23990,3},
    {0xC948,23993,3}, {0xC949,23996,3}, {0xC94A,23999,3}, {0xC94B,24002,3}, {0xC94C,24005,3}, {0xC94D,24008,3},
    {0xC94E,24011,3}, {0xC94F,24014,3}, {0xC950,24017,2}, {0xC951,24019,3}, {0xC952,24022,3}, {0xC953,24025,3},
    {0xC954,24028,3}, {0xC955,24031,3}, {0xC956,24034,3}, {0xC957,24037,3}, {0xC958,24040,3}, {0xC959,24043,3},
    {0xC95A,24046,3}, {0xC95B,24049,3}, {0xC95C,24052,3}, {0xC95D,24055,3}, {0xC95E,24058,3}, {0xC95F,24061,3},
    {0xC960,24064,3}, {0xC961,24067,3}, {0xC962,24070,3}, {0xC963,24073,3}, {0xC964,24076,3}, {0xC965,24079,3},
    {0xC966,24082,3}, {0xC967,24085,3}, {0xC968,24088,3}, {0xC969,24091,3}, {0xC96A,24094,3}, {0xC96B,24097,3},
    {0xC96C,24100,2}, {0xC96D,24102,3}, {0xC96E,24105,3}, {0xC96F,24108,3}, {0xC970,24111,3}, {0xC971,24114,3},
    {0xC972,24117,3}, {0xC973,24120,3}, {0xC974,24123,3}, {0xC975,24126,3}, {0xC976,24129,3}, {0xC977,24132,3},
    {0xC978,24135,3}, {0xC979,24138,3}, {0xC97A,24141,3}, {0xC97B,24144,3}, {0xC97C,24147,3}, {0xC97D,24150,3},
    {0xC97E,24153,3}, {0xC97F,24156,3}, {0xC980,24159,3}, {0xC981,24162,3}, {0xC982,24165,3}, {0xC983,24168,3},
    {0xC984,24171,3}, {0xC985,24174,3}, {0xC986,24177,3}, {0xC987,24180,3}, {0xC988,24183,2}, {0xC989,24185,3},
    {0xC98A,24188,3}, {0xC98B,24191,3}, {0xC98C,24194,3}, {0xC98D,24197,3}, {0xC98E,24200,3}, {0xC98F,24203,3},
    {0xC990,24206,3}, {0xC991,24209,3}, {0xC992,24212,3}, {0xC993,24215,3}, {0xC994,24218,3}, {0xC995,24221,3},
    {0xC996,24224,3}, {0xC997,24227,3}, {0xC998,24230,3}, {0xC999,24233,3}, {0xC99A,24236,3}, {0xC99B,24239,3},
    {0xC99C,24242,3}, {0xC99D,24245,3}, {0xC99E,24248,3}, {0xC99F,24251,3}, {0xC9A0,24254,3}, {0xC9A1,24257,3},
    {0xC9A2,24260,3}, {0xC9A3,24263,3}, {0xC9A4,24266,2}, {0xC9A5,24268,3}, {0xC9A6,24271,3}, {0xC9A7,24274,3},
    {0xC9A8,24277,3}, {0xC9A9,24280,3}, {0xC9AA,24283,3}, {0xC9AB,24286,3}, {0xC9AC,24289,3}, {0xC9AD,24292,3},
    {0xC9AE,24295,3}, {0xC9AF,24298,3}, {0xC9B0,24301,3}, {0xC9B1,24304,3}, {0xC9B2,24307,3}, {0xC9B3,24310,3},
    {0xC9B4,24313,3}, {0xC9B5,24316,3}, {0xC9B6,24319,3}, {0xC9B7,24322,3}, {0xC9B8,24325,3}, {0xC9B9,24328,3},
    {0xC9BA,24331,3}, {0xC9BB,24334,3}, {0xC9BC,24337,3}, {0xC9BD,24340,3}, {0xC9BE,24343,3}, {0xC9BF,24346,3},
    {0xC9C0,24349,2}, {0xC9C1,24351,3}, {0xC9C2,24354,3}, {0xC9C3,24357,3}, {0xC9C4,24360,3}, {0xC9C5,24363,3},
    {0xC9C6,24366,3}, {0xC9C7,24369,3}, {0xC9C8,24372,3}, {0xC9C9,24375,3}, {0xC9CA,24378,3}, {0xC9CB,24381,3},
    {0xC9CC,24384,3}, {0xC9CD,24387,3}, {0xC9CE,24390,3}, {0xC9CF,24393,3}, {0xC9D0,24396,3}, {0xC9D1,24399,3},
    {0xC9D2,24402,3}, {0xC9D3,24405,3}, {0xC9D4,24408,3}, {0xC9D5,24411,3}, {0xC9D6,24414,3}, {0xC9D7,24417,3},
    {0xC9D8,24420,3}, {0xC9D9,24423,3}, {0xC9DA,24426,3}, {0xC9DB,24429,3}, {0xC9DC,24432,2}, {0xC9DD,24434,3},
    {0xC9DE,24437,3}, {0xC9DF,24440,3}, {0xC9E0,24443,3}, {0xC9E1,24446,3}, {0xC9E2,24449,3}, {0xC9E3,24452,3},
    {0xC9E4,24455,3}, {0xC9E5,24458,3}, {0xC9E6,24461,3}, {0xC9E7,24464,3}, {0xC9E8,24467,3}, {0xC9E9,24470,3},
    {0xC9EA,24473,3}, {0xC9EB,24476,3}, {0xC9EC,24479,3}, {0xC9ED,24482,3}, {0xC9EE,24485,3}, {0xC9EF,24488,3},
    {0xC9F0,24491,3}, {0xC9F1,24494,3}, {0xC9F2,24497,3}, {0xC9F3,24500,3}, {0xC9F4,24503,3}, {0xC9F5,24506,3},
    {0xC9F6,24509,3}, {0xC9F7,24512,3}, {0xC9F8,24515,2}, {0xC9F9,24517,3}, {0xC9FA,24520,3}, {0xC9FB,24523,3},
    {0xC9FC,24526,3}, {0xC9FD,24529,3}, {0xC9FE,24532,3}, {0xC9FF,24535,3}, {0xCA00,24538,3}, {0xCA01,24541,3},
    {0xCA02,24544,3}, {0xCA03,24547,3}, {0xCA04,24550,3}, {0xCA05,24553,3}, {0xCA06,24556,3}, {0xCA07,24559,3},
    {0xCA08,24562,3}, {0xCA09,24565,3}, {0xCA0A,24568,3}, {0xCA0B,24571,3}, {0xCA0C,24574,3}, {0xCA0D,24577,3},
    {0xCA0E,24580,3}, {0xCA0F,24583,3}, {0xCA10,24586,3}, {0xCA11,24589,3}, {0xCA12,24592,3}, {0xCA13,24595,3},
    {0xCA14,24598,2}, {0xCA15,24600,3}, {0xCA16,24603,3}, {0xCA17,24606,3}, {0xCA18,24609,3}, {0xCA19,24612,3},
    {0xCA1A,24615,3}, {0xCA1B,24618,3}, {0xCA1C,24621,3}, {0xCA1D,24624,3}, {0xCA1E,24627,3}, {0xCA1F,24630,3},
    {0xCA20,24633,3}, {0xCA21,24636,3}, {0xCA22,24639,3}, {0xCA23,24642,3}, {0xCA24,24645,3}, {0xCA25,24648,3},
    {0xCA26,24651,3}, {0xCA27,24654,3}, {0xCA28,24657,3}, {0xCA29,24660,3}, {0xCA2A,24663,3}, {0xCA2B,24666,3},
    {0xCA2C,24669,3}, {0xCA2D,24672,3}, {0xCA2E,24675,3}, {0xCA2F,24678,3}, {0xCA30,24681,2}, {0xCA31,24683,3},
    {0xCA32,24686,3}, {0xCA33,24689,3}, {0xCA34,24692,3}, {0xCA35,24695,3}, {0xCA36,24698,3}, {0xCA37,24701,3},
    {0xCA38,24704,3}, {0xCA39,24707,3}, {0xCA3A,24710,3}, {0xCA3B,24713,3}, {0xCA3C,24716,3}, {0xCA3D,24719,3},
    {0xCA3E,24722,3}, {0xCA3F,24725,3}, {0xCA40,24728,3}, {0xCA41,24731,3}, {0xCA42,24734,3}, {0xCA43,24737,3},
    {0xCA44,24740,3}, {0xCA45,24743,3}, {0xCA46,24746,3}, {0xCA47,24749,3}, {0xCA48,24752,3}, {0xCA49,24755,3},
    {0xCA4A,24758,3}, {0xCA4B,24761,3}, {0xCA4C,24764,2}, {0xCA4D,24766,3}, {0xCA4E,24769,3}, {0xCA4F,24772,3},
    {0xCA50,24775,3}, {0xCA51,24778,3}, {0xCA52,24781,3}, {0xCA53,24784,3}, {0xCA54,24787,3}, {0xCA55,24790,3},
    {0xCA56,24793,3}, {0xCA57,24796,3}, {0xCA58,24799,3}, {0xCA59,24802,3}, {0xCA5A,24805,3}, {0xCA5B,24808,3},
    {0xCA5C,24811,3}, {0xCA5D,24814,3}, {0xCA5E,24817,3}, {0xCA5F,24820,3}, {0xCA60,24823,3}, {0xCA61,24826,3},
    {0xCA62,24829,3}, {0xCA63,24832,3}, {0xCA64,24835,3}, {0xCA65,24838,3}, {0xCA66,24841,3}, {0xCA67,24844,3},
    {0xCA68,24847,2}, {0xCA69,24849,3}, {0xCA6A,24852,3}, {0xCA6B,24855,3}, {0xCA6C,24858,3}, {0xCA6D,24861,3},
    {0xCA6E,24864,3}, {0xCA6F,24867,3}, {0xCA70,24870,3}, {0xCA71,24873,3}, {0xCA72,24876,3}, {0xCA73,24879,3},
    {0xCA74,24882,3}, {0xCA75,24885,3}, {0xCA76,24888,3}, {0xCA77,24891,3}, {0xCA78,24894,3}, {0xCA79,24897,3},
    {0xCA7A,24900,3}, {0xCA7B,24903,3}, {0xCA7C,24906,3}, {0xCA7D,24909,3}, {0xCA7E,24912,3}, {0xCA7F,24915,3},
    {0xCA80,24918,3}, {0xCA81,24921,3}, {0xCA82,24924,3}, {0xCA83,24927,3}, {0xCA84,24930,2}, {0xCA85,24932,3},
    {0xCA86,24935,3}, {0xCA87,24938,3}, {0xCA88,24941,3}, {0xCA89,24944,3}, {0xCA8A,24947,3}, {0xCA8B,24950,3},
    {0xCA8C,24953,3}, {0xCA8D,24956,3}, {0xCA8E,24959,3}, {0xCA8F,24962,3}, {0xCA90,24965,3}, {0xCA91,24968,3},
    {0xCA92,24971,3}, {0xCA93,24974,3}, {0xCA94,24977,3}, {0xCA95,24980,3}, {0xCA96,24983,3}, {0xCA97,24986,3},
    {0xCA98,24989,3}, {0xCA99,24992,3}, {0xCA9A,24995,3}, {0xCA9B,24998,3}, {0xCA9C,25001,3}, {0xCA9D,25004,3},
    {0xCA9E,25007,3}, {0xCA9F,25010,3}, {0xCAA0,25013,2}, {0xCAA1,25015,3}, {0xCAA2,25018,3}, {0xCAA3,25021,3},
    {0xCAA4,25024,3}, {0xCAA5,25027,3}, {0xCAA6,25030,3}, {0xCAA7,25033,3}, {0xCAA8,25036,3}, {0xCAA9,25039,3},
    {0xCAAA,25042,3}, {0xCAAB,25045,3}, {0xCAAC,25048,3}, {0xCAAD,25051,3}, {0xCAAE,25054,3}, {0xCAAF,25057,3},
    {0xCAB0,25060,3}, {0xCAB1,25063,3}, {0xCAB2,25066,3}, {0xCAB3,25069,3}, {0xCAB4,25072,3}, {0xCAB5,25075,3},
    {0xCAB6,25078,3}, {0xCAB7,25081,3}, {0xCAB8,25084,3}, {0xCAB9,25087,3}, {0xCABA,25090,3}, {0xCABB,25093,3},
    {0xCABC,25096,2}, {0xCABD,25098,3}, {0xCABE,25101,3}, {0xCABF,25104,3}, {0xCAC0,25107,3}, {0xCAC1,25110,3},
    {0xCAC2,25113,3}, {0xCAC3,25116,3}, {0xCAC4,25119,3}, {0xCAC5,25122,3}, {0xCAC6,25125,3}, {0xCAC7,25128,3},
    {0xCAC8,25131,3}, {0xCAC9,25134,3}, {0xCACA,25137,3}, {0xCACB,25140,3}, {0xCACC,25143,3}, {0xCACD,25146,3},
    {0xCACE,25149,3}, {0xCACF,25152,3}, {0xCAD0,25155,3}, {0xCAD1,25158,3}, {0xCAD2,25161,3}, {0xCAD3,25164,3},
    {0xCAD4,25167,3}, {0xCAD5,25170,3}, {0xCAD6,25173,3}, {0xCAD7,25176,3}, {0xCAD8,25179,2}, {0xCAD9,25181,3},
    {0xCADA,25184,3}, {0xCADB,25187,3}, {0xCADC,25190,3}, {0xCADD,25193,3}, {0xCADE,25196,3}, {0xCADF,25199,3},
    {0xCAE0,25202,3}, {0xCAE1,25205,3}, {0xCAE2,25208,3}, {0xCAE3,25211,3}, {0xCAE4,25214,3}, {0xCAE5,25217,3},
    {0xCAE6,25220,3}, {0xCAE7,25223,3}, {0xCAE8,25226,3}, {0xCAE9,25229,3}, {0xCAEA,25232,3}, {0xCAEB,25235,3},
    {0xCAEC,25238,3}, {0xCAED,25241,3}, {0xCAEE,25244,3}, {0xCAEF,25247,3}, {0xCAF0,25250,3}, {0xCAF1,25253,3},
    {0xCAF2,25256,3}, {0xCAF3,25259,3}, {0xCAF4,25262,2}, {0xCAF5,25264,3}, {0xCAF6,25267,3}, {0xCAF7,25270,3},
    {0xCAF8,25273,3}, {0xCAF9,25276,3}, {0xCAFA,25279,3}, {0xCAFB,25282,3}, {0xCAFC,25285,3}, {0xCAFD,25288,3},
    {0xCAFE,25291,3}, {0xCAFF,25294,3}, {0xCB00,25297,3}, {0xCB01,25300,3}, {0xCB02,25303,3}, {0xCB03,25306,3},
    {0xCB04,25309,3}, {0xCB05,25312,3}, {0xCB06,25315,3}, {0xCB07,25318,3}, {0xCB08,25321,3}, {0xCB09,25324,3},
    {0xCB0A,25327,3}, {0xCB0B,25330,3}, {0xCB0C,25333,3}, {0xCB0D,25336,3}, {0xCB0E,25339,3}, {0xCB0F,25342,3},
    {0xCB10,25345,2}, {0xCB11,25347,3}, {0xCB12,25350,3}, {0xCB13,25353,3}, {0xCB14,25356,3}, {0xCB15,25359,3},
    {0xCB16,25362,3}, {0xCB17,25365,3}, {0xCB18,25368,3}, {0xCB19,25371,3}, {0xCB1A,25374,3}, {0xCB1B,25377,3},
    {0xCB1C,25380,3}, {0xCB1D,25383,3}, {0xCB1E,25386,3}, {0xCB1F,25389,3}, {0xCB20,25392,3}, {0xCB21,25395,3},
    {0xCB22,25398,3}, {0xCB23,25401,3}, {0xCB24,25404,3}, {0xCB25,25407,3}, {0xCB26,25410,3}, {0xCB27,25413,3},
    {0xCB28,25416,3}, {0xCB29,25419,3}, {0xCB2A,25422,3}, {0xCB2B,25425,3}, {0xCB2C,25428,2}, {0xCB2D,25430,3},
    {0xCB2E,25433,3}, {0xCB2F,25436,3}, {0xCB30,25439,3}, {0xCB31,25442,3}, {0xCB32,25445,3}, {0xCB33,25448,3},
    {0xCB34,25451,3}, {0xCB35,25454,3}, {0xCB36,25457,3}, {0xCB37,25460,3}, {0xCB38,25463,3}, {0xCB39,25466,3},
    {0xCB3A,25469,3}, {0xCB3B,25472,3}, {0xCB3C,25475,3}, {0xCB3D,25478,3}, {0xCB3E,25481,3}, {0xCB3F,25484,3},
    {0xCB40,25487,3}, {0xCB41,25490,3}, {0xCB42,25493,3}, {0xCB43,25496,3}, {0xCB44,25499,3}, {0xCB45,25502,3},
    {0xCB46,25505,3}, {0xCB47,25508,3}, {0xCB48,25511,2}, {0xCB49,25513,3}, {0xCB4A,25516,3}, {0xCB4B,25519,3},
    {0xCB4C,25522,3}, {0xCB4D,25525,3}, {0xCB4E,25528,3}, {0xCB4F,25531,3}, {0xCB50,25534,3}, {0xCB51,25537,3},
    {0xCB52,25540,3}, {0xCB53,25543,3}, {0xCB54,25546,3}, {0xCB55,25549,3}, {0xCB56,25552,3}, {0xCB57,25555,3},
    {0xCB58,25558,3}, {0xCB59,25561,3}, {0xCB5A,25564,3}, {0xCB5B,25567,3}, {0xCB5C,25570,3}, {0xCB5D,25573,3},
    {0xCB5E,25576,3}, {0xCB5F,25579,3}, {0xCB60,25582,3}, {0xCB61,25585,3}, {0xCB62,25588,3}, {0xCB63,25591,3},
    {0xCB64,25594,2}, {0xCB65,25596,3}, {0xCB66,25599,3}, {0xCB67,25602,3}, {0xCB68,25605,3}, {0xCB69,25608,3},
    {0xCB6A,25611,3}, {0xCB6B,25614,3}, {0xCB6C,25617,3}, {0xCB6D,25620,3}, {0xCB6E,25623,3}, {0xCB6F,25626,3},
    {0xCB70,25629,3}, {0xCB71,25632,3}, {0xCB72,25635,3}, {0xCB73,25638,3}, {0xCB74,25641,3}, {0xCB75,25644,3},
    {0xCB76,25647,3}, {0xCB77,25650,3}, {0xCB78,25653,3}, {0xCB79,25656,3}, {0xCB7A,25659,3}, {0xCB7B,25662,3},
    {0xCB7C,25665,3}, {0xCB7D,25668,3}, {0xCB7E,25671,3}, {0xCB7F,25674,3}, {0xCB80,25677,2}, {0xCB81,25679,3},
    {0xCB82,25682,3}, {0xCB83,25685,3}, {0xCB84,25688,3}, {0xCB85,25691,3}, {0xCB86,25694,3}, {0xCB87,25697,3},
    {0xCB88,25700,3}, {0xCB89,25703,3}, {0xCB8A,25706,3}, {0xCB8B,25709,3}, {0xCB8C,25712,3}, {0xCB8D,25715,3},
    {0xCB8E,25718,3}, {0xCB8F,25721,3}, {0xCB90,25724,3}, {0xCB91,25727,3}, {0xCB92,25730,3}, {0xCB93,25733,3},
    {0xCB94,25736,3}, {0xCB95,25739,3}, {0xCB96,25742,3}, {0xCB97,25745,3}, {0xCB98,25748,3}, {0xCB99,25751,3},
    {0xCB9A,25754,3}, {0xCB9B,25757,3}, {0xCB9C,25760,2}, {0xCB9D,25762,3}, {0xCB9E,25765,3}, {0xCB9F,25768,3},
    {0xCBA0,25771,3}, {0xCBA1,25774,3}, {0xCBA2,25777,3}, {0xCBA3,25780,3}, {0xCBA4,25783,3}, {0xCBA5,25786,3},
    {0xCBA6,25789,3}, {0xCBA7,25792,3}, {0xCBA8,25795,3}, {0xCBA9,25798,3}, {0xCBAA,25801,3}, {0xCBAB,25804,3},
    {0xCBAC,25807,3}, {0xCBAD,25810,3}, {0xCBAE,25813,3}, {0xCBAF,25816,3}, {0xCBB0,25819,3}, {0xCBB1,25822,3},
    {0xCBB2,25825,3}, {0xCBB3,25828,3}, {0xCBB4,25831,3}, {0xCBB5,25834,3}, {0xCBB6,25837,3}, {0xCBB7,25840,3},
    {0xCBB8,25843,2}, {0xCBB9,25845,3}, {0xCBBA,25848,3}, {0xCBBB,25851,3}, {0xCBBC,25854,3}, {0xCBBD,25857,3},
    {0xCBBE,25860,3}, {0xCBBF,25863,3}, {0xCBC0,25866,3}, {0xCBC1,25869,3}, {0xCBC2,25872,3}, {0xCBC3,25875,3},
    {0xCBC4,25878,3}, {0xCBC5,25881,3}, {0xCBC6,25884,3}, {0xCBC7,25887,3}, {0xCBC8,25890,3}, {0xCBC9,25893,3},
    {0xCBCA,25896,3}, {0xCBCB,25899,3}, {0xCBCC,25902,3}, {0xCBCD,25905,3}, {0xCBCE,25908,3}, {0xCBCF,25911,3},
    {0xCBD0,25914,3}, {0xCBD1,25917,3}, {0xCBD2,25920,3}, {0xCBD3,25923,3}, {0xCBD4,25926,2}, {0xCBD5,25928,3},
    {0xCBD6,25931,3}, {0xCBD7,25934,3}, {0xCBD8,25937,3}, {0xCBD9,25940,3}, {0xCBDA,25943,3}, {0xCBDB,25946,3},
    {0xCBDC,25949,3}, {0xCBDD,25952,3}, {0xCBDE,25955,3}, {0xCBDF,25958,3}, {0xCBE0,25961,3}, {0xCBE1,25964,3},
    {0xCBE2,25967,3}, {0xCBE3,25970,3}, {0xCBE4,25973,3}, {0xCBE5,25976,3}, {0xCBE6,25979,3}, {0xCBE7,25982,3},
    {0xCBE8,25985,3}, {0xCBE9,25988,3}, {0xCBEA,25991,3}, {0xCBEB,25994,3}, {0xCBEC,25997,3}, {0xCBED,26000,3},
    {0xCBEE,26003,3}, {0xCBEF,26006,3}, {0xCBF0,26009,2}, {0xCBF1,26011,3}, {0xCBF2,26014,3}, {0xCBF3,26017,3},
    {0xCBF4,26020,3}, {0xCBF5,26023,3}, {0xCBF6,26026,3}, {0xCBF7,26029,3}, {0xCBF8,26032,3}, {0xCBF9,26035,3},
    {0xCBFA,26038,3}, {0xCBFB,26041,3}, {0xCBFC,26044,3}, {0xCBFD,26047,3}, {0xCBFE,26050,3}, {0xCBFF,26053,3},
    {0xCC00,26056,3}, {0xCC01,26059,3}, {0xCC02,26062,3}, {0xCC03,26065,3}, {0xCC04,26068,3}, {0xCC05,26071,3},
    {0xCC06,26074,3}, {0xCC07,26077,3}, {0xCC08,26080,3}, {0xCC09,26083,3}, {0xCC0A,26086,3}, {0xCC0B,26089,3},
    {0xCC0C,26092,2}, {0xCC0D,26094,3}, {0xCC0E,26097,3}, {0xCC0F,26100,3}, {0xCC10,26103,3}, {0xCC11,26106,3},
    {0xCC12,26109,3}, {0xCC13,26112,3}, {0xCC14,26115,3}, {0xCC15,26118,3}, {0xCC16,26121,3}, {0xCC17,26124,3},
    {0xCC18,26127,3}, {0xCC19,26130,3}, {0xCC1A,26133,3}, {0xCC1B,26136,3}, {0xCC1C,26139,3}, {0xCC1D,26142,3},
    {0xCC1E,26145,3}, {0xCC1F,26148,3}, {0xCC20,26151,3}, {0xCC21,26154,3}, {0xCC22,26157,3}, {0xCC23,26160,3},
    {0xCC24,26163,3}, {0xCC25,26166,3}, {0xCC26,26169,3}, {0xCC27,26172,3}, {0xCC28,26175,2}, {0xCC29,26177,3},
    {0xCC2A,26180,3}, {0xCC2B,26183,3}, {0xCC2C,26186,3}, {0xCC2D,26189,3}, {0xCC2E,26192,3}, {0xCC2F,26195,3},
    {0xCC30,26198,3}, {0xCC31,26201,3}, {0xCC32,26204,3}, {0xCC33,26207,3}, {0xCC34,26210,3}, {0xCC35,26213,3},
    {0xCC36,26216,3}, {0xCC37,26219,3}, {0xCC38,26222,3}, {0xCC39,26225,3}, {0xCC3A,26228,3}, {0xCC3B,26231,3},
    {0xCC3C,26234,3}, {0xCC3D,26237,3}, {0xCC3E,26240,3}, {0xCC3F,26243,3}, {0xCC40,26246,3}, {0xCC41,26249,3},
    {0xCC42,26252,3}, {0xCC43,26255,3}, {0xCC44,26258,2}, {0xCC45,26260,3}, {0xCC46,26263,3}, {0xCC47,26266,3},
    {0xCC48,26269,3}, {0xCC49,26272,3}, {0xCC4A,26275,3}, {0xCC4B,26278,3}, {0xCC4C,26281,3}, {0xCC4D,26284,3},
    {0xCC4E,26287,3}, {0xCC4F,26290,3}, {0xCC50,26293,3}, {0xCC51,26296,3}, {0xCC52,26299,3}, {0xCC53,26302,3},
    {0xCC54,26305,3}, {0xCC55,26308,3}, {0xCC56,26311,3}, {0xCC57,26314,3}, {0xCC58,26317,3}, {0xCC59,26320,3},
    {0xCC5A,26323,3}, {0xCC5B,26326,3}, {0xCC5C,26329,3}, {0xCC5D,26332,3}, {0xCC5E,26335,3}, {0xCC5F,26338,3},
    {0xCC60,26341,2}, {0xCC61,26343,3}, {0xCC62,26346,3}, {0xCC63,26349,3}, {0xCC64,26352,3}, {0xCC65,26355,3},
    {0xCC66,26358,3}, {0xCC67,26361,3}, {0xCC68,26364,3}, {0xCC69,26367,3}, {0xCC6A,26370,3}, {0xCC6B,26373,3},
    {0xCC6C,26376,3}, {0xCC6D,26379,3}, {0xCC6E,26382,3}, {0xCC6F,26385,3}, {0xCC70,26388,3}, {0xCC71,26391,3},
    {0xCC72,26394,3}, {0xCC73,26397,3}, {0xCC74,26400,3}, {0xCC75,26403,3}, {0xCC76,26406,3}, {0xCC77,26409,3},
    {0xCC78,26412,3}, {0xCC79,26415,3}, {0xCC7A,26418,3}, {0xCC7B,26421,3}, {0xCC7C,26424,2}, {0xCC7D,26426,3},
    {0xCC7E,26429,3}, {0xCC7F,26432,3}, {0xCC80,26435,3}, {0xCC81,26438,3}, {0xCC82,26441,3}, {0xCC83,26444,3},
    {0xCC84,26447,3}, {0xCC85,26450,3}, {0xCC86,26453,3}, {0xCC87,26456,3}, {0xCC88,26459,3}, {0xCC89,26462,3},
    {0xCC8A,26465,3}, {0xCC8B,26468,3}, {0xCC8C,26471,3}, {0xCC8D,26474,3}, {0xCC8E,26477,3}, {0xCC8F,26480,3},
    {0xCC90,26483,3}, {0xCC91,26486,3}, {0xCC92,26489,3}, {0xCC93,26492,3}, {0xCC94,26495,3}, {0xCC95,26498,3},
    {0xCC96,26501,3}, {0xCC97,26504,3}, {0xCC98,26507,2}, {0xCC99,26509,3}, {0xCC9A,26512,3}, {0xCC9B,26515,3},
    {0xCC9C,26518,3}, {0xCC9D,26521,3}, {0xCC9E,26524,3}, {0xCC9F,26527,3}, {0xCCA0,26530,3}, {0xCCA1,26533,3},
    {0xCCA2,26536,3}, {0xCCA3,26539,3}, {0xCCA4,26542,3}, {0xCCA5,26545,3}, {0xCCA6,26548,3}, {0xCCA7,26551,3},
    {0xCCA8,26554,3}, {0xCCA9,26557,3}, {0xCCAA,26560,3}, {0xCCAB,26563,3}, {0xCCAC,26566,3}, {0xCCAD,26569,3},
    {0xCCAE,26572,3}, {0xCCAF,26575,3}, {0xCCB0,26578,3}, {0xCCB1,26581,3}, {0xCCB2,26584,3}, {0xCCB3,26587,3},
    {0xCCB4,26590,2}, {0xCCB5,26592,3}, {0xCCB6,26595,3}, {0xCCB7,26598,3}, {0xCCB8,26601,3}, {0xCCB9,26604,3},
    {0xCCBA,26607,3}, {0xCCBB,26610,3}, {0xCCBC,26613,3}, {0xCCBD,26616,3}, {0xCCBE,26619,3}, {0xCCBF,26622,3},
    {0xCCC0,26625,3}, {0xCCC1,26628,3}, {0xCCC2,26631,3}, {0xCCC3,26634,3}, {0xCCC4,26637,3}, {0xCCC5,26640,3},
    {0xCCC6,26643,3}, {0xCCC7,26646,3}, {0xCCC8,26649,3}, {0xCCC9,26652,3}, {0xCCCA,26655,3}, {0xCCCB,26658,3},
    {0xCCCC,26661,3}, {0xCCCD,26664,3}, {0xCCCE,26667,3}, {0xCCCF,26670,3}, {0xCCD0,26673,2}, {0xCCD1,26675,3},
    {0xCCD2,26678,3}, {0xCCD3,26681,3}, {0xCCD4,26684,3}, {0xCCD5,26687,3}, {0xCCD6,26690,3}, {0xCCD7,26693,3},
    {0xCCD8,26696,3}, {0xCCD9,26699,3}, {0xCCDA,26702,3}, {0xCCDB,26705,3}, {0xCCDC,26708,3}, {0xCCDD,26711,3},
    {0xCCDE,26714,3}, {0xCCDF,26717,3}, {0xCCE0,26720,3}, {0xCCE1,26723,3}, {0xCCE2,26726,3}, {0xCCE3,26729,3},
    {0xCCE4,26732,3}, {0xCCE5,26735,3}, {0xCCE6,26738,3}, {0xCCE7,26741,3}, {0xCCE8,26744,3}, {0xCCE9,26747,3},
    {0xCCEA,26750,3}, {0xCCEB,26753,3}, {0xCCEC,26756,2}, {0xCCED,26758,3}, {0xCCEE,26761,3}, {0xCCEF,26764,3},
    {0xCCF0,26767,3}, {0xCCF1,26770,3}, {0xCCF2,26773,3}, {0xCCF3,26776,3}, {0xCCF4,26779,3}, {0xCCF5,26782,3},
    {0xCCF6,26785,3}, {0xCCF7,26788,3}, {0xCCF8,26791,3}, {0xCCF9,26794,3}, {0xCCFA,26797,3}, {0xCCFB,26800,3},
    {0xCCFC,26803,3}, {0xCCFD,26806,3}, {0xCCFE,26809,3}, {0xCCFF,26812,3}, {0xCD00,26815,3}, {0xCD01,26818,3},
    {0xCD02,26821,3}, {0xCD03,26824,3}, {0xCD04,26827,3}, {0xCD05,26830,3}, {0xCD06,26833,3}, {0xCD07,26836,3},
    {0xCD08,26839,2}, {0xCD09,26841,3}, {0xCD0A,26844,3}, {0xCD0B,26847,3}, {0xCD0C,26850,3}, {0xCD0D,26853,3},
    {0xCD0E,26856,3}, {0xCD0F,26859,3}, {0xCD10,26862,3}, {0xCD11,26865,3}, {0xCD12,26868,3}, {0xCD13,26871,3},
    {0xCD14,26874,3}, {0xCD15,26877,3}, {0xCD16,26880,3}, {0xCD17,26883,3}, {0xCD18,26886,3}, {0xCD19,26889,3},
    {0xCD1A,26892,3}, {0xCD1B,26895,3}, {0xCD1C,26898,3}, {0xCD1D,26901,3}, {0xCD1E,26904,3}, {0xCD1F,26907,3},
    {0xCD20,26910,3}, {0xCD21,26913,3}, {0xCD22,26916,3}, {0xCD23,26919,3}, {0xCD24,26922,2}, {0xCD25,26924,3},
    {0xCD26,26927,3}, {0xCD27,26930,3}, {0xCD28,26933,3}, {0xCD29,26936,3}, {0xCD2A,26939,3}, {0xCD2B,26942,3},
    {0xCD2C,26945,3}, {0xCD2D,26948,3}, {0xCD2E,26951,3}, {0xCD2F,26954,3}, {0xCD30,26957,3}, {0xCD31,26960,3},
    {0xCD32,26963,3}, {0xCD33,26966,3}, {0xCD34,26969,3}, {0xCD35,26972,3}, {0xCD36,26975,3}, {0xCD37,26978,3},
    {0xCD38,26981,3}, {0xCD39,26984,3}, {0xCD3A,26987,3}, {0xCD3B,26990,3}, {0xCD3C,26993,3}, {0xCD3D,26996,3},
    {0xCD3E,26999,3}, {0xCD3F,27002,3}, {0xCD40,27005,2}, {0xCD41,27007,3}, {0xCD42,27010,3}, {0xCD43,27013,3},
    {0xCD44,27016,3}, {0xCD45,27019,3}, {0xCD46,27022,3}, {0xCD47,27025,3}, {0xCD48,27028,3}, {0xCD49,27031,3},
    {0xCD4A,27034,3}, {0xCD4B,27037,3}, {0xCD4C,27040,3}, {0xCD4D,27043,3}, {0xCD4E,27046,3}, {0xCD4F,27049,3},
    {0xCD50,27052,3}, {0xCD51,27055,3}, {0xCD52,27058,3}, {0xCD53,27061,3}, {0xCD54,27064,3}, {0xCD55,27067,3},
    {0xCD56,27070,3}, {0xCD57,27073,3}, {0xCD58,27076,3}, {0xCD59,27079,3}, {0xCD5A,27082,3}, {0xCD5B,27085,3},
    {0xCD5C,27088,2}, {0xCD5D,27090,3}, {0xCD5E,27093,3}, {0xCD5F,27096,3}, {0xCD60,27099,3}, {0xCD61,27102,3},
    {0xCD62,27105,3}, {0xCD63,27108,3}, {0xCD64,27111,3}, {0xCD65,27114,3}, {0xCD66,27117,3}, {0xCD67,27120,3},
    {0xCD68,27123,3}, {0xCD69,27126,3}, {0xCD6A,27129,3}, {0xCD6B,27132,3}, {0xCD6C,27135,3}, {0xCD6D,27138,3},
    {0xCD6E,27141,3}, {0xCD6F,27144,3}, {0xCD70,27147,3}, {0xCD71,27150,3}, {0xCD72,27153,3}, {0xCD73,27156,3},
    {0xCD74,27159,3}, {0xCD75,27162,3}, {0xCD76,27165,3}, {0xCD77,27168,3}, {0xCD78,27171,2}, {0xCD79,27173,3},
    {0xCD7A,27176,3}, {0xCD7B,27179,3}, {0xCD7C,27182,3}, {0xCD7D,27185,3}, {0xCD7E,27188,3}, {0xCD7F,27191,3},
    {0xCD80,27194,3}, {0xCD81,27197,3}, {0xCD82,27200,3}, {0xCD83,27203,3}, {0xCD84,27206,3}, {0xCD85,27209,3},
    {0xCD86,27212,3}, {0xCD87,27215,3}, {0xCD88,27218,3}, {0xCD89,27221,3}, {0xCD8A,27224,3}, {0xCD8B,27227,3},
    {0xCD8C,27230,3}, {0xCD8D,27233,3}, {0xCD8E,27236,3}, {0xCD8F,27239,3}, {0xCD90,27242,3}, {0xCD91,27245,3},
    {0xCD92,27248,3}, {0xCD93,27251,3}, {0xCD94,27254,2}, {0xCD95,27256,3}, {0xCD96,27259,3}, {0xCD97,27262,3},
    {0xCD98,27265,3}, {0xCD99,27268,3}, {0xCD9A,27271,3}, {0xCD9B,27274,3}, {0xCD9C,27277,3}, {0xCD9D,27280,3},
    {0xCD9E,27283,3}, {0xCD9F,27286,3}, {0xCDA0,27289,3}, {0xCDA1,27292,3}, {0xCDA2,27295,3}, {0xCDA3,27298,3},
    {0xCDA4,27301,3}, {0xCDA5,27304,3}, {0xCDA6,27307,3}, {0xCDA7,27310,3}, {0xCDA8,27313,3}, {0xCDA9,27316,3},
    {0xCDAA,27319,3}, {0xCDAB,27322,3}, {0xCDAC,27325,3}, {0xCDAD,27328,3}, {0xCDAE,27331,3}, {0xCDAF,27334,3},
    {0xCDB0,27337,2}, {0xCDB1,27339,3}, {0xCDB2,27342,3}, {0xCDB3,27345,3}, {0xCDB4,27348,3}, {0xCDB5,27351,3},
    {0xCDB6,27354,3}, {0xCDB7,27357,3}, {0xCDB8,27360,3}, {0xCDB9,27363,3}, {0xCDBA,27366,3}, {0xCDBB,27369,3},
    {0xCDBC,27372,3}, {0xCDBD,27375,3}, {0xCDBE,27378,3}, {0xCDBF,27381,3}, {0xCDC0,27384,3}, {0xCDC1,27387,3},
    {0xCDC2,27390,3}, {0xCDC3,27393,3}, {0xCDC4,27396,3}, {0xCDC5,27399,3}, {0xCDC6,27402,3}, {0xCDC7,27405,3},
    {0xCDC8,27408,3}, {0xCDC9,27411,3}, {0xCDCA,27414,3}, {0xCDCB,27417,3}, {0xCDCC,27420,2}, {0xCDCD,27422,3},
    {0xCDCE,27425,3}, {0xCDCF,27428,3}, {0xCDD0,27431,3}, {0xCDD1,27434,3}, {0xCDD2,27437,3}, {0xCDD3,27440,3},
    {0xCDD4,27443,3}, {0xCDD5,27446,3}, {0xCDD6,27449,3}, {0xCDD7,27452,3}, {0xCDD8,27455,3}, {0xCDD9,27458,3},
    {0xCDDA,27461,3}, {0xCDDB,27464,3}, {0xCDDC,27467,3}, {0xCDDD,27470,3}, {0xCDDE,27473,3}, {0xCDDF,27476,3},
    {0xCDE0,27479,3}, {0xCDE1,27482,3}, {0xCDE2,27485,3}, {0xCDE3,27488,3}, {0xCDE4,27491,3}, {0xCDE5,27494,3},
    {0xCDE6,27497,3}, {0xCDE7,27500,3}, {0xCDE8,27503,2}, {0xCDE9,27505,3}, {0xCDEA,27508,3}, {0xCDEB,27511,3},
    {0xCDEC,27514,3}, {0xCDED,27517,3}, {0xCDEE,27520,3}, {0xCDEF,27523,3}, {0xCDF0,27526,3}, {0xCDF1,27529,3},
    {0xCDF2,27532,3}, {0xCDF3,27535,3}, {0xCDF4,27538,3}, {0xCDF5,27541,3}, {0xCDF6,27544,3}, {0xCDF7,27547,3},
    {0xCDF8,27550,3}, {0xCDF9,27553,3}, {0xCDFA,27556,3}, {0xCDFB,27559,3}, {0xCDFC,27562,3}, {0xCDFD,27565,3},
    {0xCDFE,27568,3}, {0xCDFF,27571,3}, {0xCE00,27574,3}, {0xCE01,27577,3}, {0xCE02,27580,3}, {0xCE03,27583,3},
    {0xCE04,27586,2}, {0xCE05,27588,3}, {0xCE06,27591,3}, {0xCE07,27594,3}, {0xCE08,27597,3}, {0xCE09,27600,3},
    {0xCE0A,27603,3}, {0xCE0B,27606,3}, {0xCE0C,27609,3}, {0xCE0D,27612,3}, {0xCE0E,27615,3}, {0xCE0F,27618,3},
    {0xCE10,27621,3}, {0xCE11,27624,3}, {0xCE12,27627,3}, {0xCE13,27630,3}, {0xCE14,27633,3}, {0xCE15,27636,3},
    {0xCE16,27639,3}, {0xCE17,27642,3}, {0xCE18,27645,3}, {0xCE19,27648,3}, {0xCE1A,27651,3}, {0xCE1B,27654,3},
    {0xCE1C,27657,3}, {0xCE1D,27660,3}, {0xCE1E,27663,3}, {0xCE1F,27666,3}, {0xCE20,27669,2}, {0xCE21,27671,3},
    {0xCE22,27674,3}, {0xCE23,27677,3}, {0xCE24,27680,3}, {0xCE25,27683,3}, {0xCE26,27686,3}, {0xCE27,27689,3},
    {0xCE28,27692,3}, {0xCE29,27695,3}, {0xCE2A,27698,3}, {0xCE2B,27701,3}, {0xCE2C,27704,3}, {0xCE2D,27707,3},
    {0xCE2E,27710,3}, {0xCE2F,27713,3}, {0xCE30,27716,3}, {0xCE31,27719,3}, {0xCE32,27722,3}, {0xCE33,27725,3},
    {0xCE34,27728,3}, {0xCE35,27731,3}, {0xCE36,27734,3}, {0xCE37,27737,3}, {0xCE38,27740,3}, {0xCE39,27743,3},
    {0xCE3A,27746,3}, {0xCE3B,27749,3}, {0xCE3C,27752,2}, {0xCE3D,27754,3}, {0xCE3E,27757,3}, {0xCE3F,27760,3},
    {0xCE40,27763,3}, {0xCE41,27766,3}, {0xCE42,27769,3}, {0xCE43,27772,3}, {0xCE44,27775,3}, {0xCE45,27778,3},
    {0xCE46,27781,3}, {0xCE47,27784,3}, {0xCE48,27787,3}, {0xCE49,27790,3}, {0xCE4A,27793,3}, {0xCE4B,27796,3},
    {0xCE4C,27799,3}, {0xCE4D,27802,3}, {0xCE4E,27805,3}, {0xCE4F,27808,3}, {0xCE50,27811,3}, {0xCE51,27814,3},
    {0xCE52,27817,3}, {0xCE53,27820,3}, {0xCE54,27823,3}, {0xCE55,27826,3}, {0xCE56,27829,3}, {0xCE57,27832,3},
    {0xCE58,27835,2}, {0xCE59,27837,3}, {0xCE5A,27840,3}, {0xCE5B,27843,3}, {0xCE5C,27846,3}, {0xCE5D,27849,3},
    {0xCE5E,27852,3}, {0xCE5F,27855,3}, {0xCE60,27858,3}, {0xCE61,27861,3}, {0xCE62,27864,3}, {0xCE63,27867,3},
    {0xCE64,27870,3}, {0xCE65,27873,3}, {0xCE66,27876,3}, {0xCE67,27879,3}, {0xCE68,27882,3}, {0xCE69,27885,3},
    {0xCE6A,27888,3}, {0xCE6B,27891,3}, {0xCE6C,27894,3}, {0xCE6D,27897,3}, {0xCE6E,27900,3}, {0xCE6F,27903,3},
    {0xCE70,27906,3}, {0xCE71,27909,3}, {0xCE72,27912,3}, {0xCE73,27915,3}, {0xCE74,27918,2}, {0xCE75,27920,3},
    {0xCE76,27923,3}, {0xCE77,27926,3}, {0xCE78,27929,3}, {0xCE79,27932,3}, {0xCE7A,27935,3}, {0xCE7B,27938,3},
    {0xCE7C,27941,3}, {0xCE7D,27944,3}, {0xCE7E,27947,3}, {0xCE7F,27950,3}, {0xCE80,27953,3}, {0xCE81,27956,3},
    {0xCE82,27959,3}, {0xCE83,27962,3}, {0xCE84,27965,3}, {0xCE85,27968,3}, {0xCE86,27971,3}, {0xCE87,27974,3},
    {0xCE88,27977,3}, {0xCE89,27980,3}, {0xCE8A,27983,3}, {0xCE8B,27986,3}, {0xCE8C,27989,3}, {0xCE8D,27992,3},
    {0xCE8E,27995,3}, {0xCE8F,27998,3}, {0xCE90,28001,2}, {0xCE91,28003,3}, {0xCE92,28006,3}, {0xCE93,28009,3},
    {0xCE94,28012,3}, {0xCE95,28015,3}, {0xCE96,28018,3}, {0xCE97,28021,3}, {0xCE98,28024,3}, {0xCE99,28027,3},
    {0xCE9A,28030,3}, {0xCE9B,28033,3}, {0xCE9C,28036,3}, {0xCE9D,28039,3}, {0xCE9E,28042,3}, {0xCE9F,28045,3},
    {0xCEA0,28048,3}, {0xCEA1,28051,3}, {0xCEA2,28054,3}, {0xCEA3,28057,3}, {0xCEA4,28060,3}, {0xCEA5,28063,3},
    {0xCEA6,28066,3}, {0xCEA7,28069,3}, {0xCEA8,28072,3}, {0xCEA9,28075,3}, {0xCEAA,28078,3}, {0xCEAB,28081,3},
    {0xCEAC,28084,2}, {0xCEAD,28086,3}, {0xCEAE,28089,3}, {0xCEAF,28092,3}, {0xCEB0,28095,3}, {0xCEB1,28098,3},
    {0xCEB2,28101,3}, {0xCEB3,28104,3}, {0xCEB4,28107,3}, {0xCEB5,28110,3}, {0xCEB6,28113,3}, {0xCEB7,28116,3},
    {0xCEB8,28119,3}, {0xCEB9,28122,3}, {0xCEBA,28125,3}, {0xCEBB,28128,3}, {0xCEBC,28131,3}, {0xCEBD,28134,3},
    {0xCEBE,28137,3}, {0xCEBF,28140,3}, {0xCEC0,28143,3}, {0xCEC1,28146,3}, {0xCEC2,28149,3}, {0xCEC3,28152,3},
    {0xCEC4,28155,3}, {0xCEC5,28158,3}, {0xCEC6,28161,3}, {0xCEC7,28164,3}, {0xCEC8,28167,2}, {0xCEC9,28169,3},
    {0xCECA,28172,3}, {0xCECB,28175,3}, {0xCECC,28178,3}, {0xCECD,28181,3}, {0xCECE,28184,3}, {0xCECF,28187,3},
    {0xCED0,28190,3}, {0xCED1,28193,3}, {0xCED2,28196,3}, {0xCED3,28199,3}, {0xCED4,28202,3}, {0xCED5,28205,3},
    {0xCED6,28208,3}, {0xCED7,28211,3}, {0xCED8,28214,3}, {0xCED9,28217,3}, {0xCEDA,28220,3}, {0xCEDB,28223,3},
    {0xCEDC,28226,3}, {0xCEDD,28229,3}, {0xCEDE,28232,3}, {0xCEDF,28235,3}, {0xCEE0,28238,3}, {0xCEE1,28241,3},
    {0xCEE2,28244,3}, {0xCEE3,28247,3}, {0xCEE4,28250,2}, {0xCEE5,28252,3}, {0xCEE6,28255,3}, {0xCEE7,28258,3},
    {0xCEE8,28261,3}, {0xCEE9,28264,3}, {0xCEEA,28267,3}, {0xCEEB,28270,3}, {0xCEEC,28273,3}, {0xCEED,28276,3},
    {0xCEEE,28279,3}, {0xCEEF,28282,3}, {0xCEF0,28285,3}, {0xCEF1,28288,3}, {0xCEF2,28291,3}, {0xCEF3,28294,3},
    {0xCEF4,28297,3}, {0xCEF5,28300,3}, {0xCEF6,28303,3}, {0xCEF7,28306,3}, {0xCEF8,28309,3}, {0xCEF9,28312,3},
    {0xCEFA,28315,3}, {0xCEFB,28318,3}, {0xCEFC,28321,3}, {0xCEFD,28324,3}, {0xCEFE,28327,3}, {0xCEFF,28330,3},
    {0xCF00,28333,2}, {0xCF01,28335,3}, {0xCF02,28338,3}, {0xCF03,28341,3}, {0xCF04,28344,3}, {0xCF05,28347,3},
    {0xCF06,28350,3}, {0xCF07,28353,3}, {0xCF08,28356,3}, {0xCF09,28359,3}, {0xCF0A,28362,3}, {0xCF0B,28365,3},
    {0xCF0C,28368,3}, {0xCF0D,28371,3}, {0xCF0E,28374,3}, {0xCF0F,28377,3}, {0xCF10,28380,3}, {0xCF11,28383,3},
    {0xCF12,28386,3}, {0xCF13,28389,3}, {0xCF14,28392,3}, {0xCF15,28395,3}, {0xCF16,28398,3}, {0xCF17,28401,3},
    {0xCF18,28404,3}, {0xCF19,28407,3}, {0xCF1A,28410,3}, {0xCF1B,28413,3}, {0xCF1C,28416,2}, {0xCF1D,28418,3},
    {0xCF1E,28421,3}, {0xCF1F,28424,3}, {0xCF20,28427,3}, {0xCF21,28430,3}, {0xCF22,28433,3}, {0xCF23,28436,3},
    {0xCF24,28439,3}, {0xCF25,28442,3}, {0xCF26,28445,3}, {0xCF27,28448,3}, {0xCF28,28451,3}, {0xCF29,28454,3},
    {0xCF2A,28457,3}, {0xCF2B,28460,3}, {0xCF2C,28463,3}, {0xCF2D,28466,3}, {0xCF2E,28469,3}, {0xCF2F,28472,3},
    {0xCF30,28475,3}, {0xCF31,28478,3}, {0xCF32,28481,3}, {0xCF33,28484,3}, {0xCF34,28487,3}, {0xCF35,28490,3},
    {0xCF36,28493,3}, {0xCF37,28496,3}, {0xCF38,28499,2}, {0xCF39,28501,3}, {0xCF3A,28504,3}, {0xCF3B,28507,3},
    {0xCF3C,28510,3}, {0xCF3D,28513,3}, {0xCF3E,28516,3}, {0xCF3F,28519,3}, {0xCF40,28522,3}, {0xCF41,28525,3},
    {0xCF42,28528,3}, {0xCF43,28531,3}, {0xCF44,28534,3}, {0xCF45,28537,3}, {0xCF46,28540,3}, {0xCF47,28543,3},
    {0xCF48,28546,3}, {0xCF49,28549,3}, {0xCF4A,28552,3}, {0xCF4B,28555,3}, {0xCF4C,28558,3}, {0xCF4D,28561,3},
    {0xCF4E,28564,3}, {0xCF4F,28567,3}, {0xCF50,28570,3}, {0xCF51,28573,3}, {0xCF52,28576,3}, {0xCF53,28579,3},
    {0xCF54,28582,2}, {0xCF55,28584,3}, {0xCF56,28587,3}, {0xCF57,28590,3}, {0xCF58,28593,3}, {0xCF59,28596,3},
    {0xCF5A,28599,3}, {0xCF5B,28602,3}, {0xCF5C,28605,3}, {0xCF5D,28608,3}, {0xCF5E,28611,3}, {0xCF5F,28614,3},
    {0xCF60,28617,3}, {0xCF61,28620,3}, {0xCF62,28623,3}, {0xCF63,28626,3}, {0xCF64,28629,3}, {0xCF65,28632,3},
    {0xCF66,28635,3}, {0xCF67,28638,3}, {0xCF68,28641,3}, {0xCF69,28644,3}, {0xCF6A,28647,3}, {0xCF6B,28650,3},
    {0xCF6C,28653,3}, {0xCF6D,28656,3}, {0xCF6E,28659,3}, {0xCF6F,28662,3}, {0xCF70,28665,2}, {0xCF71,28667,3},
    {0xCF72,28670,3}, {0xCF73,28673,3}, {0xCF74,28676,3}, {0xCF75,28679,3}, {0xCF76,28682,3}, {0xCF77,28685,3},
    {0xCF78,28688,3}, {0xCF79,28691,3}, {0xCF7A,28694,3}, {0xCF7B,28697,3}, {0xCF7C,28700,3}, {0xCF7D,28703,3},
    {0xCF7E,28706,3}, {0xCF7F,28709,3}, {0xCF80,28712,3}, {0xCF81,28715,3}, {0xCF82,28718,3}, {0xCF83,28721,3},
    {0xCF84,28724,3}, {0xCF85,28727,3}, {0xCF86,28730,3}, {0xCF87,28733,3}, {0xCF88,28736,3}, {0xCF89,28739,3},
    {0xCF8A,28742,3}, {0xCF8B,28745,3}, {0xCF8C,28748,2}, {0xCF8D,28750,3}, {0xCF8E,28753,3}, {0xCF8F,28756,3},
    {0xCF90,28759,3}, {0xCF91,28762,3}, {0xCF92,28765,3}, {0xCF93,28768,3}, {0xCF94,28771,3}, {0xCF95,28774,3},
    {0xCF96,28777,3}, {0xCF97,28780,3}, {0xCF98,28783,3}, {0xCF99,28786,3}, {0xCF9A,28789,3}, {0xCF9B,28792,3},
    {0xCF9C,28795,3}, {0xCF9D,28798,3}, {0xCF9E,28801,3}, {0xCF9F,28804,3}, {0xCFA0,28807,3}, {0xCFA1,28810,3},
    {0xCFA2,28813,3}, {0xCFA3,28816,3}, {0xCFA4,28819,3}, {0xCFA5,28822,3}, {0xCFA6,28825,3}, {0xCFA7,28828,3},
    {0xCFA8,28831,2}, {0xCFA9,28833,3}, {0xCFAA,28836,3}, {0xCFAB,28839,3}, {0xCFAC,28842,3}, {0xCFAD,28845,3},
    {0xCFAE,28848,3}, {0xCFAF,28851,3}, {0xCFB0,28854,3}, {0xCFB1,28857,3}, {0xCFB2,28860,3}, {0xCFB3,28863,3},
    {0xCFB4,28866,3}, {0xCFB5,28869,3}, {0xCFB6,28872,3}, {0xCFB7,28875,3}, {0xCFB8,28878,3}, {0xCFB9,28881,3},
    {0xCFBA,28884,3}, {0xCFBB,28887,3}, {0xCFBC,28890,3}, {0xCFBD,28893,3}, {0xCFBE,28896,3}, {0xCFBF,28899,3},
    {0xCFC0,28902,3}, {0xCFC1,28905,3}, {0xCFC2,28908,3}, {0xCFC3,28911,3}, {0xCFC4,28914,2}, {0xCFC5,28916,3},
    {0xCFC6,28919,3}, {0xCFC7,28922,3}, {0xCFC8,28925,3}, {0xCFC9,28928,3}, {0xCFCA,28931,3}, {0xCFCB,28934,3},
    {0xCFCC,28937,3}, {0xCFCD,28940,3}, {0xCFCE,28943,3}, {0xCFCF,28946,3}, {0xCFD0,28949,3}, {0xCFD1,28952,3},
    {0xCFD2,28955,3}, {0xCFD3,28958,3}, {0xCFD4,28961,3}, {0xCFD5,28964,3}, {0xCFD6,28967,3}, {0xCFD7,28970,3},
    {0xCFD8,28973,3}, {0xCFD9,28976,3}, {0xCFDA,28979,3}, {0xCFDB,28982,3}, {0xCFDC,28985,3}, {0xCFDD,28988,3},
    {0xCFDE,28991,3}, {0xCFDF,28994,3}, {0xCFE0,28997,2}, {0xCFE1,28999,3}, {0xCFE2,29002,3}, {0xCFE3,29005,3},
    {0xCFE4,29008,3}, {0xCFE5,29011,3}, {0xCFE6,29014,3}, {0xCFE7,29017,3}, {0xCFE8,29020,3}, {0xCFE9,29023,3},
    {0xCFEA,29026,3}, {0xCFEB,29029,3}, {0xCFEC,29032,3}, {0xCFED,29035,3}, {0xCFEE,29038,3}, {0xCFEF,29041,3},
    {0xCFF0,29044,3}, {0xCFF1,29047,3}, {0xCFF2,29050,3}, {0xCFF3,29053,3}, {0xCFF4,29056,3}, {0xCFF5,29059,3},
    {0xCFF6,29062,3}, {0xCFF7,29065,3}, {0xCFF8,29068,3}, {0xCFF9,29071,3}, {0xCFFA,29074,3}, {0xCFFB,29077,3},
    {0xCFFC,29080,2}, {0xCFFD,29082,3}, {0xCFFE,29085,3}, {0xCFFF,29088,3}, {0xD000,29091,3}, {0xD001,29094,3},
    {0xD002,29097,3}, {0xD003,29100,3}, {0xD004,29103,3}, {0xD005,29106,3}, {0xD006,29109,3}, {0xD007,29112,3},
    {0xD008,29115,3}, {0xD009,29118,3}, {0xD00A,29121,3}, {0xD00B,29124,3}, {0xD00C,29127,3}, {0xD00D,29130,3},
    {0xD00E,29133,3}, {0xD00F,29136,3}, {0xD010,29139,3}, {0xD011,29142,3}, {0xD012,29145,3}, {0xD013,29148,3},
    {0xD014,29151,3}, {0xD015,29154,3}, {0xD016,29157,3}, {0xD017,29160,3}, {0xD018,29163,2}, {0xD019,29165,3},
    {0xD01A,29168,3}, {0xD01B,29171,3}, {0xD01C,29174,3}, {0xD01D,29177,3}, {0xD01E,29180,3}, {0xD01F,29183,3},
    {0xD020,29186,3}, {0xD021,29189,3}, {0xD022,29192,3}, {0xD023,29195,3}, {0xD024,29198,3}, {0xD025,29201,3},
    {0xD026,29204,3}, {0xD027,29207,3}, {0xD028,29210,3}, {0xD029,29213,3}, {0xD02A,29216,3}, {0xD02B,29219,3},
    {0xD02C,29222,3}, {0xD02D,29225,3}, {0xD02E,29228,3}, {0xD02F,29231,3}, {0xD030,29234,3}, {0xD031,29237,3},
    {0xD032,29240,3}, {0xD033,29243,3}, {0xD034,29246,2}, {0xD035,29248,3}, {0xD036,29251,3}, {0xD037,29254,3},
    {0xD038,29257,3}, {0xD039,29260,3}, {0xD03A,29263,3}, {0xD03B,29266,3}, {0xD03C,29269,3}, {0xD03D,29272,3},
    {0xD03E,29275,3}, {0xD03F,29278,3}, {0xD040,29281,3}, {0xD041,29284,3}, {0xD042,29287,3}, {0xD043,29290,3},
    {0xD044,29293,3}, {0xD045,29296,3}, {0xD046,29299,3}, {0xD047,29302,3}, {0xD048,29305,3}, {0xD049,29308,3},
    {0xD04A,29311,3}, {0xD04B,29314,3}, {0xD04C,29317,3}, {0xD04D,29320,3}, {0xD04E,29323,3}, {0xD04F,29326,3},
    {0xD050,29329,2}, {0xD051,29331,3}, {0xD052,29334,3}, {0xD053,29337,3}, {0xD054,29340,3}, {0xD055,29343,3},
    {0xD056,29346,3}, {0xD057,29349,3}, {0xD058,29352,3}, {0xD059,29355,3}, {0xD05A,29358,3}, {0xD05B,29361,3},
    {0xD05C,29364,3}, {0xD05D,29367,3}, {0xD05E,29370,3}, {0xD05F,29373,3}, {0xD060,29376,3}, {0xD061,29379,3},
    {0xD062,29382,3}, {0xD063,29385,3}, {0xD064,29388,3}, {0xD065,29391,3}, {0xD066,29394,3}, {0xD067,29397,3},
    {0xD068,29400,3}, {0xD069,29403,3}, {0xD06A,29406,3}, {0xD06B,29409,3}, {0xD06C,29412,2}, {0xD06D,29414,3},
    {0xD06E,29417,3}, {0xD06F,29420,3}, {0xD070,29423,3}, {0xD071,29426,3}, {0xD072,29429,3}, {0xD073,29432,3},
    {0xD074,29435,3}, {0xD075,29438,3}, {0xD076,29441,3}, {0xD077,29444,3}, {0xD078,29447,3}, {0xD079,29450,3},
    {0xD07A,29453,3}, {0xD07B,29456,3}, {0xD07C,29459,3}, {0xD07D,29462,3}, {0xD07E,29465,3}, {0xD07F,29468,3},
    {0xD080,29471,3}, {0xD081,29474,3}, {0xD082,29477,3}, {0xD083,29480,3}, {0xD084,29483,3}, {0xD085,29486,3},
    {0xD086,29489,3}, {0xD087,29492,3}, {0xD088,29495,2}, {0xD089,29497,3}, {0xD08A,29500,3}, {0xD08B,29503,3},
    {0xD08C,29506,3}, {0xD08D,29509,3}, {0xD08E,29512,3}, {0xD08F,29515,3}, {0xD090,29518,3}, {0xD091,29521,3},
    {0xD092,29524,3}, {0xD093,29527,3}, {0xD094,29530,3}, {0xD095,29533,3}, {0xD096,29536,3}, {0xD097,29539,3},
    {0xD098,29542,3}, {0xD099,29545,3}, {0xD09A,29548,3}, {0xD09B,29551,3}, {0xD09C,29554,3}, {0xD09D,29557,3},
    {0xD09E,29560,3}, {0xD09F,29563,3}, {0xD0A0,29566,3}, {0xD0A1,29569,3}, {0xD0A2,29572,3}, {0xD0A3,29575,3},
    {0xD0A4,29578,2}, {0xD0A5,29580,3}, {0xD0A6,29583,3}, {0xD0A7,29586,3}, {0xD0A8,29589,3}, {0xD0A9,29592,3},
    {0xD0AA,29595,3}, {0xD0AB,29598,3}, {0xD0AC,29601,3}, {0xD0AD,29604,3}, {0xD0AE,29607,3}, {0xD0AF,29610,3},
    {0xD0B0,29613,3}, {0xD0B1,29616,3}, {0xD0B2,29619,3}, {0xD0B3,29622,3}, {0xD0B4,29625,3}, {0xD0B5,29628,3},
    {0xD0B6,29631,3}, {0xD0B7,29634,3}, {0xD0B8,29637,3}, {0xD0B9,29640,3}, {0xD0BA,29643,3}, {0xD0BB,29646,3},
    {0xD0BC,29649,3}, {0xD0BD,29652,3}, {0xD0BE,29655,3}, {0xD0BF,29658,3}, {0xD0C0,29661,2}, {0xD0C1,29663,3},
    {0xD0C2,29666,3}, {0xD0C3,29669,3}, {0xD0C4,29672,3}, {0xD0C5,29675,3}, {0xD0C6,29678,3}, {0xD0C7,29681,3},
    {0xD0C8,29684,3}, {0xD0C9,29687,3}, {0xD0CA,29690,3}, {0xD0CB,29693,3}, {0xD0CC,29696,3}, {0xD0CD,29699,3},
    {0xD0CE,29702,3}, {0xD0CF,29705,3}, {0xD0D0,29708,3}, {0xD0D1,29711,3}, {0xD0D2,29714,3}, {0xD0D3,29717,3},
    {0xD0D4,29720,3}, {0xD0D5,29723,3}, {0xD0D6,29726,3}, {0xD0D7,29729,3}, {0xD0D8,29732,3}, {0xD0D9,29735,3},
    {0xD0DA,29738,3}, {0xD0DB,29741,3}, {0xD0DC,29744,2}, {0xD0DD,29746,3}, {0xD0DE,29749,3}, {0xD0DF,29752,3},
    {0xD0E0,29755,3}, {0xD0E1,29758,3}, {0xD0E2,29761,3}, {0xD0E3,29764,3}, {0xD0E4,29767,3}, {0xD0E5,29770,3},
    {0xD0E6,29773,3}, {0xD0E7,29776,3}, {0xD0E8,29779,3}, {0xD0E9,29782,3}, {0xD0EA,29785,3}, {0xD0EB,29788,3},
    {0xD0EC,29791,3}, {0xD0ED,29794,3}, {0xD0EE,29797,3}, {0xD0EF,29800,3}, {0xD0F0,29803,3}, {0xD0F1,29806,3},
    {0xD0F2,29809,3}, {0xD0F3,29812,3}, {0xD0F4,29815,3}, {0xD0F5,29818,3}, {0xD0F6,29821,3}, {0xD0F7,29824,3},
    {0xD0F8,29827,2}, {0xD0F9,29829,3}, {0xD0FA,29832,3}, {0xD0FB,29835,3}, {0xD0FC,29838,3}, {0xD0FD,29841,3},
    {0xD0FE,29844,3}, {0xD0FF,29847,3}, {0xD100,29850,3}, {0xD101,29853,3}, {0xD102,29856,3}, {0xD103,29859,3},
    {0xD104,29862,3}, {0xD105,29865,3}, {0xD106,29868,3}, {0xD107,29871,3}, {0xD108,29874,3}, {0xD109,29877,3},
    {0xD10A,29880,3}, {0xD10B,29883,3}, {0xD10C,29886,3}, {0xD10D,29889,3}, {0xD10E,29892,3}, {0xD10F,29895,3},
    {0xD110,29898,3}, {0xD111,29901,3}, {0xD112,29904,3}, {0xD113,29907,3}, {0xD114,29910,2}, {0xD115,29912,3},
    {0xD116,29915,3}, {0xD117,29918,3}, {0xD118,29921,3}, {0xD119,29924,3}, {0xD11A,29927,3}, {0xD11B,29930,3},
    {0xD11C,29933,3}, {0xD11D,29936,3}, {0xD11E,29939,3}, {0xD11F,29942,3}, {0xD120,29945,3}, {0xD121,29948,3},
    {0xD122,29951,3}, {0xD123,29954,3}, {0xD124,29957,3}, {0xD125,29960,3}, {0xD126,29963,3}, {0xD127,29966,3},
    {0xD128,29969,3}, {0xD129,29972,3}, {0xD12A,29975,3}, {0xD12B,29978,3}, {0xD12C,29981,3}, {0xD12D,29984,3},
    {0xD12E,29987,3}, {0xD12F,29990,3}, {0xD130,29993,2}, {0xD131,29995,3}, {0xD132,29998,3}, {0xD133,30001,3},
    {0xD134,30004,3}, {0xD135,30007,3}, {0xD136,30010,3}, {0xD137,30013,3}, {0xD138,30016,3}, {0xD139,30019,3},
    {0xD13A,30022,3}, {0xD13B,30025,3}, {0xD13C,30028,3}, {0xD13D,30031,3}, {0xD13E,30034,3}, {0xD13F,30037,3},
    {0xD140,30040,3}, {0xD141,30043,3}, {0xD142,30046,3}, {0xD143,30049,3}, {0xD144,30052,3}, {0xD145,30055,3},
    {0xD146,30058,3}, {0xD147,30061,3}, {0xD148,30064,3}, {0xD149,30067,3}, {0xD14A,30070,3}, {0xD14B,30073,3},
    {0xD14C,30076,2}, {0xD14D,30078,3}, {0xD14E,30081,3}, {0xD14F,30084,3}, {0xD150,30087,3}, {0xD151,30090,3},
    {0xD152,30093,3}, {0xD153,30096,3}, {0xD154,30099,3}, {0xD155,30102,3}, {0xD156,30105,3}, {0xD157,30108,3},
    {0xD158,30111,3}, {0xD159,30114,3}, {0xD15A,30117,3}, {0xD15B,30120,3}, {0xD15C,30123,3}, {0xD15D,30126,3},
    {0xD15E,30129,3}, {0xD15F,30132,3}, {0xD160,30135,3}, {0xD161,30138,3}, {0xD162,30141,3}, {0xD163,30144,3},
    {0xD164,30147,3}, {0xD165,30150,3}, {0xD166,30153,3}, {0xD167,30156,3}, {0xD168,30159,2}, {0xD169,30161,3},
    {0xD16A,30164,3}, {0xD16B,30167,3}, {0xD16C,30170,3}, {0xD16D,30173,3}, {0xD16E,30176,3}, {0xD16F,30179,3},
    {0xD170,30182,3}, {0xD171,30185,3}, {0xD172,30188,3}, {0xD173,30191,3}, {0xD174,30194,3}, {0xD175,30197,3},
    {0xD176,30200,3}, {0xD177,30203,3}, {0xD178,30206,3}, {0xD179,30209,3}, {0xD17A,30212,3}, {0xD17B,30215,3},
    {0xD17C,30218,3}, {0xD17D,30221,3}, {0xD17E,30224,3}, {0xD17F,30227,3}, {0xD180,30230,3}, {0xD181,30233,3},
    {0xD182,30236,3}, {0xD183,30239,3}, {0xD184,30242,2}, {0xD185,30244,3}, {0xD186,30247,3}, {0xD187,30250,3},
    {0xD188,30253,3}, {0xD189,30256,3}, {0xD18A,30259,3}, {0xD18B,30262,3}, {0xD18C,30265,3}, {0xD18D,30268,3},
    {0xD18E,30271,3}, {0xD18F,30274,3}, {0xD190,30277,3}, {0xD191,30280,3}, {0xD192,30283,3}, {0xD193,30286,3},
    {0xD194,30289,3}, {0xD195,30292,3}, {0xD196,30295,3}, {0xD197,30298,3}, {0xD198,30301,3}, {0xD199,30304,3},
    {0xD19A,30307,3}, {0xD19B,30310,3}, {0xD19C,30313,3}, {0xD19D,30316,3}, {0xD19E,30319,3}, {0xD19F,30322,3},
    {0xD1A0,30325,2}, {0xD1A1,30327,3}, {0xD1A2,30330,3}, {0xD1A3,30333,3}, {0xD1A4,30336,3}, {0xD1A5,30339,3},
    {0xD1A6,30342,3}, {0xD1A7,30345,3}, {0xD1A8,30348,3}, {0xD1A9,30351,3}, {0xD1AA,30354,3}, {0xD1AB,30357,3},
    {0xD1AC,30360,3}, {0xD1AD,30363,3}, {0xD1AE,30366,3}, {0xD1AF,30369,3}, {0xD1B0,30372,3}, {0xD1B1,30375,3},
    {0xD1B2,30378,3}, {0xD1B3,30381,3}, {0xD1B4,30384,3}, {0xD1B5,30387,3}, {0xD1B6,30390,3}, {0xD1B7,30393,3},
    {0xD1B8,30396,3}, {0xD1B9,30399,3}, {0xD1BA,30402,3}, {0xD1BB,30405,3}, {0xD1BC,30408,2}, {0xD1BD,30410,3},
    {0xD1BE,30413,3}, {0xD1BF,30416,3}, {0xD1C0,30419,3}, {0xD1C1,30422,3}, {0xD1C2,30425,3}, {0xD1C3,30428,3},
    {0xD1C4,30431,3}, {0xD1C5,30434,3}, {0xD1C6,30437,3}, {0xD1C7,30440,3}, {0xD1C8,30443,3}, {0xD1C9,30446,3},
    {0xD1CA,30449,3}, {0xD1CB,30452,3}, {0xD1CC,30455,3}, {0xD1CD,30458,3}, {0xD1CE,30461,3}, {0xD1CF,30464,3},
    {0xD1D0,30467,3}, {0xD1D1,30470,3}, {0xD1D2,30473,3}, {0xD1D3,30476,3}, {0xD1D4,30479,3}, {0xD1D5,30482,3},
    {0xD1D6,30485,3}, {0xD1D7,30488,3}, {0xD1D8,30491,2}, {0xD1D9,30493,3}, {0xD1DA,30496,3}, {0xD1DB,30499,3},
    {0xD1DC,30502,3}, {0xD1DD,30505,3}, {0xD1DE,30508,3}, {0xD1DF,30511,3}, {0xD1E0,30514,3}, {0xD1E1,30517,3},
    {0xD1E2,30520,3}, {0xD1E3,30523,3}, {0xD1E4,30526,3}, {0xD1E5,30529,3}, {0xD1E6,30532,3}, {0xD1E7,30535,3},
    {0xD1E8,30538,3}, {0xD1E9,30541,3}, {0xD1EA,30544,3}, {0xD1EB,30547,3}, {0xD1EC,30550,3}, {0xD1ED,30553,3},
    {0xD1EE,30556,3}, {0xD1EF,30559,3}, {0xD1F0,30562,3}, {0xD1F1,30565,3}, {0xD1F2,30568,3}, {0xD1F3,30571,3},
    {0xD1F4,30574,2}, {0xD1F5,30576,3}, {0xD1F6,30579,3}, {0xD1F7,30582,3}, {0xD1F8,30585,3}, {0xD1F9,30588,3},
    {0xD1FA,30591,3}, {0xD1FB,30594,3}, {0xD1FC,30597,3}, {0xD1FD,30600,3}, {0xD1FE,30603,3}, {0xD1FF,30606,3},
    {0xD200,30609,3}, {0xD201,30612,3}, {0xD202,30615,3}, {0xD203,30618,3}, {0xD204,30621,3}, {0xD205,30624,3},
    {0xD206,30627,3}, {0xD207,30630,3}, {0xD208,30633,3}, {0xD209,30636,3}, {0xD20A,30639,3}, {0xD20B,30642,3},
    {0xD20C,30645,3}, {0xD20D,30648,3}, {0xD20E,30651,3}, {0xD20F,30654,3}, {0xD210,30657,2}, {0xD211,30659,3},
    {0xD212,30662,3}, {0xD213,30665,3}, {0xD214,30668,3}, {0xD215,30671,3}, {0xD216,30674,3}, {0xD217,30677,3},
    {0xD218,30680,3}, {0xD219,30683,3}, {0xD21A,30686,3}, {0xD21B,30689,3}, {0xD21C,30692,3}, {0xD21D,30695,3},
    {0xD21E,30698,3}, {0xD21F,30701,3}, {0xD220,30704,3}, {0xD221,30707,3}, {0xD222,30710,3}, {0xD223,30713,3},
    {0xD224,30716,3}, {0xD225,30719,3}, {0xD226,30722,3}, {0xD227,30725,3}, {0xD228,30728,3}, {0xD229,30731,3},
    {0xD22A,30734,3}, {0xD22B,30737,3}, {0xD22C,30740,2}, {0xD22D,30742,3}, {0xD22E,30745,3}, {0xD22F,30748,3},
    {0xD230,30751,3}, {0xD231,30754,3}, {0xD232,30757,3}, {0xD233,30760,3}, {0xD234,30763,3}, {0xD235,30766,3},
    {0xD236,30769,3}, {0xD237,30772,3}, {0xD238,30775,3}, {0xD239,30778,3}, {0xD23A,30781,3}, {0xD23B,30784,3},
    {0xD23C,30787,3}, {0xD23D,30790,3}, {0xD23E,30793,3}, {0xD23F,30796,3}, {0xD240,30799,3}, {0xD241,30802,3},
    {0xD242,30805,3}, {0xD243,30808,3}, {0xD244,30811,3}, {0xD245,30814,3}, {0xD246,30817,3}, {0xD247,30820,3},
    {0xD248,30823,2}, {0xD249,30825,3}, {0xD24A,30828,3}, {0xD24B,30831,3}, {0xD24C,30834,3}, {0xD24D,30837,3},
    {0xD24E,30840,3}, {0xD24F,30843,3}, {0xD250,30846,3}, {0xD251,30849,3}, {0xD252,30852,3}, {0xD253,30855,3},
    {0xD254,30858,3}, {0xD255,30861,3}, {0xD256,30864,3}, {0xD257,30867,3}, {0xD258,30870,3}, {0xD259,30873,3},
    {0xD25A,30876,3}, {0xD25B,30879,3}, {0xD25C,30882,3}, {0xD25D,30885,3}, {0xD25E,30888,3}, {0xD25F,30891,3},
    {0xD260,30894,3}, {0xD261,30897,3}, {0xD262,30900,3}, {0xD263,30903,3}, {0xD264,30906,2}, {0xD265,30908,3},
    {0xD266,30911,3}, {0xD267,30914,3}, {0xD268,30917,3}, {0xD269,30920,3}, {0xD26A,30923,3}, {0xD26B,30926,3},
    {0xD26C,30929,3}, {0xD26D,30932,3}, {0xD26E,30935,3}, {0xD26F,30938,3}, {0xD270,30941,3}, {0xD271,30944,3},
    {0xD272,30947,3}, {0xD273,30950,3}, {0xD274,30953,3}, {0xD275,30956,3}, {0xD276,30959,3}, {0xD277,30962,3},
    {0xD278,30965,3}, {0xD279,30968,3}, {0xD27A,30971,3}, {0xD27B,30974,3}, {0xD27C,30977,3}, {0xD27D,30980,3},
    {0xD27E,30983,3}, {0xD27F,30986,3}, {0xD280,30989,2}, {0xD281,30991,3}, {0xD282,30994,3}, {0xD283,30997,3},
    {0xD284,31000,3}, {0xD285,31003,3}, {0xD286,31006,3}, {0xD287,31009,3}, {0xD288,31012,3}, {0xD289,31015,3},
    {0xD28A,31018,3}, {0xD28B,31021,3}, {0xD28C,31024,3}, {0xD28D,31027,3}, {0xD28E,31030,3}, {0xD28F,31033,3},
    {0xD290,31036,3}, {0xD291,31039,3}, {0xD292,31042,3}, {0xD293,31045,3}, {0xD294,31048,3}, {0xD295,31051,3},
    {0xD296,31054,3}, {0xD297,31057,3}, {0xD298,31060,3}, {0xD299,31063,3}, {0xD29A,31066,3}, {0xD29B,31069,3},
    {0xD29C,31072,2}, {0xD29D,31074,3}, {0xD29E,31077,3}, {0xD29F,31080,3}, {0xD2A0,31083,3}, {0xD2A1,31086,3},
    {0xD2A2,31089,3}, {0xD2A3,31092,3}, {0xD2A4,31095,3}, {0xD2A5,31098,3}, {0xD2A6,31101,3}, {0xD2A7,31104,3},
    {0xD2A8,31107,3}, {0xD2A9,31110,3}, {0xD2AA,31113,3}, {0xD2AB,31116,3}, {0xD2AC,31119,3}, {0xD2AD,31122,3},
    {0xD2AE,31125,3}, {0xD2AF,31128,3}, {0xD2B0,31131,3}, {0xD2B1,31134,3}, {0xD2B2,31137,3}, {0xD2B3,31140,3},
    {0xD2B4,31143,3}, {0xD2B5,31146,3}, {0xD2B6,31149,3}, {0xD2B7,31152,3}, {0xD2B8,31155,2}, {0xD2B9,31157,3},
    {0xD2BA,31160,3}, {0xD2BB,31163,3}, {0xD2BC,31166,3}, {0xD2BD,31169,3}, {0xD2BE,31172,3}, {0xD2BF,31175,3},
    {0xD2C0,31178,3}, {0xD2C1,31181,3}, {0xD2C2,31184,3}, {0xD2C3,31187,3}, {0xD2C4,31190,3}, {0xD2C5,31193,3},
    {0xD2C6,31196,3}, {0xD2C7,31199,3}, {0xD2C8,31202,3}, {0xD2C9,31205,3}, {0xD2CA,31208,3}, {0xD2CB,31211,3},
    {0xD2CC,31214,3}, {0xD2CD,31217,3}, {0xD2CE,31220,3}, {0xD2CF,31223,3}, {0xD2D0,31226,3}, {0xD2D1,31229,3},
    {0xD2D2,31232,3}, {0xD2D3,31235,3}, {0xD2D4,31238,2}, {0xD2D5,31240,3}, {0xD2D6,31243,3}, {0xD2D7,31246,3},
    {0xD2D8,31249,3}, {0xD2D9,31252,3}, {0xD2DA,31255,3}, {0xD2DB,31258,3}, {0xD2DC,31261,3}, {0xD2DD,31264,3},
    {0xD2DE,31267,3}, {0xD2DF,31270,3}, {0xD2E0,31273,3}, {0xD2E1,31276,3}, {0xD2E2,31279,3}, {0xD2E3,31282,3},
    {0xD2E4,31285,3}, {0xD2E5,31288,3}, {0xD2E6,31291,3}, {0xD2E7,31294,3}, {0xD2E8,31297,3}, {0xD2E9,31300,3},
    {0xD2EA,31303,3}, {0xD2EB,31306,3}, {0xD2EC,31309,3}, {0xD2ED,31312,3}, {0xD2EE,31315,3}, {0xD2EF,31318,3},
    {0xD2F0,31321,2}, {0xD2F1,31323,3}, {0xD2F2,31326,3}, {0xD2F3,31329,3}, {0xD2F4,31332,3}, {0xD2F5,31335,3},
    {0xD2F6,31338,3}, {0xD2F7,31341,3}, {0xD2F8,31344,3}, {0xD2F9,31347,3}, {0xD2FA,31350,3}, {0xD2FB,31353,3},
    {0xD2FC,31356,3}, {0xD2FD,31359,3}, {0xD2FE,31362,3}, {0xD2FF,31365,3}, {0xD300,31368,3}, {0xD301,31371,3},
    {0xD302,31374,3}, {0xD303,31377,3}, {0xD304,31380,3}, {0xD305,31383,3}, {0xD306,31386,3}, {0xD307,31389,3},
    {0xD308,31392,3}, {0xD309,31395,3}, {0xD30A,31398,3}, {0xD30B,31401,3}, {0xD30C,31404,2}, {0xD30D,31406,3},
    {0xD30E,31409,3}, {0xD30F,31412,3}, {0xD310,31415,3}, {0xD311,31418,3}, {0xD312,31421,3}, {0xD313,31424,3},
    {0xD314,31427,3}, {0xD315,31430,3}, {0xD316,31433,3}, {0xD317,31436,3}, {0xD318,31439,3}, {0xD319,31442,3},
    {0xD31A,31445,3}, {0xD31B,31448,3}, {0xD31C,31451,3}, {0xD31D,31454,3}, {0xD31E,31457,3}, {0xD31F,31460,3},
    {0xD320,31463,3}, {0xD321,31466,3}, {0xD322,31469,3}, {0xD323,31472,3}, {0xD324,31475,3}, {0xD325,31478,3},
    {0xD326,31481,3}, {0xD327,31484,3}, {0xD328,31487,2}, {0xD329,31489,3}, {0xD32A,31492,3}, {0xD32B,31495,3},
    {0xD32C,31498,3}, {0xD32D,31501,3}, {0xD32E,31504,3}, {0xD32F,31507,3}, {0xD330,31510,3}, {0xD331,31513,3},
    {0xD332,31516,3}, {0xD333,31519,3}, {0xD334,31522,3}, {0xD335,31525,3}, {0xD336,31528,3}, {0xD337,31531,3},
    {0xD338,31534,3}, {0xD339,31537,3}, {0xD33A,31540,3}, {0xD33B,31543,3}, {0xD33C,31546,3}, {0xD33D,31549,3},
    {0xD33E,31552,3}, {0xD33F,31555,3}, {0xD340,31558,3}, {0xD341,31561,3}, {0xD342,31564,3}, {0xD343,31567,3},
    {0xD344,31570,2}, {0xD345,31572,3}, {0xD346,31575,3}, {0xD347,31578,3}, {0xD348,31581,3}, {0xD349,31584,3},
    {0xD34A,31587,3}, {0xD34B,31590,3}, {0xD34C,31593,3}, {0xD34D,31596,3}, {0xD34E,31599,3}, {0xD34F,31602,3},
    {0xD350,31605,3}, {0xD351,31608,3}, {0xD352,31611,3}, {0xD353,31614,3}, {0xD354,31617,3}, {0xD355,31620,3},
    {0xD356,31623,3}, {0xD357,31626,3}, {0xD358,31629,3}, {0xD359,31632,3}, {0xD35A,31635,3}, {0xD35B,31638,3},
    {0xD35C,31641,3}, {0xD35D,31644,3}, {0xD35E,31647,3}, {0xD35F,31650,3}, {0xD360,31653,2}, {0xD361,31655,3},
    {0xD362,31658,3}, {0xD363,31661,3}, {0xD364,31664,3}, {0xD365,31667,3}, {0xD366,31670,3}, {0xD367,31673,3},
    {0xD368,31676,3}, {0xD369,31679,3}, {0xD36A,31682,3}, {0xD36B,31685,3}, {0xD36C,31688,3}, {0xD36D,31691,3},
    {0xD36E,31694,3}, {0xD36F,31697,3}, {0xD370,31700,3}, {0xD371,31703,3}, {0xD372,31706,3}, {0xD373,31709,3},
    {0xD374,31712,3}, {0xD375,31715,3}, {0xD376,31718,3}, {0xD377,31721,3}, {0xD378,31724,3}, {0xD379,31727,3},
    {0xD37A,31730,3}, {0xD37B,31733,3}, {0xD37C,31736,2}, {0xD37D,31738,3}, {0xD37E,31741,3}, {0xD37F,31744,3},
    {0xD380,31747,3}, {0xD381,31750,3}, {0xD382,31753,3}, {0xD383,31756,3}, {0xD384,31759,3}, {0xD385,31762,3},
    {0xD386,31765,3}, {0xD387,31768,3}, {0xD388,31771,3}, {0xD389,31774,3}, {0xD38A,31777,3}, {0xD38B,31780,3},
    {0xD38C,31783,3}, {0xD38D,31786,3}, {0xD38E,31789,3}, {0xD38F,31792,3}, {0xD390,31795,3}, {0xD391,31798,3},
    {0xD392,31801,3}, {0xD393,31804,3}, {0xD394,31807,3}, {0xD395,31810,3}, {0xD396,31813,3}, {0xD397,31816,3},
    {0xD398,31819,2}, {0xD399,31821,3}, {0xD39A,31824,3}, {0xD39B,31827,3}, {0xD39C,31830,3}, {0xD39D,31833,3},
    {0xD39E,31836,3}, {0xD39F,31839,3}, {0xD3A0,31842,3}, {0xD3A1,31845,3}, {0xD3A2,31848,3}, {0xD3A3,31851,3},
    {0xD3A4,31854,3}, {0xD3A5,31857,3}, {0xD3A6,31860,3}, {0xD3A7,31863,3}, {0xD3A8,31866,3}, {0xD3A9,31869,3},
    {0xD3AA,31872,3}, {0xD3AB,31875,3}, {0xD3AC,31878,3}, {0xD3AD,31881,3}, {0xD3AE,31884,3}, {0xD3AF,31887,3},
    {0xD3B0,31890,3}, {0xD3B1,31893,3}, {0xD3B2,31896,3}, {0xD3B3,31899,3}, {0xD3B4,31902,2}, {0xD3B5,31904,3},
    {0xD3B6,31907,3}, {0xD3B7,31910,3}, {0xD3B8,31913,3}, {0xD3B9,31916,3}, {0xD3BA,31919,3}, {0xD3BB,31922,3},
    {0xD3BC,31925,3}, {0xD3BD,31928,3}, {0xD3BE,31931,3}, {0xD3BF,31934,3}, {0xD3C0,31937,3}, {0xD3C1,31940,3},
    {0xD3C2,31943,3}, {0xD3C3,31946,3}, {0xD3C4,31949,3}, {0xD3C5,31952,3}, {0xD3C6,31955,3}, {0xD3C7,31958,3},
    {0xD3C8,31961,3}, {0xD3C9,31964,3}, {0xD3CA,31967,3}, {0xD3CB,31970,3}, {0xD3CC,31973,3}, {0xD3CD,31976,3},
    {0xD3CE,31979,3}, {0xD3CF,31982,3}, {0xD3D0,31985,2}, {0xD3D1,31987,3}, {0xD3D2,31990,3}, {0xD3D3,31993,3},
    {0xD3D4,31996,3}, {0xD3D5,31999,3}, {0xD3D6,32002,3}, {0xD3D7,32005,3}, {0xD3D8,32008,3}, {0xD3D9,32011,3},
    {0xD3DA,32014,3}, {0xD3DB,32017,3}, {0xD3DC,32020,3}, {0xD3DD,32023,3}, {0xD3DE,32026,3}, {0xD3DF,32029,3},
    {0xD3E0,32032,3}, {0xD3E1,32035,3}, {0xD3E2,32038,3}, {0xD3E3,32041,3}, {0xD3E4,32044,3}, {0xD3E5,32047,3},
    {0xD3E6,32050,3}, {0xD3E7,32053,3}, {0xD3E8,32056,3}, {0xD3E9,32059,3}, {0xD3EA,32062,3}, {0xD3EB,32065,3},
    {0xD3EC,32068,2}, {0xD3ED,32070,3}, {0xD3EE,32073,3}, {0xD3EF,32076,3}, {0xD3F0,32079,3}, {0xD3F1,32082,3},
    {0xD3F2,32085,3}, {0xD3F3,32088,3}, {0xD3F4,32091,3}, {0xD3F5,32094,3}, {0xD3F6,32097,3}, {0xD3F7,32100,3},
    {0xD3F8,32103,3}, {0xD3F9,32106,3}, {0xD3FA,32109,3}, {0xD3FB,32112,3}, {0xD3FC,32115,3}, {0xD3FD,32118,3},
    {0xD3FE,32121,3}, {0xD3FF,32124,3}, {0xD400,32127,3}, {0xD401,32130,3}, {0xD402,32133,3}, {0xD403,32136,3},
    {0xD404,32139,3}, {0xD405,32142,3}, {0xD406,32145,3}, {0xD407,32148,3}, {0xD408,32151,2}, {0xD409,32153,3},
    {0xD40A,32156,3}, {0xD40B,32159,3}, {0xD40C,32162,3}, {0xD40D,32165,3}, {0xD40E,32168,3}, {0xD40F,32171,3},
    {0xD410,32174,3}, {0xD411,32177,3}, {0xD412,32180,3}, {0xD413,32183,3}, {0xD414,32186,3}, {0xD415,32189,3},
    {0xD416,32192,3}, {0xD417,32195,3}, {0xD418,32198,3}, {0xD419,32201,3}, {0xD41A,32204,3}, {0xD41B,32207,3},
    {0xD41C,32210,3}, {0xD41D,32213,3}, {0xD41E,32216,3}, {0xD41F,32219,3}, {0xD420,32222,3}, {0xD421,32225,3},
    {0xD422,32228,3}, {0xD423,32231,3}, {0xD424,32234,2}, {0xD425,32236,3}, {0xD426,32239,3}, {0xD427,32242,3},
    {0xD428,32245,3}, {0xD429,32248,3}, {0xD42A,32251,3}, {0xD42B,32254,3}, {0xD42C,32257,3}, {0xD42D,32260,3},
    {0xD42E,32263,3}, {0xD42F,32266,3}, {0xD430,32269,3}, {0xD431,32272,3}, {0xD432,32275,3}, {0xD433,32278,3},
    {0xD434,32281,3}, {0xD435,32284,3}, {0xD436,32287,3}, {0xD437,32290,3}, {0xD438,32293,3}, {0xD439,32296,3},
    {0xD43A,32299,3}, {0xD43B,32302,3}, {0xD43C,32305,3}, {0xD43D,32308,3}, {0xD43E,32311,3}, {0xD43F,32314,3},
    {0xD440,32317,2}, {0xD441,32319,3}, {0xD442,32322,3}, {0xD443,32325,3}, {0xD444,32328,3}, {0xD445,32331,3},
    {0xD446,32334,3}, {0xD447,32337,3}, {0xD448,32340,3}, {0xD449,32343,3}, {0xD44A,32346,3}, {0xD44B,32349,3},
    {0xD44C,32352,3}, {0xD44D,32355,3}, {0xD44E,32358,3}, {0xD44F,32361,3}, {0xD450,32364,3}, {0xD451,32367,3},
    {0xD452,32370,3}, {0xD453,32373,3}, {0xD454,32376,3}, {0xD455,32379,3}, {0xD456,32382,3}, {0xD457,32385,3},
    {0xD458,32388,3}, {0xD459,32391,3}, {0xD45A,32394,3}, {0xD45B,32397,3}, {0xD45C,32400,2}, {0xD45D,32402,3},
    {0xD45E,32405,3}, {0xD45F,32408,3}, {0xD460,32411,3}, {0xD461,32414,3}, {0xD462,32417,3}, {0xD463,32420,3},
    {0xD464,32423,3}, {0xD465,32426,3}, {0xD466,32429,3}, {0xD467,32432,3}, {0xD468,32435,3}, {0xD469,32438,3},
    {0xD46A,32441,3}, {0xD46B,32444,3}, {0xD46C,32447,3}, {0xD46D,32450,3}, {0xD46E,32453,3}, {0xD46F,32456,3},
    {0xD470,32459,3}, {0xD471,32462,3}, {0xD472,32465,3}, {0xD473,32468,3}, {0xD474,32471,3}, {0xD475,32474,3},
    {0xD476,32477,3}, {0xD477,32480,3}, {0xD478,32483,2}, {0xD479,32485,3}, {0xD47A,32488,3}, {0xD47B,32491,3},
    {0xD47C,32494,3}, {0xD47D,32497,3}, {0xD47E,32500,3}, {0xD47F,32503,3}, {0xD480,32506,3}, {0xD481,32509,3},
    {0xD482,32512,3}, {0xD483,32515,3}, {0xD484,32518,3}, {0xD485,32521,3}, {0xD486,32524,3}, {0xD487,32527,3},
    {0xD488,32530,3}, {0xD489,32533,3}, {0xD48A,32536,3}, {0xD48B,32539,3}, {0xD48C,32542,3}, {0xD48D,32545,3},
    {0xD48E,32548,3}, {0xD48F,32551,3}, {0xD490,32554,3}, {0xD491,32557,3}, {0xD492,32560,3}, {0xD493,32563,3},
    {0xD494,32566,2}, {0xD495,32568,3}, {0xD496,32571,3}, {0xD497,32574,3}, {0xD498,32577,3}, {0xD499,32580,3},
    {0xD49A,32583,3}, {0xD49B,32586,3}, {0xD49C,32589,3}, {0xD49D,32592,3}, {0xD49E,32595,3}, {0xD49F,32598,3},
    {0xD4A0,32601,3}, {0xD4A1,32604,3}, {0xD4A2,32607,3}, {0xD4A3,32610,3}, {0xD4A4,32613,3}, {0xD4A5,32616,3},
    {0xD4A6,32619,3}, {0xD4A7,32622,3}, {0xD4A8,32625,3}, {0xD4A9,32628,3}, {0xD4AA,32631,3}, {0xD4AB,32634,3},
    {0xD4AC,32637,3}, {0xD4AD,32640,3}, {0xD4AE,32643,3}, {0xD4AF,32646,3}, {0xD4B0,32649,2}, {0xD4B1,32651,3},
    {0xD4B2,32654,3}, {0xD4B3,32657,3}, {0xD4B4,32660,3}, {0xD4B5,32663,3}, {0xD4B6,32666,3}, {0xD4B7,32669,3},
    {0xD4B8,32672,3}, {0xD4B9,32675,3}, {0xD4BA,32678,3}, {0xD4BB,32681,3}, {0xD4BC,32684,3}, {0xD4BD,32687,3},
    {0xD4BE,32690,3}, {0xD4BF,32693,3}, {0xD4C0,32696,3}, {0xD4C1,32699,3}, {0xD4C2,32702,3}, {0xD4C3,32705,3},
    {0xD4C4,32708,3}, {0xD4C5,32711,3}, {0xD4C6,32714,3}, {0xD4C7,32717,3}, {0xD4C8,32720,3}, {0xD4C9,32723,3},
    {0xD4CA,32726,3}, {0xD4CB,32729,3}, {0xD4CC,32732,2}, {0xD4CD,32734,3}, {0xD4CE,32737,3}, {0xD4CF,32740,3},
    {0xD4D0,32743,3}, {0xD4D1,32746,3}, {0xD4D2,32749,3}, {0xD4D3,32752,3}, {0xD4D4,32755,3}, {0xD4D5,32758,3},
    {0xD4D6,32761,3}, {0xD4D7,32764,3}, {0xD4D8,32767,3}, {0xD4D9,32770,3}, {0xD4DA,32773,3}, {0xD4DB,32776,3},
    {0xD4DC,32779,3}, {0xD4DD,32782,3}, {0xD4DE,32785,3}, {0xD4DF,32788,3}, {0xD4E0,32791,3}, {0xD4E1,32794,3},
    {0xD4E2,32797,3}, {0xD4E3,32800,3}, {0xD4E4,32803,3}, {0xD4E5,32806,3}, {0xD4E6,32809,3}, {0xD4E7,32812,3},
    {0xD4E8,32815,2}, {0xD4E9,32817,3}, {0xD4EA,32820,3}, {0xD4EB,32823,3}, {0xD4EC,32826,3}, {0xD4ED,32829,3},
    {0xD4EE,32832,3}, {0xD4EF,32835,3}, {0xD4F0,32838,3}, {0xD4F1,32841,3}, {0xD4F2,32844,3}, {0xD4F3,32847,3},
    {0xD4F4,32850,3}, {0xD4F5,32853,3}, {0xD4F6,32856,3}, {0xD4F7,32859,3}, {0xD4F8,32862,3}, {0xD4F9,32865,3},
    {0xD4FA,32868,3}, {0xD4FB,32871,3}, {0xD4FC,32874,3}, {0xD4FD,32877,3}, {0xD4FE,32880,3}, {0xD4FF,32883,3},
    {0xD500,32886,3}, {0xD501,32889,3}, {0xD502,32892,3}, {0xD503,32895,3}, {0xD504,32898,2}, {0xD505,32900,3},
    {0xD506,32903,3}, {0xD507,32906,3}, {0xD508,32909,3}, {0xD509,32912,3}, {0xD50A,32915,3}, {0xD50B,32918,3},
    {0xD50C,32921,3}, {0xD50D,32924,3}, {0xD50E,32927,3}, {0xD50F,32930,3}, {0xD510,32933,3}, {0xD511,32936,3},
    {0xD512,32939,3}, {0xD513,32942,3}, {0xD514,32945,3}, {0xD515,32948,3}, {0xD516,32951,3}, {0xD517,32954,3},
    {0xD518,32957,3}, {0xD519,32960,3}, {0xD51A,32963,3}, {0xD51B,32966,3}, {0xD51C,32969,3}, {0xD51D,32972,3},
    {0xD51E,32975,3}, {0xD51F,32978,3}, {0xD520,32981,2}, {0xD521,32983,3}, {0xD522,32986,3}, {0xD523,32989,3},
    {0xD524,32992,3}, {0xD525,32995,3}, {0xD526,32998,3}, {0xD527,33001,3}, {0xD528,33004,3}, {0xD529,33007,3},
    {0xD52A,33010,3}, {0xD52B,33013,3}, {0xD52C,33016,3}, {0xD52D,33019,3}, {0xD52E,33022,3}, {0xD52F,33025,3},
    {0xD530,33028,3}, {0xD531,33031,3}, {0xD532,33034,3}, {0xD533,33037,3}, {0xD534,33040,3}, {0xD535,33043,3},
    {0xD536,33046,3}, {0xD537,33049,3}, {0xD538,33052,3}, {0xD539,33055,3}, {0xD53A,33058,3}, {0xD53B,33061,3},
    {0xD53C,33064,2}, {0xD53D,33066,3}, {0xD53E,33069,3}, {0xD53F,33072,3}, {0xD540,33075,3}, {0xD541,33078,3},
    {0xD542,33081,3}, {0xD543,33084,3}, {0xD544,33087,3}, {0xD545,33090,3}, {0xD546,33093,3}, {0xD547,33096,3},
    {0xD548,33099,3}, {0xD549,33102,3}, {0xD54A,33105,3}, {0xD54B,33108,3}, {0xD54C,33111,3}, {0xD54D,33114,3},
    {0xD54E,33117,3}, {0xD54F,33120,3}, {0xD550,33123,3}, {0xD551,33126,3}, {0xD552,33129,3}, {0xD553,33132,3},
    {0xD554,33135,3}, {0xD555,33138,3}, {0xD556,33141,3}, {0xD557,33144,3}, {0xD558,33147,2}, {0xD559,33149,3},
    {0xD55A,33152,3}, {0xD55B,33155,3}, {0xD55C,33158,3}, {0xD55D,33161,3}, {0xD55E,33164,3}, {0xD55F,33167,3},
    {0xD560,33170,3}, {0xD561,33173,3}, {0xD562,33176,3}, {0xD563,33179,3}, {0xD564,33182,3}, {0xD565,33185,3},
    {0xD566,33188,3}, {0xD567,33191,3}, {0xD568,33194,3}, {0xD569,33197,3}, {0xD56A,33200,3}, {0xD56B,33203,3},
    {0xD56C,33206,3}, {0xD56D,33209,3}, {0xD56E,33212,3}, {0xD56F,33215,3}, {0xD570,33218,3}, {0xD571,33221,3},
    {0xD572,33224,3}, {0xD573,33227,3}, {0xD574,33230,2}, {0xD575,33232,3}, {0xD576,33235,3}, {0xD577,33238,3},
    {0xD578,33241,3}, {0xD579,33244,3}, {0xD57A,33247,3}, {0xD57B,33250,3}, {0xD57C,33253,3}, {0xD57D,33256,3},
    {0xD57E,33259,3}, {0xD57F,33262,3}, {0xD580,33265,3}, {0xD581,33268,3}, {0xD582,33271,3}, {0xD583,33274,3},
    {0xD584,33277,3}, {0xD585,33280,3}, {0xD586,33283,3}, {0xD587,33286,3}, {0xD588,33289,3}, {0xD589,33292,3},
    {0xD58A,33295,3}, {0xD58B,33298,3}, {0xD58C,33301,3}, {0xD58D,33304,3}, {0xD58E,33307,3}, {0xD58F,33310,3},
    {0xD590,33313,2}, {0xD591,33315,3}, {0xD592,33318,3}, {0xD593,33321,3}, {0xD594,33324,3}, {0xD595,33327,3},
    {0xD596,33330,3}, {0xD597,33333,3}, {0xD598,33336,3}, {0xD599,33339,3}, {0xD59A,33342,3}, {0xD59B,33345,3},
    {0xD59C,33348,3}, {0xD59D,33351,3}, {0xD59E,33354,3}, {0xD59F,33357,3}, {0xD5A0,33360,3}, {0xD5A1,33363,3},
    {0xD5A2,33366,3}, {0xD5A3,33369,3}, {0xD5A4,33372,3}, {0xD5A5,33375,3}, {0xD5A6,33378,3}, {0xD5A7,33381,3},
    {0xD5A8,33384,3}, {0xD5A9,33387,3}, {0xD5AA,33390,3}, {0xD5AB,33393,3}, {0xD5AC,33396,2}, {0xD5AD,33398,3},
    {0xD5AE,33401,3}, {0xD5AF,33404,3}, {0xD5B0,33407,3}, {0xD5B1,33410,3}, {0xD5B2,33413,3}, {0xD5B3,33416,3},
    {0xD5B4,33419,3}, {0xD5B5,33422,3}, {0xD5B6,33425,3}, {0xD5B7,33428,3}, {0xD5B8,33431,3}, {0xD5B9,33434,3},
    {0xD5BA,33437,3}, {0xD5BB,33440,3}, {0xD5BC,33443,3}, {0xD5BD,33446,3}, {0xD5BE,33449,3}, {0xD5BF,33452,3},
    {0xD5C0,33455,3}, {0xD5C1,33458,3}, {0xD5C2,33461,3}, {0xD5C3,33464,3}, {0xD5C4,33467,3}, {0xD5C5,33470,3},
    {0xD5C6,33473,3}, {0xD5C7,33476,3}, {0xD5C8,33479,2}, {0xD5C9,33481,3}, {0xD5CA,33484,3}, {0xD5CB,33487,3},
    {0xD5CC,33490,3}, {0xD5CD,33493,3}, {0xD5CE,33496,3}, {0xD5CF,33499,3}, {0xD5D0,33502,3}, {0xD5D1,33505,3},
    {0xD5D2,33508,3}, {0xD5D3,33511,3}, {0xD5D4,33514,3}, {0xD5D5,33517,3}, {0xD5D6,33520,3}, {0xD5D7,33523,3},
    {0xD5D8,33526,3}, {0xD5D9,33529,3}, {0xD5DA,33532,3}, {0xD5DB,33535,3}, {0xD5DC,33538,3}, {0xD5DD,33541,3},
    {0xD5DE,33544,3}, {0xD5DF,33547,3}, {0xD5E0,33550,3}, {0xD5E1,33553,3}, {0xD5E2,33556,3}, {0xD5E3,33559,3},
    {0xD5E4,33562,2}, {0xD5E5,33564,3}, {0xD5E6,33567,3}, {0xD5E7,33570,3}, {0xD5E8,33573,3}, {0xD5E9,33576,3},
    {0xD5EA,33579,3}, {0xD5EB,33582,3}, {0xD5EC,33585,3}, {0xD5ED,33588,3}, {0xD5EE,33591,3}, {0xD5EF,33594,3},
    {0xD5F0,33597,3}, {0xD5F1,33600,3}, {0xD5F2,33603,3}, {0xD5F3,33606,3}, {0xD5F4,33609,3}, {0xD5F5,33612,3},
    {0xD5F6,33615,3}, {0xD5F7,33618,3}, {0xD5F8,33621,3}, {0xD5F9,33624,3}, {0xD5FA,33627,3}, {0xD5FB,33630,3},
    {0xD5FC,33633,3}, {0xD5FD,33636,3}, {0xD5FE,33639,3}, {0xD5FF,33642,3}, {0xD600,33645,2}, {0xD601,33647,3},
    {0xD602,33650,3}, {0xD603,33653,3}, {0xD604,33656,3}, {0xD605,33659,3}, {0xD606,33662,3}, {0xD607,33665,3},
    {0xD608,33668,3}, {0xD609,33671,3}, {0xD60A,33674,3}, {0xD60B,33677,3}, {0xD60C,33680,3}, {0xD60D,33683,3},
    {0xD60E,33686,3}, {0xD60F,33689,3}, {0xD610,33692,3}, {0xD611,33695,3}, {0xD612,33698,3}, {0xD613,33701,3},
    {0xD614,33704,3}, {0xD615,33707,3}, {0xD616,33710,3}, {0xD617,33713,3}, {0xD618,33716,3}, {0xD619,33719,3},
    {0xD61A,33722,3}, {0xD61B,33725,3}, {0xD61C,33728,2}, {0xD61D,33730,3}, {0xD61E,33733,3}, {0xD61F,33736,3},
    {0xD620,33739,3}, {0xD621,33742,3}, {0xD622,33745,3}, {0xD623,33748,3}, {0xD624,33751,3}, {0xD625,33754,3},
    {0xD626,33757,3}, {0xD627,33760,3}, {0xD628,33763,3}, {0xD629,33766,3}, {0xD62A,33769,3}, {0xD62B,33772,3},
    {0xD62C,33775,3}, {0xD62D,33778,3}, {0xD62E,33781,3}, {0xD62F,33784,3}, {0xD630,33787,3}, {0xD631,33790,3},
    {0xD632,33793,3}, {0xD633,33796,3}, {0xD634,33799,3}, {0xD635,33802,3}, {0xD636,33805,3}, {0xD637,33808,3},
    {0xD638,33811,2}, {0xD639,33813,3}, {0xD63A,33816,3}, {0xD63B,33819,3}, {0xD63C,33822,3}, {0xD63D,33825,3},
    {0xD63E,33828,3}, {0xD63F,33831,3}, {0xD640,33834,3}, {0xD641,33837,3}, {0xD642,33840,3}, {0xD643,33843,3},
    {0xD644,33846,3}, {0xD645,33849,3}, {0xD646,33852,3}, {0xD647,33855,3}, {0xD648,33858,3}, {0xD649,33861,3},
    {0xD64A,33864,3}, {0xD64B,33867,3}, {0xD64C,33870,3}, {0xD64D,33873,3}, {0xD64E,33876,3}, {0xD64F,33879,3},
    {0xD650,33882,3}, {0xD651,33885,3}, {0xD652,33888,3}, {0xD653,33891,3}, {0xD654,33894,2}, {0xD655,33896,3},
    {0xD656,33899,3}, {0xD657,33902,3}, {0xD658,33905,3}, {0xD659,33908,3}, {0xD65A,33911,3}, {0xD65B,33914,3},
    {0xD65C,33917,3}, {0xD65D,33920,3}, {0xD65E,33923,3}, {0xD65F,33926,3}, {0xD660,33929,3}, {0xD661,33932,3},
    {0xD662,33935,3}, {0xD663,33938,3}, {0xD664,33941,3}, {0xD665,33944,3}, {0xD666,33947,3}, {0xD667,33950,3},
    {0xD668,33953,3}, {0xD669,33956,3}, {0xD66A,33959,3}, {0xD66B,33962,3}, {0xD66C,33965,3}, {0xD66D,33968,3},
    {0xD66E,33971,3}, {0xD66F,33974,3}, {0xD670,33977,2}, {0xD671,33979,3}, {0xD672,33982,3}, {0xD673,33985,3},
    {0xD674,33988,3}, {0xD675,33991,3}, {0xD676,33994,3}, {0xD677,33997,3}, {0xD678,34000,3}, {0xD679,34003,3},
    {0xD67A,34006,3}, {0xD67B,34009,3}, {0xD67C,34012,3}, {0xD67D,34015,3}, {0xD67E,34018,3}, {0xD67F,34021,3},
    {0xD680,34024,3}, {0xD681,34027,3}, {0xD682,34030,3}, {0xD683,34033,3}, {0xD684,34036,3}, {0xD685,34039,3},
    {0xD686,34042,3}, {0xD687,34045,3}, {0xD688,34048,3}, {0xD689,34051,3}, {0xD68A,34054,3}, {0xD68B,34057,3},
    {0xD68C,34060,2}, {0xD68D,34062,3}, {0xD68E,34065,3}, {0xD68F,34068,3}, {0xD690,34071,3}, {0xD691,34074,3},
    {0xD692,34077,3}, {0xD693,34080,3}, {0xD694,34083,3}, {0xD695,34086,3}, {0xD696,34089,3}, {0xD697,34092,3},
    {0xD698,34095,3}, {0xD699,34098,3}, {0xD69A,34101,3}, {0xD69B,34104,3}, {0xD69C,34107,3}, {0xD69D,34110,3},
    {0xD69E,34113,3}, {0xD69F,34116,3}, {0xD6A0,34119,3}, {0xD6A1,34122,3}, {0xD6A2,34125,3}, {0xD6A3,34128,3},
    {0xD6A4,34131,3}, {0xD6A5,34134,3}, {0xD6A6,34137,3}, {0xD6A7,34140,3}, {0xD6A8,34143,2}, {0xD6A9,34145,3},
    {0xD6AA,34148,3}, {0xD6AB,34151,3}, {0xD6AC,34154,3}, {0xD6AD,34157,3}, {0xD6AE,34160,3}, {0xD6AF,34163,3},
    {0xD6B0,34166,3}, {0xD6B1,34169,3}, {0xD6B2,34172,3}, {0xD6B3,34175,3}, {0xD6B4,34178,3}, {0xD6B5,34181,3},
    {0xD6B6,34184,3}, {0xD6B7,34187,3}, {0xD6B8,34190,3}, {0xD6B9,34193,3}, {0xD6BA,34196,3}, {0xD6BB,34199,3},
    {0xD6BC,34202,3}, {0xD6BD,34205,3}, {0xD6BE,34208,3}, {0xD6BF,34211,3}, {0xD6C0,34214,3}, {0xD6C1,34217,3},
    {0xD6C2,34220,3}, {0xD6C3,34223,3}, {0xD6C4,34226,2}, {0xD6C5,34228,3}, {0xD6C6,34231,3}, {0xD6C7,34234,3},
    {0xD6C8,34237,3}, {0xD6C9,34240,3}, {0xD6CA,34243,3}, {0xD6CB,34246,3}, {0xD6CC,34249,3}, {0xD6CD,34252,3},
    {0xD6CE,34255,3}, {0xD6CF,34258,3}, {0xD6D0,34261,3}, {0xD6D1,34264,3}, {0xD6D2,34267,3}, {0xD6D3,34270,3},
    {0xD6D4,34273,3}, {0xD6D5,34276,3}, {0xD6D6,34279,3}, {0xD6D7,34282,3}, {0xD6D8,34285,3}, {0xD6D9,34288,3},
    {0xD6DA,34291,3}, {0xD6DB,34294,3}, {0xD6DC,34297,3}, {0xD6DD,34300,3}, {0xD6DE,34303,3}, {0xD6DF,34306,3},
    {0xD6E0,34309,2}, {0xD6E1,34311,3}, {0xD6E2,34314,3}, {0xD6E3,34317,3}, {0xD6E4,34320,3}, {0xD6E5,34323,3},
    {0xD6E6,34326,3}, {0xD6E7,34329,3}, {0xD6E8,34332,3}, {0xD6E9,34335,3}, {0xD6EA,34338,3}, {0xD6EB,34341,3},
    {0xD6EC,34344,3}, {0xD6ED,34347,3}, {0xD6EE,34350,3}, {0xD6EF,34353,3}, {0xD6F0,34356,3}, {0xD6F1,34359,3},
    {0xD6F2,34362,3}, {0xD6F3,34365,3}, {0xD6F4,34368,3}, {0xD6F5,34371,3}, {0xD6F6,34374,3}, {0xD6F7,34377,3},
    {0xD6F8,34380,3}, {0xD6F9,34383,3}, {0xD6FA,34386,3}, {0xD6FB,34389,3}, {0xD6FC,34392,2}, {0xD6FD,34394,3},
    {0xD6FE,34397,3}, {0xD6FF,34400,3}, {0xD700,34403,3}, {0xD701,34406,3}, {0xD702,34409,3}, {0xD703,34412,3},
    {0xD704,34415,3}, {0xD705,34418,3}, {0xD706,34421,3}, {0xD707,34424,3}, {0xD708,34427,3}, {0xD709,34430,3},
    {0xD70A,34433,3}, {0xD70B,34436,3}, {0xD70C,34439,3}, {0xD70D,34442,3}, {0xD70E,34445,3}, {0xD70F,34448,3},
    {0xD710,34451,3}, {0xD711,34454,3}, {0xD712,34457,3}, {0xD713,34460,3}, {0xD714,34463,3}, {0xD715,34466,3},
    {0xD716,34469,3}, {0xD717,34472,3}, {0xD718,34475,2}, {0xD719,34477,3}, {0xD71A,34480,3}, {0xD71B,34483,3},
    {0xD71C,34486,3}, {0xD71D,34489,3}, {0xD71E,34492,3}, {0xD71F,34495,3}, {0xD720,34498,3}, {0xD721,34501,3},
    {0xD722,34504,3}, {0xD723,34507,3}, {0xD724,34510,3}, {0xD725,34513,3}, {0xD726,34516,3}, {0xD727,34519,3},
    {0xD728,34522,3}, {0xD729,34525,3}, {0xD72A,34528,3}, {0xD72B,34531,3}, {0xD72C,34534,3}, {0xD72D,34537,3},
    {0xD72E,34540,3}, {0xD72F,34543,3}, {0xD730,34546,3}, {0xD731,34549,3}, {0xD732,34552,3}, {0xD733,34555,3},
    {0xD734,34558,2}, {0xD735,34560,3}, {0xD736,34563,3}, {0xD737,34566,3}, {0xD738,34569,3}, {0xD739,34572,3},
    {0xD73A,34575,3}, {0xD73B,34578,3}, {0xD73C,34581,3}, {0xD73D,34584,3}, {0xD73E,34587,3}, {0xD73F,34590,3},
    {0xD740,34593,3}, {0xD741,34596,3}, {0xD742,34599,3}, {0xD743,34602,3}, {0xD744,34605,3}, {0xD745,34608,3},
    {0xD746,34611,3}, {0xD747,34614,3}, {0xD748,34617,3}, {0xD749,34620,3}, {0xD74A,34623,3}, {0xD74B,34626,3},
    {0xD74C,34629,3}, {0xD74D,34632,3}, {0xD74E,34635,3}, {0xD74F,34638,3}, {0xD750,34641,2}, {0xD751,34643,3},
    {0xD752,34646,3}, {0xD753,34649,3}, {0xD754,34652,3}, {0xD755,34655,3}, {0xD756,34658,3}, {0xD757,34661,3},
    {0xD758,34664,3}, {0xD759,34667,3}, {0xD75A,34670,3}, {0xD75B,34673,3}, {0xD75C,34676,3}, {0xD75D,34679,3},
    {0xD75E,34682,3}, {0xD75F,34685,3}, {0xD760,34688,3}, {0xD761,34691,3}, {0xD762,34694,3}, {0xD763,34697,3},
    {0xD764,34700,3}, {0xD765,34703,3}, {0xD766,34706,3}, {0xD767,34709,3}, {0xD768,34712,3}, {0xD769,34715,3},
    {0xD76A,34718,3}, {0xD76B,34721,3}, {0xD76C,34724,2}, {0xD76D,34726,3}, {0xD76E,34729,3}, {0xD76F,34732,3},
    {0xD770,34735,3}, {0xD771,34738,3}, {0xD772,34741,3}, {0xD773,34744,3}, {0xD774,34747,3}, {0xD775,34750,3},
    {0xD776,34753,3}, {0xD777,34756,3}, {0xD778,34759,3}, {0xD779,34762,3}, {0xD77A,34765,3}, {0xD77B,34768,3},
    {0xD77C,34771,3}, {0xD77D,34774,3}, {0xD77E,34777,3}, {0xD77F,34780,3}, {0xD780,34783,3}, {0xD781,34786,3},
    {0xD782,34789,3}, {0xD783,34792,3}, {0xD784,34795,3}, {0xD785,34798,3}, {0xD786,34801,3}, {0xD787,34804,3},
    {0xD788,34807,2}, {0xD789,34809,3}, {0xD78A,34812,3}, {0xD78B,34815,3}, {0xD78C,34818,3}, {0xD78D,34821,3},
    {0xD78E,34824,3}, {0xD78F,34827,3}, {0xD790,34830,3}, {0xD791,34833,3}, {0xD792,34836,3}, {0xD793,34839,3},
    {0xD794,34842,3}, {0xD795,34845,3}, {0xD796,34848,3}, {0xD797,34851,3}, {0xD798,34854,3}, {0xD799,34857,3},
    {0xD79A,34860,3}, {0xD79B,34863,3}, {0xD79C,34866,3}, {0xD79D,34869,3}, {0xD79E,34872,3}, {0xD79F,34875,3},
    {0xD7A0,34878,3}, {0xD7A1,34881,3}, {0xD7A2,34884,3}, {0xD7A3,34887,3}, {0xF900,34890,1}, {0xF901,34891,1},
    {0xF902,34892,1}, {0xF903,34893,1}, {0xF904,34894,1}, {0xF905,34895,1}, {0xF906,34896,1}, {0xF907,34897,1},
    {0xF908,34898,1}, {0xF909,34899,1}, {0xF90A,34900,1}, {0xF90B,34901,1}, {0xF90C,34902,1}, {0xF90D,34903,1},
    {0xF90E,34904,1}, {0xF90F,34905,1}, {0xF910,34906,1}, {0xF911,34907,1}, {0xF912,34908,1}, {0xF913,34909,1},
    {0xF914,34910,1}, {0xF915,34911,1}, {0xF916,34912,1}, {0xF917,34913,1}, {0xF918,34914,1}, {0xF919,34915,1},
    {0xF91A,34916,1}, {0xF91B,34917,1}, {0xF91C,34918,1}, {0xF91D,34919,1}, {0xF91E,34920,1}, {0xF91F,34921,1},
    {0xF920,34922,1}, {0xF921,34923,1}, {0xF922,34924,1}, {0xF923,34925,1}, {0xF924,34926,1}, {0xF925,34927,1},
    {0xF926,34928,1}, {0xF927,34929,1}, {0xF928,34930,1}, {0xF929,34931,1}, {0xF92A,34932,1}, {0xF92B,34933,1},
    {0xF92C,34934,1}, {0xF92D,34935,1}, {0xF92E,34936,1}, {0xF92F,34937,1}, {0xF930,34938,1}, {0xF931,34939,1},
    {0xF932,34940,1}, {0xF933,34941,1}, {0xF934,34942,1}, {0xF935,34943,1}, {0xF936,34944,1}, {0xF937,34945,1},
    {0xF938,34946,1}, {0xF939,34947,1}, {0xF93A,34948,1}, {0xF93B,34949,1}, {0xF93C,34950,1}, {0xF93D,34951,1},
    {0xF93E,34952,1}, {0xF93F,34953,1}, {0xF940,34954,1}, {0xF941,34955,1}, {0xF942,34956,1}, {0xF943,34957,1},
    {0xF944,34958,1}, {0xF945,34959,1}, {0xF946,34960,1}, {0xF947,34961,1}, {0xF948,34962,1}, {0xF949,34963,1},
    {0xF94A,34964,1}, {0xF94B,34965,1}, {0xF94C,34966,1}, {0xF94D,34967,1}, {0xF94E,34968,1}, {0xF94F,34969,1},
    {0xF950,34970,1}, {0xF951,34971,1}, {0xF952,34972,1}, {0xF953,34973,1}, {0xF954,34974,1}, {0xF955,34975,1},
    {0xF956,34976,1}, {0xF957,34977,1}, {0xF958,34978,1}, {0xF959,34979,1}, {0xF95A,34980,1}, {0xF95B,34981,1},
    {0xF95C,34982,1}, {0xF95D,34983,1}, {0xF95E,34984,1}, {0xF95F,34985,1}, {0xF960,34986,1}, {0xF961,34987,1},
    {0xF962,34988,1}, {0xF963,34989,1}, {0xF964,34990,1}, {0xF965,34991,1}, {0xF966,34992,1}, {0xF967,34993,1},
    {0xF968,34994,1}, {0xF969,34995,1}, {0xF96A,34996,1}, {0xF96B,34997,1}, {0xF96C,34998,1}, {0xF96D,34999,1},
    {0xF96E,35000,1}, {0xF96F,35001,1}, {0xF970,35002,1}, {0xF971,35003,1}, {0xF972,35004,1}, {0xF973,35005,1},
    {0xF974,35006,1}, {0xF975,35007,1}, {0xF976,35008,1}, {0xF977,35009,1}, {0xF978,35010,1}, {0xF979,35011,1},
    {0xF97A,35012,1}, {0xF97B,35013,1}, {0xF97C,35014,1}, {0xF97D,35015,1}, {0xF97E,35016,1}, {0xF97F,35017,1},
    {0xF980,35018,1}, {0xF981,35019,1}, {0xF982,35020,1}, {0xF983,35021,1}, {0xF984,35022,1}, {0xF985,35023,1},
    {0xF986,35024,1}, {0xF987,35025,1}, {0xF988,35026,1}, {0xF989,35027,1}, {0xF98A,35028,1}, {0xF98B,35029,1},
    {0xF98C,35030,1}, {0xF98D,35031,1}, {0xF98E,35032,1}, {0xF98F,35033,1}, {0xF990,35034,1}, {0xF991,35035,1},
    {0xF992,35036,1}, {0xF993,35037,1}, {0xF994,35038,1}, {0xF995,35039,1}, {0xF996,35040,1}, {0xF997,35041,1},
    {0xF998,35042,1}, {0xF999,35043,1}, {0xF99A,35044,1}, {0xF99B,35045,1}, {0xF99C,35046,1}, {0xF99D,35047,1},
    {0xF99E,35048,1}, {0xF99F,35049,1}, {0xF9A0,35050,1}, {0xF9A1,35051,1}, {0xF9A2,35052,1}, {0xF9A3,35053,1},
    {0xF9A4,35054,1}, {0xF9A5,35055,1}, {0xF9A6,35056,1}, {0xF9A7,35057,1}, {0xF9A8,35058,1}, {0xF9A9,35059,1},
    {0xF9AA,35060,1}, {0xF9AB,35061,1}, {0xF9AC,35062,1}, {0xF9AD,35063,1}, {0xF9AE,35064,1}, {0xF9AF,35065,1},
    {0xF9B0,35066,1}, {0xF9B1,35067,1}, {0xF9B2,35068,1}, {0xF9B3,35069,1}, {0xF9B4,35070,1}, {0xF9B5,35071,1},
    {0xF9B6,35072,1}, {0xF9B7,35073,1}, {0xF9B8,35074,1}, {0xF9B9,35075,1}, {0xF9BA,35076,1}, {0xF9BB,35077,1},
    {0xF9BC,35078,1}, {0xF9BD,35079,1}, {0xF9BE,35080,1}, {0xF9BF,35081,1}, {0xF9C0,35082,1}, {0xF9C1,35083,1},
    {0xF9C2,35084,1}, {0xF9C3,35085,1}, {0xF9C4,35086,1}, {0xF9C5,35087,1}, {0xF9C6,35088,1}, {0xF9C7,35089,1},
    {0xF9C8,35090,1}, {0xF9C9,35091,1}, {0xF9CA,35092,1}, {0xF9CB,35093,1}, {0xF9CC,35094,1}, {0xF9CD,35095,1},
    {0xF9CE,35096,1}, {0xF9CF,35097,1}, {0xF9D0,35098,1}, {0xF9D1,35099,1}, {0xF9D2,35100,1}, {0xF9D3,35101,1},
    {0xF9D4,35102,1}, {0xF9D5,35103,1}, {0xF9D6,35104,1}, {0xF9D7,35105,1}, {0xF9D8,35106,1}, {0xF9D9,35107,1},
    {0xF9DA,35108,1}, {0xF9DB,35109,1}, {0xF9DC,35110,1}, {0xF9DD,35111,1}, {0xF9DE,35112,1}, {0xF9DF,35113,1},
    {0xF9E0,35114,1}, {0xF9E1,35115,1}, {0xF9E2,35116,1}, {0xF9E3,35117,1}, {0xF9E4,35118,1}, {0xF9E5,35119,1},
    {0xF9E6,35120,1}, {0xF9E7,35121,1}, {0xF9E8,35122,1}, {0xF9E9,35123,1}, {0xF9EA,35124,1}, {0xF9EB,35125,1},
    {0xF9EC,35126,1}, {0xF9ED,35127,1}, {0xF9EE,35128,1}, {0xF9EF,35129,1}, {0xF9F0,35130,1}, {0xF9F1,35131,1},
    {0xF9F2,35132,1}, {0xF9F3,35133,1}, {0xF9F4,35134,1}, {0xF9F5,35135,1}, {0xF9F6,35136,1}, {0xF9F7,35137,1},
    {0xF9F8,35138,1}, {0xF9F9,35139,1}, {0xF9FA,35140,1}, {0xF9FB,35141,1}, {0xF9FC,35142,1}, {0xF9FD,35143,1},
    {0xF9FE,35144,1}, {0xF9FF,35145,1}, {0xFA00,35146,1}, {0xFA01,35147,1}, {0xFA02,35148,1}, {0xFA03,35149,1},
    {0xFA04,35150,1}, {0xFA05,35151,1}, {0xFA06,35152,1}, {0xFA07,35153,1}, {0xFA08,35154,1}, {0xFA09,35155,1},
    {0xFA0A,35156,1}, {0xFA0B,35157,1}, {0xFA0C,35158,1}, {0xFA0D,35159,1}, {0xFA10,35160,1}, {0xFA12,35161,1},
    {0xFA15,35162,1}, {0xFA16,35163,1}, {0xFA17,35164,1}, {0xFA18,35165,1}, {0xFA19,35166,1}, {0xFA1A,35167,1},
    {0xFA1B,35168,1}, {0xFA1C,35169,1}, {0xFA1D,35170,1}, {0xFA1E,35171,1}, {0xFA20,35172,1}, {0xFA22,35173,1},
    {0xFA25,35174,1}, {0xFA26,35175,1}, {0xFA2A,35176,1}, {0xFA2B,35177,1}, {0xFA2C,35178,1}, {0xFA2D,35179,1},
    {0xFA2E,35180,1}, {0xFA2F,35181,1}, {0xFA30,35182,1}, {0xFA31,35183,1}, {0xFA32,35184,1}, {0xFA33,35185,1},
    {0xFA34,35186,1}, {0xFA35,35187,1}, {0xFA36,35188,1}, {0xFA37,35189,1}, {0xFA38,35190,1}, {0xFA39,35191,1},
    {0xFA3A,35192,1}, {0xFA3B,35193,1}, {0xFA3C,35194,1}, {0xFA3D,35195,1}, {0xFA3E,35196,1}, {0xFA3F,35197,1},
    {0xFA40,35198,1}, {0xFA41,35199,1}, {0xFA42,35200,1}, {0xFA43,35201,1}, {0xFA44,35202,1}, {0xFA45,35203,1},
    {0xFA46,35204,1}, {0xFA47,35205,1}, {0xFA48,35206,1}, {0xFA49,35207,1}, {0xFA4A,35208,1}, {0xFA4B,35209,1},
    {0xFA4C,35210,1}, {0xFA4D,35211,1}, {0xFA4E,35212,1}, {0xFA4F,35213,1}, {0xFA50,35214,1}, {0xFA51,35215,1},
    {0xFA52,35216,1}, {0xFA53,35217,1}, {0xFA54,35218,1}, {0xFA55,35219,1}, {0xFA56,35220,1}, {0xFA57,35221,1},
    {0xFA58,35222,1}, {0xFA59,35223,1}, {0xFA5A,35224,1}, {0xFA5B,35225,1}, {0xFA5C,35226,1}, {0xFA5D,35227,1},
    {0xFA5E,35228,1}, {0xFA5F,35229,1}, {0xFA60,35230,1}, {0xFA61,35231,1}, {0xFA62,35232,1}, {0xFA63,35233,1},
    {0xFA64,35234,1}, {0xFA65,35235,1}, {0xFA66,35236,1}, {0xFA67,35237,1}, {0xFA68,35238,1}, {0xFA69,35239,1},
    {0xFA6A,35240,1}, {0xFA6B,35241,1}, {0xFA6C,35242,1}, {0xFA6D,35243,1}, {0xFA70,35244,1}, {0xFA71,35245,1},
    {0xFA72,35246,1}, {0xFA73,35247,1}, {0xFA74,35248,1}, {0xFA75,35249,1}, {0xFA76,35250,1}, {0xFA77,35251,1},
    {0xFA78,35252,1}, {0xFA79,35253,1}, {0xFA7A,35254,1}, {0xFA7B,35255,1}, {0xFA7C,35256,1}, {0xFA7D,35257,1},
    {0xFA7E,35258,1}, {0xFA7F,35259,1}, {0xFA80,35260,1}, {0xFA81,35261,1}, {0xFA82,35262,1}, {0xFA83,35263,1},
    {0xFA84,35264,1}, {0xFA85,35265,1}, {0xFA86,35266,1}, {0xFA87,35267,1}, {0xFA88,35268,1}, {0xFA89,35269,1},
    {0xFA8A,35270,1}, {0xFA8B,35271,1}, {0xFA8C,35272,1}, {0xFA8D,35273,1}, {0xFA8E,35274,1}, {0xFA8F,35275,1},
    {0xFA90,35276,1}, {0xFA91,35277,1}, {0xFA92,35278,1}, {0xFA93,35279,1}, {0xFA94,35280,1}, {0xFA95,35281,1},
    {0xFA96,35282,1}, {0xFA97,35283,1}, {0xFA98,35284,1}, {0xFA99,35285,1}, {0xFA9A,35286,1}, {0xFA9B,35287,1},
    {0xFA9C,35288,1}, {0xFA9D,35289,1}, {0xFA9E,35290,1}, {0xFA9F,35291,1}, {0xFAA0,35292,1}, {0xFAA1,35293,1},
    {0xFAA2,35294,1}, {0xFAA3,35295,1}, {0xFAA4,35296,1}, {0xFAA5,35297,1}, {0xFAA6,35298,1}, {0xFAA7,35299,1},
    {0xFAA8,35300,1}, {0xFAA9,35301,1}, {0xFAAA,35302,1}, {0xFAAB,35303,1}, {0xFAAC,35304,1}, {0xFAAD,35305,1},
    {0xFAAE,35306,1}, {0xFAAF,35307,1}, {0xFAB0,35308,1}, {0xFAB1,35309,1}, {0xFAB2,35310,1}, {0xFAB3,35311,1},
    {0xFAB4,35312,1}, {0xFAB5,35313,1}, {0xFAB6,35314,1}, {0xFAB7,35315,1}, {0xFAB8,35316,1}, {0xFAB9,35317,1},
    {0xFABA,35318,1}, {0xFABB,35319,1}, {0xFABC,35320,1}, {0xFABD,35321,1}, {0xFABE,35322,1}, {0xFABF,35323,1},
    {0xFAC0,35324,1}, {0xFAC1,35325,1}, {0xFAC2,35326,1}, {0xFAC3,35327,1}, {0xFAC4,35328,1}, {0xFAC5,35329,1},
    {0xFAC6,35330,1}, {0xFAC7,35331,1}, {0xFAC8,35332,1}, {0xFAC9,35333,1}, {0xFACA,35334,1}, {0xFACB,35335,1},
    {0xFACC,35336,1}, {0xFACD,35337,1}, {0xFACE,35338,1}, {0xFACF,35339,1}, {0xFAD0,35340,1}, {0xFAD1,35341,1},
    {0xFAD2,35342,1}, {0xFAD3,35343,1}, {0xFAD4,35344,1}, {0xFAD5,35345,1}, {0xFAD6,35346,1}, {0xFAD7,35347,1},
    {0xFAD8,35348,1}, {0xFAD9,35349,1}, {0xFB1D,35350,1}, {0xFB1E,35351,0}, {0xFB1F,35351,1}, {0xFB2A,35352,1},
    {0xFB2B,35353,1}, {0xFB2C,35354,1}, {0xFB2D,35355,1}, {0xFB2E,35356,1}, {0xFB2F,35357,1}, {0xFB30,35358,1},
    {0xFB31,35359,1}, {0xFB32,35360,1}, {0xFB33,35361,1}, {0xFB34,35362,1}, {0xFB35,35363,1}, {0xFB36,35364,1},
    {0xFB38,35365,1}, {0xFB39,35366,1}, {0xFB3A,35367,1}, {0xFB3B,35368,1}, {0xFB3C,35369,1}, {0xFB3E,35370,1},
    {0xFB40,35371,1}, {0xFB41,35372,1}, {0xFB43,35373,1}, {0xFB44,35374,1}, {0xFB46,35375,1}, {0xFB47,35376,1},
    {0xFB48,35377,1}, {0xFB49,35378,1}, {0xFB4A,35379,1}, {0xFB4B,35380,1}, {0xFB4C,35381,1}, {0xFB4D,35382,1},
    {0xFB4E,35383,1}, {0xFE00,35384,0}, {0xFE01,35384,0}, {0xFE02,35384,0}, {0xFE03,35384,0}, {0xFE04,35384,0},
    {0xFE05,35384,0}, {0xFE06,35384,0}, {0xFE07,35384,0}, {0xFE08,35384,0}, {0xFE09,35384,0}, {0xFE0A,35384,0},
    {0xFE0B,35384,0}, {0xFE0C,35384,0}, {0xFE0D,35384,0}, {0xFE0E,35384,0}, {0xFE0F,35384,0}, {0xFE20,35384,0},
    {0xFE21,35384,0}, {0xFE22,35384,0}, {0xFE23,35384,0}, {0xFE24,35384,0}, {0xFE25,35384,0}, {0xFE26,35384,0},
    {0xFE27,35384,0}, {0xFE28,35384,0}, {0xFE29,35384,0}, {0xFE2A,35384,0}, {0xFE2B,35384,0}, {0xFE2C,35384,0},
    {0xFE2D,35384,0}, {0xFE2E,35384,0}, {0xFE2F,35384,0}, {0xFF21,35384,1}, {0xFF22,35385,1}, {0xFF23,35386,1},
    {0xFF24,35387,1}, {0xFF25,35388,1}, {0xFF26,35389,1}, {0xFF27,35390,1}, {0xFF28,35391,1}, {0xFF29,35392,1},
    {0xFF2A,35393,1}, {0xFF2B,35394,1}, {0xFF2C,35395,1}, {0xFF2D,35396,1}, {0xFF2E,35397,1}, {0xFF2F,35398,1},
    {0xFF30,35399,1}, {0xFF31,35400,1}, {0xFF32,35401,1}, {0xFF33,35402,1}, {0xFF34,35403,1}, {0xFF35,35404,1},
    {0xFF36,35405,1}, {0xFF37,35406,1}, {0xFF38,35407,1}, {0xFF39,35408,1}, {0xFF3A,35409,1}, {0x101FD,35410,0},
    {0x102E0,35410,0}, {0x10376,35410,0}, {0x10377,35410,0}, {0x10378,35410,0}, {0x10379,35410,0}, {0x1037A,35410,0},
    {0x10400,35410,1}, {0x10401,35411,1}, {0x10402,35412,1}, {0x10403,35413,1}, {0x10404,35414,1}, {0x10405,35415,1},
    {0x10406,35416,1}, {0x10407,35417,1}, {0x10408,35418,1}, {0x10409,35419,1}, {0x1040A,35420,1}, {0x1040B,35421,1},
    {0x1040C,35422,1}, {0x1040D,35423,1}, {0x1040E,35424,1}, {0x1040F,35425,1}, {0x10410,35426,1}, {0x10411,35427,1},
    {0x10412,35428,1}, {0x10413,35429,1}, {0x10414,35430,1}, {0x10415,35431,1}, {0x10416,35432,1}, {0x10417,35433,1},
    {0x10418,35434,1}, {0x10419,35435,1}, {0x1041A,35436,1}, {0x1041B,35437,1}, {0x1041C,35438,1}, {0x1041D,35439,1},
    {0x1041E,35440,1}, {0x1041F,35441,1}, {0x10420,35442,1}, {0x10421,35443,1}, {0x10422,35444,1}, {0x10423,35445,1},
    {0x10424,35446,1}, {0x10425,35447,1}, {0x10426,35448,1}, {0x10427,35449,1}, {0x104B0,35450,1}, {0x104B1,35451,1},
    {0x104B2,35452,1}, {0x104B3,35453,1}, {0x104B4,35454,1}, {0x104B5,35455,1}, {0x104B6,35456,1}, {0x104B7,35457,1},
    {0x104B8,35458,1}, {0x104B9,35459,1}, {0x104BA,35460,1}, {0x104BB,35461,1}, {0x104BC,35462,1}, {0x104BD,35463,1},
    {0x104BE,35464,1}, {0x104BF,35465,1}, {0x104C0,35466,1}, {0x104C1,35467,1}, {0x104C2,35468,1}, {0x104C3,35469,1},
    {0x104C4,35470,1}, {0x104C5,35471,1}, {0x104C6,35472,1}, {0x104C7,35473,1}, {0x104C8,35474,1}, {0x104C9,35475,1},
    {0x104CA,35476,1}, {0x104CB,35477,1}, {0x104CC,35478,1}, {0x104CD,35479,1}, {0x104CE,35480,1}, {0x104CF,35481,1},
    {0x104D0,35482,1}, {0x104D1,35483,1}, {0x104D2,35484,1}, {0x104D3,35485,1}, {0x10570,35486,1}, {0x10571,35487,1},
    {0x10572,35488,1}, {0x10573,35489,1}, {0x10574,35490,1}, {0x10575,35491,1}, {0x10576,35492,1}, {0x10577,35493,1},
    {0x10578,35494,1}, {0x10579,35495,1}, {0x1057A,35496,1}, {0x1057C,35497,1}, {0x1057D,35498,1}, {0x1057E,35499,1},
    {0x1057F,35500,1}, {0x10580,35501,1}, {0x10581,35502,1}, {0x10582,35503,1}, {0x10583,35504,1}, {0x10584,35505,1},
    {0x10585,35506,1}, {0x10586,35507,1}, {0x10587,35508,1}, {0x10588,35509,1}, {0x10589,35510,1}, {0x1058A,35511,1},
    {0x1058C,35512,1}, {0x1058D,35513,1}, {0x1058E,35514,1}, {0x1058F,35515,1}, {0x10590,35516,1}, {0x10591,35517,1},
    {0x10592,35518,1}, {0x10594,35519,1}, {0x10595,35520,1}, {0x10A01,35521,0}, {0x10A02,35521,0}, {0x10A03,35521,0},
    {0x10A05,35521,0}, {0x10A06,35521,0}, {0x10A0C,35521,0}, {0x10A0D,35521,0}, {0x10A0E,35521,0}, {0x10A0F,35521,0},
    {0x10A38,35521,0}, {0x10A39,35521,0}, {0x10A3A,35521,0}, {0x10A3F,35521,0}, {0x10AE5,35521,0}, {0x10AE6,35521,0},
    {0x10C80,35521,1}, {0x10C81,35522,1}, {0x10C82,35523,1}, {0x10C83,35524,1}, {0x10C84,35525,1}, {0x10C85,35526,1},
    {0x10C86,35527,1}, {0x10C87,35528,1}, {0x10C88,35529,1}, {0x10C89,35530,1}, {0x10C8A,35531,1}, {0x10C8B,35532,1},
    {0x10C8C,35533,1}, {0x10C8D,35534,1}, {0x10C8E,35535,1}, {0x10C8F,35536,1}, {0x10C90,35537,1}, {0x10C91,35538,1},
    {0x10C92,35539,1}, {0x10C93,35540,1}, {0x10C94,35541,1}, {0x10C95,35542,1}, {0x10C96,35543,1}, {0x10C97,35544,1},
    {0x10C98,35545,1}, {0x10C99,35546,1}, {0x10C9A,35547,1}, {0x10C9B,35548,1}, {0x10C9C,35549,1}, {0x10C9D,35550,1},
    {0x10C9E,35551,1}, {0x10C9F,35552,1}, {0x10CA0,35553,1}, {0x10CA1,35554,1}, {0x10CA2,35555,1}, {0x10CA3,35556,1},
    {0x10CA4,35557,1}, {0x10CA5,35558,1}, {0x10CA6,35559,1}, {0x10CA7,35560,1}, {0x10CA8,35561,1}, {0x10CA9,35562,1},
    {0x10CAA,35563,1}, {0x10CAB,35564,1}, {0x10CAC,35565,1}, {0x10CAD,35566,1}, {0x10CAE,35567,1}, {0x10CAF,35568,1},
    {0x10CB0,35569,1}, {0x10CB1,35570,1}, {0x10CB2,35571,1}, {0x10D24,35572,0}, {0x10D25,35572,0}, {0x10D26,35572,0},
    {0x10D27,35572,0}, {0x10EAB,35572,0}, {0x10EAC,35572,0}, {0x10EFD,35572,0}, {0x10EFE,35572,0}, {0x10EFF,35572,0},
    {0x10F46,35572,0}, {0x10F47,35572,0}, {0x10F48,35572,0}, {0x10F49,35572,0}, {0x10F4A,35572,0}, {0x10F4B,35572,0},
    {0x10F4C,35572,0}, {0x10F4D,35572,0}, {0x10F4E,35572,0}, {0x10F4F,35572,0}, {0x10F50,35572,0}, {0x10F82,35572,0},
    {0x10F83,35572,0}, {0x10F84,35572,0}, {0x10F85,35572,0}, {0x11001,35572,0}, {0x11038,35572,0}, {0x11039,35572,0},
    {0x1103A,35572,0}, {0x1103B,35572,0}, {0x1103C,35572,0}, {0x1103D,35572,0}, {0x1103E,35572,0}, {0x1103F,35572,0},
    {0x11040,35572,0}, {0x11041,35572,0}, {0x11042,35572,0}, {0x11043,35572,0}, {0x11044,35572,0}, {0x11045,35572,0},
    {0x11046,35572,0}, {0x11070,35572,0}, {0x11073,35572,0}, {0x11074,35572,0}, {0x1107F,35572,0}, {0x11080,35572,0},
    {0x11081,35572,0}, {0x1109A,35572,1}, {0x1109C,35573,1}, {0x110AB,35574,1}, {0x110B3,35575,0}, {0x110B4,35575,0},
    {0x110B5,35575,0}, {0x110B6,35575,0}, {0x110B9,35575,0}, {0x110BA,35575,0}, {0x110C2,35575,0}, {0x11100,35575,0},
    {0x11101,35575,0}, {0x11102,35575,0}, {0x11127,35575,0}, {0x11128,35575,0}, {0x11129,35575,0}, {0x1112A,35575,0},
    {0x1112B,35575,0}, {0x1112D,35575,0}, {0x1112E,35575,0}, {0x1112F,35575,0}, {0x11130,35575,0}, {0x11131,35575,0},
    {0x11132,35575,0}, {0x11133,35575,0}, {0x11134,35575,0}, {0x11173,35575,0}, {0x11180,35575,0}, {0x11181,35575,0},
    {0x111B6,35575,0}, {0x111B7,35575,0}, {0x111B8,35575,0}, {0x111B9,35575,0}, {0x111BA,35575,0}, {0x111BB,35575,0},
    {0x111BC,35575,0}, {0x111BD,35575,0}, {0x111BE,35575,0}, {0x111C9,35575,0}, {0x111CA,35575,0}, {0x111CB,35575,0},
    {0x111CC,35575,0}, {0x111CF,35575,0}, {0x1122F,35575,0}, {0x11230,35575,0}, {0x11231,35575,0}, {0x11234,35575,0},
    {0x11236,35575,0}, {0x11237,35575,0}, {0x1123E,35575,0}, {0x11241,35575,0}, {0x112DF,35575,0}, {0x112E3,35575,0},
    {0x112E4,35575,0}, {0x112E5,35575,0}, {0x112E6,35575,0}, {0x112E7,35575,0}, {0x112E8,35575,0}, {0x112E9,35575,0},
    {0x112EA,35575,0}, {0x11300,35575,0}, {0x11301,35575,0}, {0x1133B,35575,0}, {0x1133C,35575,0}, {0x11340,35575,0},
    {0x1134B,35575,2}, {0x1134C,35577,2}, {0x11366,35579,0}, {0x11367,35579,0}, {0x11368,35579,0}, {0x11369,35579,0},
    {0x1136A,35579,0}, {0x1136B,35579,0}, {0x1136C,35579,0}, {0x11370,35579,0}, {0x11371,35579,0}, {0x11372,35579,0},
    {0x11373,35579,0}, {0x11374,35579,0}, {0x11438,35579,0}, {0x11439,35579,0}, {0x1143A,35579,0}, {0x1143B,35579,0},
    {0x1143C,35579,0}, {0x1143D,35579,0}, {0x1143E,35579,0}, {0x1143F,35579,0}, {0x11442,35579,0}, {0x11443,35579,0},
    {0x11444,35579,0}, {0x11446,35579,0}, {0x1145E,35579,0}, {0x114B3,35579,0}, {0x114B4,35579,0}, {0x114B5,35579,0},
    {0x114B6,35579,0}, {0x114B7,35579,0}, {0x114B8,35579,0}, {0x114BA,35579,0}, {0x114BB,35579,1}, {0x114BC,35580,2},
    {0x114BE,35582,2}, {0x114BF,35584,0}, {0x114C0,35584,0}, {0x114C2,35584,0}, {0x114C3,35584,0}, {0x115B2,35584,0},
    {0x115B3,35584,0}, {0x115B4,35584,0}, {0x115B5,35584,0}, {0x115BA,35584,2}, {0x115BB,35586,2}, {0x115BC,35588,0},
    {0x115BD,35588,0}, {0x115BF,35588,0}, {0x115C0,35588,0}, {0x115DC,35588,0}, {0x115DD,35588,0}, {0x11633,35588,0},
    {0x11634,35588,0}, {0x11635,35588,0}, {0x11636,35588,0}, {0x11637,35588,0}, {0x11638,35588,0}, {0x11639,35588,0},
    {0x1163A,35588,0}, {0x1163D,35588,0}, {0x1163F,35588,0}, {0x11640,35588,0}, {0x116AB,35588,0}, {0x116AD,35588,0},
    {0x116B0,35588,0}, {0x116B1,35588,0}, {0x116B2,35588,0}, {0x116B3,35588,0}, {0x116B4,35588,0}, {0x116B5,35588,0},
    {0x116B7,35588,0}, {0x1171D,35588,0}, {0x1171E,35588,0}, {0x1171F,35588,0}, {0x11722,35588,0}, {0x11723,35588,0},
    {0x11724,35588,0}, {0x11725,35588,0}, {0x11727,35588,0}, {0x11728,35588,0}, {0x11729,35588,0}, {0x1172A,35588,0},
    {0x1172B,35588,0}, {0x1182F,35588,0}, {0x11830,35588,0}, {0x11831,35588,0}, {0x11832,35588,0}, {0x11833,35588,0},
    {0x11834,35588,0}, {0x11835,35588,0}, {0x11836,35588,0}, {0x11837,35588,0}, {0x11839,35588,0}, {0x1183A,35588,0},
    {0x118A0,35588,1}, {0x118A1,35589,1}, {0x118A2,35590,1}, {0x118A3,35591,1}, {0x118A4,35592,1}, {0x118A5,35593,1},
    {0x118A6,35594,1}, {0x118A7,35595,1}, {0x118A8,35596,1}, {0x118A9,35597,1}, {0x118AA,35598,1}, {0x118AB,35599,1},
    {0x118AC,35600,1}, {0x118AD,35601,1}, {0x118AE,35602,1}, {0x118AF,35603,1}, {0x118B0,35604,1}, {0x118B1,35605,1},
    {0x118B2,35606,1}, {0x118B3,35607,1}, {0x118B4,35608,1}, {0x118B5,35609,1}, {0x118B6,35610,1}, {0x118B7,35611,1},
    {0x118B8,35612,1}, {0x118B9,35613,1}, {0x118BA,35614,1}, {0x118BB,35615,1}, {0x118BC,35616,1}, {0x118BD,35617,1},
    {0x118BE,35618,1}, {0x118BF,35619,1}, {0x11938,35620,2}, {0x1193B,35622,0}, {0x1193C,35622,0}, {0x1193E,35622,0},
    {0x11943,35622,0}, {0x119D4,35622,0}, {0x119D5,35622,0}, {0x119D6,35622,0}, {0x119D7,35622,0}, {0x119DA,35622,0},
    {0x119DB,35622,0}, {0x119E0,35622,0}, {0x11A01,35622,0}, {0x11A02,35622,0}, {0x11A03,35622,0}, {0x11A04,35622,0},
    {0x11A05,35622,0}, {0x11A06,35622,0}, {0x11A07,35622,0}, {0x11A08,35622,0}, {0x11A09,35622,0}, {0x11A0A,35622,0},
    {0x11A33,35622,0}, {0x11A34,35622,0}, {0x11A35,35622,0}, {0x11A36,35622,0}, {0x11A37,35622,0}, {0x11A38,35622,0},
    {0x11A3B,35622,0}, {0x11A3C,35622,0}, {0x11A3D,35622,0}, {0x11A3E,35622,0}, {0x11A47,35622,0}, {0x11A51,35622,0},
    {0x11A52,35622,0}, {0x11A53,35622,0}, {0x11A54,35622,0}, {0x11A55,35622,0}, {0x11A56,35622,0}, {0x11A59,35622,0},
    {0x11A5A,35622,0}, {0x11A5B,35622,0}, {0x11A8A,35622,0}, {0x11A8B,35622,0}, {0x11A8C,35622,0}, {0x11A8D,35622,0},
    {0x11A8E,35622,0}, {0x11A8F,35622,0}, {0x11A90,35622,0}, {0x11A91,35622,0}, {0x11A92,35622,0}, {0x11A93,35622,0},
    {0x11A94,35622,0}, {0x11A95,35622,0}, {0x11A96,35622,0}, {0x11A98,35622,0}, {0x11A99,35622,0}, {0x11C30,35622,0},
    {0x11C31,35622,0}, {0x11C32,35622,0}, {0x11C33,35622,0}, {0x11C34,35622,0}, {0x11C35,35622,0}, {0x11C36,35622,0},
    {0x11C38,35622,0}, {0x11C39,35622,0}, {0x11C3A,35622,0}, {0x11C3B,35622,0}, {0x11C3C,35622,0}, {0x11C3D,35622,0},
    {0x11C3F,35622,0}, {0x11C92,35622,0}, {0x11C93,35622,0}, {0x11C94,35622,0}, {0x11C95,35622,0}, {0x11C96,35622,0},
    {0x11C97,35622,0}, {0x11C98,35622,0}, {0x11C99,35622,0}, {0x11C9A,35622,0}, {0x11C9B,35622,0}, {0x11C9C,35622,0},
    {0x11C9D,35622,0}, {0x11C9E,35622,0}, {0x11C9F,35622,0}, {0x11CA0,35622,0}, {0x11CA1,35622,0}, {0x11CA2,35622,0},
    {0x11CA3,35622,0}, {0x11CA4,35622,0}, {0x11CA5,35622,0}, {0x11CA6,35622,0}, {0x11CA7,35622,0}, {0x11CAA,35622,0},
    {0x11CAB,35622,0}, {0x11CAC,35622,0}, {0x11CAD,35622,0}, {0x11CAE,35622,0}, {0x11CAF,35622,0}, {0x11CB0,35622,0},
    {0x11CB2,35622,0}, {0x11CB3,35622,0}, {0x11CB5,35622,0}, {0x11CB6,35622,0}, {0x11D31,35622,0}, {0x11D32,35622,0},
    {0x11D33,35622,0}, {0x11D34,35622,0}, {0x11D35,35622,0}, {0x11D36,35622,0}, {0x11D3A,35622,0}, {0x11D3C,35622,0},
    {0x11D3D,35622,0}, {0x11D3F,35622,0}, {0x11D40,35622,0}, {0x11D41,35622,0}, {0x11D42,35622,0}, {0x11D43,35622,0},
    {0x11D44,35622,0}, {0x11D45,35622,0}, {0x11D47,35622,0}, {0x11D90,35622,0}, {0x11D91,35622,0}, {0x11D95,35622,0},
    {0x11D97,35622,0}, {0x11EF3,35622,0}, {0x11EF4,35622,0}, {0x11F00,35622,0}, {0x11F01,35622,0}, {0x11F36,35622,0},
    {0x11F37,35622,0}, {0x11F38,35622,0}, {0x11F39,35622,0}, {0x11F3A,35622,0}, {0x11F40,35622,0}, {0x11F42,35622,0},
    {0x13440,35622,0}, {0x13447,35622,0}, {0x13448,35622,0}, {0x13449,35622,0}, {0x1344A,35622,0}, {0x1344B,35622,0},
    {0x1344C,35622,0}, {0x1344D,35622,0}, {0x1344E,35622,0}, {0x1344F,35622,0}, {0x13450,35622,0}, {0x13451,35622,0},
    {0x13452,35622,0}, {0x13453,35622,0}, {0x13454,35622,0}, {0x13455,35622,0}, {0x16AF0,35622,0}, {0x16AF1,35622,0},
    {0x16AF2,35622,0}, {0x16AF3,35622,0}, {0x16AF4,35622,0}, {0x16B30,35622,0}, {0x16B31,35622,0}, {0x16B32,35622,0},
    {0x16B33,35622,0}, {0x16B34,35622,0}, {0x16B35,35622,0}, {0x16B36,35622,0}, {0x16E40,35622,1}, {0x16E41,35623,1},
    {0x16E42,35624,1}, {0x16E43,35625,1}, {0x16E44,35626,1}, {0x16E45,35627,1}, {0x16E46,35628,1}, {0x16E47,35629,1},
    {0x16E48,35630,1}, {0x16E49,35631,1}, {0x16E4A,35632,1}, {0x16E4B,35633,1}, {0x16E4C,35634,1}, {0x16E4D,35635,1},
    {0x16E4E,35636,1}, {0x16E4F,35637,1}, {0x16E50,35638,1}, {0x16E51,35639,1}, {0x16E52,35640,1}, {0x16E53,35641,1},
    {0x16E54,35642,1}, {0x16E55,35643,1}, {0x16E56,35644,1}, {0x16E57,35645,1}, {0x16E58,35646,1}, {0x16E59,35647,1},
    {0x16E5A,35648,1}, {0x16E5B,35649,1}, {0x16E5C,35650,1}, {0x16E5D,35651,1}, {0x16E5E,35652,1}, {0x16E5F,35653,1},
    {0x16F4F,35654,0}, {0x16F8F,35654,0}, {0x16F90,35654,0}, {0x16F91,35654,0}, {0x16F92,35654,0}, {0x16FE4,35654,0},
    {0x1BC9D,35654,0}, {0x1BC9E,35654,0}, {0x1CF00,35654,0}, {0x1CF01,35654,0}, {0x1CF02,35654,0}, {0x1CF03,35654,0},
    {0x1CF04,35654,0}, {0x1CF05,35654,0}, {0x1CF06,35654,0}, {0x1CF07,35654,0}, {0x1CF08,35654,0}, {0x1CF09,35654,0},
    {0x1CF0A,35654,0}, {0x1CF0B,35654,0}, {0x1CF0C,35654,0}, {0x1CF0D,35654,0}, {0x1CF0E,35654,0}, {0x1CF0F,35654,0},
    {0x1CF10,35654,0}, {0x1CF11,35654,0}, {0x1CF12,35654,0}, {0x1CF13,35654,0}, {0x1CF14,35654,0}, {0x1CF15,35654,0},
    {0x1CF16,35654,0}, {0x1CF17,35654,0}, {0x1CF18,35654,0}, {0x1CF19,35654,0}, {0x1CF1A,35654,0}, {0x1CF1B,35654,0},
    {0x1CF1C,35654,0}, {0x1CF1D,35654,0}, {0x1CF1E,35654,0}, {0x1CF1F,35654,0}, {0x1CF20,35654,0}, {0x1CF21,35654,0},
    {0x1CF22,35654,0}, {0x1CF23,35654,0}, {0x1CF24,35654,0}, {0x1CF25,35654,0}, {0x1CF26,35654,0}, {0x1CF27,35654,0},
    {0x1CF28,35654,0}, {0x1CF29,35654,0}, {0x1CF2A,35654,0}, {0x1CF2B,35654,0}, {0x1CF2C,35654,0}, {0x1CF2D,35654,0},
    {0x1CF30,35654,0}, {0x1CF31,35654,0}, {0x1CF32,35654,0}, {0x1CF33,35654,0}, {0x1CF34,35654,0}, {0x1CF35,35654,0},
    {0x1CF36,35654,0}, {0x1CF37,35654,0}, {0x1CF38,35654,0}, {0x1CF39,35654,0}, {0x1CF3A,35654,0}, {0x1CF3B,35654,0},
    {0x1CF3C,35654,0}, {0x1CF3D,35654,0}, {0x1CF3E,35654,0}, {0x1CF3F,35654,0}, {0x1CF40,35654,0}, {0x1CF41,35654,0},
    {0x1CF42,35654,0}, {0x1CF43,35654,0}, {0x1CF44,35654,0}, {0x1CF45,35654,0}, {0x1CF46,35654,0}, {0x1D15E,35654,2},
    {0x1D15F,35656,2}, {0x1D160,35658,3}, {0x1D161,35661,3}, {0x1D162,35664,3}, {0x1D163,35667,3}, {0x1D164,35670,3},
    {0x1D167,35673,0}, {0x1D168,35673,0}, {0x1D169,35673,0}, {0x1D17B,35673,0}, {0x1D17C,35673,0}, {0x1D17D,35673,0},
    {0x1D17E,35673,0}, {0x1D17F,35673,0}, {0x1D180,35673,0}, {0x1D181,35673,0}, {0x1D182,35673,0}, {0x1D185,35673,0},
    {0x1D186,35673,0}, {0x1D187,35673,0}, {0x1D188,35673,0}, {0x1D189,35673,0}, {0x1D18A,35673,0}, {0x1D18B,35673,0},
    {0x1D1AA,35673,0}, {0x1D1AB,35673,0}, {0x1D1AC,35673,0}, {0x1D1AD,35673,0}, {0x1D1BB,35673,2}, {0x1D1BC,35675,2},
    {0x1D1BD,35677,3}, {0x1D1BE,35680,3}, {0x1D1BF,35683,3}, {0x1D1C0,35686,3}, {0x1D242,35689,0}, {0x1D243,35689,0},
    {0x1D244,35689,0}, {0x1DA00,35689,0}, {0x1DA01,35689,0}, {0x1DA02,35689,0}, {0x1DA03,35689,0}, {0x1DA04,35689,0},
    {0x1DA05,35689,0}, {0x1DA06,35689,0}, {0x1DA07,35689,0}, {0x1DA08,35689,0}, {0x1DA09,35689,0}, {0x1DA0A,35689,0},
    {0x1DA0B,35689,0}, {0x1DA0C,35689,0}, {0x1DA0D,35689,0}, {0x1DA0E,35689,0}, {0x1DA0F,35689,0}, {0x1DA10,35689,0},
    {0x1DA11,35689,0}, {0x1DA12,35689,0}, {0x1DA13,35689,0}, {0x1DA14,35689,0}, {0x1DA15,35689,0}, {0x1DA16,35689,0},
    {0x1DA17,35689,0}, {0x1DA18,35689,0}, {0x1DA19,35689,0}, {0x1DA1A,35689,0}, {0x1DA1B,35689,0}, {0x1DA1C,35689,0},
    {0x1DA1D,35689,0}, {0x1DA1E,35689,0}, {0x1DA1F,35689,0}, {0x1DA20,35689,0}, {0x1DA21,35689,0}, {0x1DA22,35689,0},
    {0x1DA23,35689,0}, {0x1DA24,35689,0}, {0x1DA25,35689,0}, {0x1DA26,35689,0}, {0x1DA27,35689,0}, {0x1DA28,35689,0},
    {0x1DA29,35689,0}, {0x1DA2A,35689,0}, {0x1DA2B,35689,0}, {0x1DA2C,35689,0}, {0x1DA2D,35689,0}, {0x1DA2E,35689,0},
    {0x1DA2F,35689,0}, {0x1DA30,35689,0}, {0x1DA31,35689,0}, {0x1DA32,35689,0}, {0x1DA33,35689,0}, {0x1DA34,35689,0},
    {0x1DA35,35689,0}, {0x1DA36,35689,0}, {0x1DA3B,35689,0}, {0x1DA3C,35689,0}, {0x1DA3D,35689,0}, {0x1DA3E,35689,0},
    {0x1DA3F,35689,0}, {0x1DA40,35689,0}, {0x1DA41,35689,0}, {0x1DA42,35689,0}, {0x1DA43,35689,0}, {0x1DA44,35689,0},
    {0x1DA45,35689,0}, {0x1DA46,35689,0}, {0x1DA47,35689,0}, {0x1DA48,35689,0}, {0x1DA49,35689,0}, {0x1DA4A,35689,0},
    {0x1DA4B,35689,0}, {0x1DA4C,35689,0}, {0x1DA4D,35689,0}, {0x1DA4E,35689,0}, {0x1DA4F,35689,0}, {0x1DA50,35689,0},
    {0x1DA51,35689,0}, {0x1DA52,35689,0}, {0x1DA53,35689,0}, {0x1DA54,35689,0}, {0x1DA55,35689,0}, {0x1DA56,35689,0},
    {0x1DA57,35689,0}, {0x1DA58,35689,0}, {0x1DA59,35689,0}, {0x1DA5A,35689,0}, {0x1DA5B,35689,0}, {0x1DA5C,35689,0},
    {0x1DA5D,35689,0}, {0x1DA5E,35689,0}, {0x1DA5F,35689,0}, {0x1DA60,35689,0}, {0x1DA61,35689,0}, {0x1DA62,35689,0},
    {0x1DA63,35689,0}, {0x1DA64,35689,0}, {0x1DA65,35689,0}, {0x1DA66,35689,0}, {0x1DA67,35689,0}, {0x1DA68,35689,0},
    {0x1DA69,35689,0}, {0x1DA6A,35689,0}, {0x1DA6B,35689,0}, {0x1DA6C,35689,0}, {0x1DA75,35689,0}, {0x1DA84,35689,0},
    {0x1DA9B,35689,0}, {0x1DA9C,35689,0}, {0x1DA9D,35689,0}, {0x1DA9E,35689,0}, {0x1DA9F,35689,0}, {0x1DAA1,35689,0},
    {0x1DAA2,35689,0}, {0x1DAA3,35689,0}, {0x1DAA4,35689,0}, {0x1DAA5,35689,0}, {0x1DAA6,35689,0}, {0x1DAA7,35689,0},
    {0x1DAA8,35689,0}, {0x1DAA9,35689,0}, {0x1DAAA,35689,0}, {0x1DAAB,35689,0}, {0x1DAAC,35689,0}, {0x1DAAD,35689,0},
    {0x1DAAE,35689,0}, {0x1DAAF,35689,0}, {0x1E000,35689,0}, {0x1E001,35689,0}, {0x1E002,35689,0}, {0x1E003,35689,0},
    {0x1E004,35689,0}, {0x1E005,35689,0}, {0x1E006,35689,0}, {0x1E008,35689,0}, {0x1E009,35689,0}, {0x1E00A,35689,0},
    {0x1E00B,35689,0}, {0x1E00C,35689,0}, {0x1E00D,35689,0}, {0x1E00E,35689,0}, {0x1E00F,35689,0}, {0x1E010,35689,0},
    {0x1E011,35689,0}, {0x1E012,35689,0}, {0x1E013,35689,0}, {0x1E014,35689,0}, {0x1E015,35689,0}, {0x1E016,35689,0},
    {0x1E017,35689,0}, {0x1E018,35689,0}, {0x1E01B,35689,0}, {0x1E01C,35689,0}, {0x1E01D,35689,0}, {0x1E01E,35689,0},
    {0x1E01F,35689,0}, {0x1E020,35689,0}, {0x1E021,35689,0}, {0x1E023,35689,0}, {0x1E024,35689,0}, {0x1E026,35689,0},
    {0x1E027,35689,0}, {0x1E028,35689,0}, {0x1E029,35689,0}, {0x1E02A,35689,0}, {0x1E08F,35689,0}, {0x1E130,35689,0},
    {0x1E131,35689,0}, {0x1E132,35689,0}, {0x1E133,35689,0}, {0x1E134,35689,0}, {0x1E135,35689,0}, {0x1E136,35689,0},
    {0x1E2AE,35689,0}, {0x1E2EC,35689,0}, {0x1E2ED,35689,0}, {0x1E2EE,35689,0}, {0x1E2EF,35689,0}, {0x1E4EC,35689,0},
    {0x1E4ED,35689,0}, {0x1E4EE,35689,0}, {0x1E4EF,35689,0}, {0x1E8D0,35689,0}, {0x1E8D1,35689,0}, {0x1E8D2,35689,0},
    {0x1E8D3,35689,0}, {0x1E8D4,35689,0}, {0x1E8D5,35689,0}, {0x1E8D6,35689,0}, {0x1E900,35689,1}, {0x1E901,35690,1},
    {0x1E902,35691,1}, {0x1E903,35692,1}, {0x1E904,35693,1}, {0x1E905,35694,1}, {0x1E906,35695,1}, {0x1E907,35696,1},
    {0x1E908,35697,1}, {0x1E909,35698,1}, {0x1E90A,35699,1}, {0x1E90B,35700,1}, {0x1E90C,35701,1}, {0x1E90D,35702,1},
    {0x1E90E,35703,1}, {0x1E90F,35704,1}, {0x1E910,35705,1}, {0x1E911,35706,1}, {0x1E912,35707,1}, {0x1E913,35708,1},
    {0x1E914,35709,1}, {0x1E915,35710,1}, {0x1E916,35711,1}, {0x1E917,35712,1}, {0x1E918,35713,1}, {0x1E919,35714,1},
    {0x1E91A,35715,1}, {0x1E91B,35716,1}, {0x1E91C,35717,1}, {0x1E91D,35718,1}, {0x1E91E,35719,1}, {0x1E91F,35720,1},
    {0x1E920,35721,1}, {0x1E921,35722,1}, {0x1E944,35723,0}, {0x1E945,35723,0}, {0x1E946,35723,0}, {0x1E947,35723,0},
    {0x1E948,35723,0}, {0x1E949,35723,0}, {0x1E94A,35723,0}, {0x2F800,35723,1}, {0x2F801,35724,1}, {0x2F802,35725,1},
    {0x2F803,35726,1}, {0x2F804,35727,1}, {0x2F805,35728,1}, {0x2F806,35729,1}, {0x2F807,35730,1}, {0x2F808,35731,1},
    {0x2F809,35732,1}, {0x2F80A,35733,1}, {0x2F80B,35734,1}, {0x2F80C,35735,1}, {0x2F80D,35736,1}, {0x2F80E,35737,1},
    {0x2F80F,35738,1}, {0x2F810,35739,1}, {0x2F811,35740,1}, {0x2F812,35741,1}, {0x2F813,35742,1}, {0x2F814,35743,1},
    {0x2F815,35744,1}, {0x2F816,35745,1}, {0x2F817,35746,1}, {0x2F818,35747,1}, {0x2F819,35748,1}, {0x2F81A,35749,1},
    {0x2F81B,35750,1}, {0x2F81C,35751,1}, {0x2F81D,35752,1}, {0x2F81E,35753,1}, {0x2F81F,35754,1}, {0x2F820,35755,1},
    {0x2F821,35756,1}, {0x2F822,35757,1}, {0x2F823,35758,1}, {0x2F824,35759,1}, {0x2F825,35760,1}, {0x2F826,35761,1},
    {0x2F827,35762,1}, {0x2F828,35763,1}, {0x2F829,35764,1}, {0x2F82A,35765,1}, {0x2F82B,35766,1}, {0x2F82C,35767,1},
    {0x2F82D,35768,1}, {0x2F82E,35769,1}, {0x2F82F,35770,1}, {0x2F830,35771,1}, {0x2F831,35772,1}, {0x2F832,35773,1},
    {0x2F833,35774,1}, {0x2F834,35775,1}, {0x2F835,35776,1}, {0x2F836,35777,1}, {0x2F837,35778,1}, {0x2F838,35779,1},
    {0x2F839,35780,1}, {0x2F83A,35781,1}, {0x2F83B,35782,1}, {0x2F83C,35783,1}, {0x2F83D,35784,1}, {0x2F83E,35785,1},
    {0x2F83F,35786,1}, {0x2F840,35787,1}, {0x2F841,35788,1}, {0x2F842,35789,1}, {0x2F843,35790,1}, {0x2F844,35791,1},
    {0x2F845,35792,1}, {0x2F846,35793,1}, {0x2F847,35794,1}, {0x2F848,35795,1}, {0x2F849,35796,1}, {0x2F84A,35797,1},
    {0x2F84B,35798,1}, {0x2F84C,35799,1}, {0x2F84D,35800,1}, {0x2F84E,35801,1}, {0x2F84F,35802,1}, {0x2F850,35803,1},
    {0x2F851,35804,1}, {0x2F852,35805,1}, {0x2F853,35806,1}, {0x2F854,35807,1}, {0x2F855,35808,1}, {0x2F856,35809,1},
    {0x2F857,35810,1}, {0x2F858,35811,1}, {0x2F859,35812,1}, {0x2F85A,35813,1}, {0x2F85B,35814,1}, {0x2F85C,35815,1},
    {0x2F85D,35816,1}, {0x2F85E,35817,1}, {0x2F85F,35818,1}, {0x2F860,35819,1}, {0x2F861,35820,1}, {0x2F862,35821,1},
    {0x2F863,35822,1}, {0x2F864,35823,1}, {0x2F865,35824,1}, {0x2F866,35825,1}, {0x2F867,35826,1}, {0x2F868,35827,1},
    {0x2F869,35828,1}, {0x2F86A,35829,1}, {0x2F86B,35830,1}, {0x2F86C,35831,1}, {0x2F86D,35832,1}, {0x2F86E,35833,1},
    {0x2F86F,35834,1}, {0x2F870,35835,1}, {0x2F871,35836,1}, {0x2F872,35837,1}, {0x2F873,35838,1}, {0x2F874,35839,1},
    {0x2F875,35840,1}, {0x2F876,35841,1}, {0x2F877,35842,1}, {0x2F878,35843,1}, {0x2F879,35844,1}, {0x2F87A,35845,1},
    {0x2F87B,35846,1}, {0x2F87C,35847,1}, {0x2F87D,35848,1}, {0x2F87E,35849,1}, {0x2F87F,35850,1}, {0x2F880,35851,1},
    {0x2F881,35852,1}, {0x2F882,35853,1}, {0x2F883,35854,1}, {0x2F884,35855,1}, {0x2F885,35856,1}, {0x2F886,35857,1},
    {0x2F887,35858,1}, {0x2F888,35859,1}, {0x2F889,35860,1}, {0x2F88A,35861,1}, {0x2F88B,35862,1}, {0x2F88C,35863,1},
    {0x2F88D,35864,1}, {0x2F88E,35865,1}, {0x2F88F,35866,1}, {0x2F890,35867,1}, {0x2F891,35868,1}, {0x2F892,35869,1},
    {0x2F893,35870,1}, {0x2F894,35871,1}, {0x2F895,35872,1}, {0x2F896,35873,1}, {0x2F897,35874,1}, {0x2F898,35875,1},
    {0x2F899,35876,1}, {0x2F89A,35877,1}, {0x2F89B,35878,1}, {0x2F89C,35879,1}, {0x2F89D,35880,1}, {0x2F89E,35881,1},
    {0x2F89F,35882,1}, {0x2F8A0,35883,1}, {0x2F8A1,35884,1}, {0x2F8A2,35885,1}, {0x2F8A3,35886,1}, {0x2F8A4,35887,1},
    {0x2F8A5,35888,1}, {0x2F8A6,35889,1}, {0x2F8A7,35890,1}, {0x2F8A8,35891,1}, {0x2F8A9,35892,1}, {0x2F8AA,35893,1},
    {0x2F8AB,35894,1}, {0x2F8AC,35895,1}, {0x2F8AD,35896,1}, {0x2F8AE,35897,1}, {0x2F8AF,35898,1}, {0x2F8B0,35899,1},
    {0x2F8B1,35900,1}, {0x2F8B2,35901,1}, {0x2F8B3,35902,1}, {0x2F8B4,35903,1}, {0x2F8B5,35904,1}, {0x2F8B6,35905,1},
    {0x2F8B7,35906,1}, {0x2F8B8,35907,1}, {0x2F8B9,35908,1}, {0x2F8BA,35909,1}, {0x2F8BB,35910,1}, {0x2F8BC,35911,1},
    {0x2F8BD,35912,1}, {0x2F8BE,35913,1}, {0x2F8BF,35914,1}, {0x2F8C0,35915,1}, {0x2F8C1,35916,1}, {0x2F8C2,35917,1},
    {0x2F8C3,35918,1}, {0x2F8C4,35919,1}, {0x2F8C5,35920,1}, {0x2F8C6,35921,1}, {0x2F8C7,35922,1}, {0x2F8C8,35923,1},
    {0x2F8C9,35924,1}, {0x2F8CA,35925,1}, {0x2F8CB,35926,1}, {0x2F8CC,35927,1}, {0x2F8CD,35928,1}, {0x2F8CE,35929,1},
    {0x2F8CF,35930,1}, {0x2F8D0,35931,1}, {0x2F8D1,35932,1}, {0x2F8D2,35933,1}, {0x2F8D3,35934,1}, {0x2F8D4,35935,1},
    {0x2F8D5,35936,1}, {0x2F8D6,35937,1}, {0x2F8D7,35938,1}, {0x2F8D8,35939,1}, {0x2F8D9,35940,1}, {0x2F8DA,35941,1},
    {0x2F8DB,35942,1}, {0x2F8DC,35943,1}, {0x2F8DD,35944,1}, {0x2F8DE,35945,1}, {0x2F8DF,35946,1}, {0x2F8E0,35947,1},
    {0x2F8E1,35948,1}, {0x2F8E2,35949,1}, {0x2F8E3,35950,1}, {0x2F8E4,35951,1}, {0x2F8E5,35952,1}, {0x2F8E6,35953,1},
    {0x2F8E7,35954,1}, {0x2F8E8,35955,1}, {0x2F8E9,35956,1}, {0x2F8EA,35957,1}, {0x2F8EB,35958,1}, {0x2F8EC,35959,1},
    {0x2F8ED,35960,1}, {0x2F8EE,35961,1}, {0x2F8EF,35962,1}, {0x2F8F0,35963,1}, {0x2F8F1,35964,1}, {0x2F8F2,35965,1},
    {0x2F8F3,35966,1}, {0x2F8F4,35967,1}, {0x2F8F5,35968,1}, {0x2F8F6,35969,1}, {0x2F8F7,35970,1}, {0x2F8F8,35971,1},
    {0x2F8F9,35972,1}, {0x2F8FA,35973,1}, {0x2F8FB,35974,1}, {0x2F8FC,35975,1}, {0x2F8FD,35976,1}, {0x2F8FE,35977,1},
    {0x2F8FF,35978,1}, {0x2F900,35979,1}, {0x2F901,35980,1}, {0x2F902,35981,1}, {0x2F903,35982,1}, {0x2F904,35983,1},
    {0x2F905,35984,1}, {0x2F906,35985,1}, {0x2F907,35986,1}, {0x2F908,35987,1}, {0x2F909,35988,1}, {0x2F90A,35989,1},
    {0x2F90B,35990,1}, {0x2F90C,35991,1}, {0x2F90D,35992,1}, {0x2F90E,35993,1}, {0x2F90F,35994,1}, {0x2F910,35995,1},
    {0x2F911,35996,1}, {0x2F912,35997,1}, {0x2F913,35998,1}, {0x2F914,35999,1}, {0x2F915,36000,1}, {0x2F916,36001,1},
    {0x2F917,36002,1}, {0x2F918,36003,1}, {0x2F919,36004,1}, {0x2F91A,36005,1}, {0x2F91B,36006,1}, {0x2F91C,36007,1},
    {0x2F91D,36008,1}, {0x2F91E,36009,1}, {0x2F91F,36010,1}, {0x2F920,36011,1}, {0x2F921,36012,1}, {0x2F922,36013,1},
    {0x2F923,36014,1}, {0x2F924,36015,1}, {0x2F925,36016,1}, {0x2F926,36017,1}, {0x2F927,36018,1}, {0x2F928,36019,1},
    {0x2F929,36020,1}, {0x2F92A,36021,1}, {0x2F92B,36022,1}, {0x2F92C,36023,1}, {0x2F92D,36024,1}, {0x2F92E,36025,1},
    {0x2F92F,36026,1}, {0x2F930,36027,1}, {0x2F931,36028,1}, {0x2F932,36029,1}, {0x2F933,36030,1}, {0x2F934,36031,1},
    {0x2F935,36032,1}, {0x2F936,36033,1}, {0x2F937,36034,1}, {0x2F938,36035,1}, {0x2F939,36036,1}, {0x2F93A,36037,1},
    {0x2F93B,36038,1}, {0x2F93C,36039,1}, {0x2F93D,36040,1}, {0x2F93E,36041,1}, {0x2F93F,36042,1}, {0x2F940,36043,1},
    {0x2F941,36044,1}, {0x2F942,36045,1}, {0x2F943,36046,1}, {0x2F944,36047,1}, {0x2F945,36048,1}, {0x2F946,36049,1},
    {0x2F947,36050,1}, {0x2F948,36051,1}, {0x2F949,36052,1}, {0x2F94A,36053,1}, {0x2F94B,36054,1}, {0x2F94C,36055,1},
    {0x2F94D,36056,1}, {0x2F94E,36057,1}, {0x2F94F,36058,1}, {0x2F950,36059,1}, {0x2F951,36060,1}, {0x2F952,36061,1},
    {0x2F953,36062,1}, {0x2F954,36063,1}, {0x2F955,36064,1}, {0x2F956,36065,1}, {0x2F957,36066,1}, {0x2F958,36067,1},
    {0x2F959,36068,1}, {0x2F95A,36069,1}, {0x2F95B,36070,1}, {0x2F95C,36071,1}, {0x2F95D,36072,1}, {0x2F95E,36073,1},
    {0x2F95F,36074,1}, {0x2F960,36075,1}, {0x2F961,36076,1}, {0x2F962,36077,1}, {0x2F963,36078,1}, {0x2F964,36079,1},
    {0x2F965,36080,1}, {0x2F966,36081,1}, {0x2F967,36082,1}, {0x2F968,36083,1}, {0x2F969,36084,1}, {0x2F96A,36085,1},
    {0x2F96B,36086,1}, {0x2F96C,36087,1}, {0x2F96D,36088,1}, {0x2F96E,36089,1}, {0x2F96F,36090,1}, {0x2F970,36091,1},
    {0x2F971,36092,1}, {0x2F972,36093,1}, {0x2F973,36094,1}, {0x2F974,36095,1}, {0x2F975,36096,1}, {0x2F976,36097,1},
    {0x2F977,36098,1}, {0x2F978,36099,1}, {0x2F979,36100,1}, {0x2F97A,36101,1}, {0x2F97B,36102,1}, {0x2F97C,36103,1},
    {0x2F97D,36104,1}, {0x2F97E,36105,1}, {0x2F97F,36106,1}, {0x2F980,36107,1}, {0x2F981,36108,1}, {0x2F982,36109,1},
    {0x2F983,36110,1}, {0x2F984,36111,1}, {0x2F985,36112,1}, {0x2F986,36113,1}, {0x2F987,36114,1}, {0x2F988,36115,1},
    {0x2F989,36116,1}, {0x2F98A,36117,1}, {0x2F98B,36118,1}, {0x2F98C,36119,1}, {0x2F98D,36120,1}, {0x2F98E,36121,1},
    {0x2F98F,36122,1}, {0x2F990,36123,1}, {0x2F991,36124,1}, {0x2F992,36125,1}, {0x2F993,36126,1}, {0x2F994,36127,1},
    {0x2F995,36128,1}, {0x2F996,36129,1}, {0x2F997,36130,1}, {0x2F998,36131,1}, {0x2F999,36132,1}, {0x2F99A,36133,1},
    {0x2F99B,36134,1}, {0x2F99C,36135,1}, {0x2F99D,36136,1}, {0x2F99E,36137,1}, {0x2F99F,36138,1}, {0x2F9A0,36139,1},
    {0x2F9A1,36140,1}, {0x2F9A2,36141,1}, {0x2F9A3,36142,1}, {0x2F9A4,36143,1}, {0x2F9A5,36144,1}, {0x2F9A6,36145,1},
    {0x2F9A7,36146,1}, {0x2F9A8,36147,1}, {0x2F9A9,36148,1}, {0x2F9AA,36149,1}, {0x2F9AB,36150,1}, {0x2F9AC,36151,1},
    {0x2F9AD,36152,1}, {0x2F9AE,36153,1}, {0x2F9AF,36154,1}, {0x2F9B0,36155,1}, {0x2F9B1,36156,1}, {0x2F9B2,36157,1},
    {0x2F9B3,36158,1}, {0x2F9B4,36159,1}, {0x2F9B5,36160,1}, {0x2F9B6,36161,1}, {0x2F9B7,36162,1}, {0x2F9B8,36163,1},
    {0x2F9B9,36164,1}, {0x2F9BA,36165,1}, {0x2F9BB,36166,1}, {0x2F9BC,36167,1}, {0x2F9BD,36168,1}, {0x2F9BE,36169,1},
    {0x2F9BF,36170,1}, {0x2F9C0,36171,1}, {0x2F9C1,36172,1}, {0x2F9C2,36173,1}, {0x2F9C3,36174,1}, {0x2F9C4,36175,1},
    {0x2F9C5,36176,1}, {0x2F9C6,36177,1}, {0x2F9C7,36178,1}, {0x2F9C8,36179,1}, {0x2F9C9,36180,1}, {0x2F9CA,36181,1},
    {0x2F9CB,36182,1}, {0x2F9CC,36183,1}, {0x2F9CD,36184,1}, {0x2F9CE,36185,1}, {0x2F9CF,36186,1}, {0x2F9D0,36187,1},
    {0x2F9D1,36188,1}, {0x2F9D2,36189,1}, {0x2F9D3,36190,1}, {0x2F9D4,36191,1}, {0x2F9D5,36192,1}, {0x2F9D6,36193,1},
    {0x2F9D7,36194,1}, {0x2F9D8,36195,1}, {0x2F9D9,36196,1}, {0x2F9DA,36197,1}, {0x2F9DB,36198,1}, {0x2F9DC,36199,1},
    {0x2F9DD,36200,1}, {0x2F9DE,36201,1}, {0x2F9DF,36202,1}, {0x2F9E0,36203,1}, {0x2F9E1,36204,1}, {0x2F9E2,36205,1},
    {0x2F9E3,36206,1}, {0x2F9E4,36207,1}, {0x2F9E5,36208,1}, {0x2F9E6,36209,1}, {0x2F9E7,36210,1}, {0x2F9E8,36211,1},
    {0x2F9E9,36212,1}, {0x2F9EA,36213,1}, {0x2F9EB,36214,1}, {0x2F9EC,36215,1}, {0x2F9ED,36216,1}, {0x2F9EE,36217,1},
    {0x2F9EF,36218,1}, {0x2F9F0,36219,1}, {0x2F9F1,36220,1}, {0x2F9F2,36221,1}, {0x2F9F3,36222,1}, {0x2F9F4,36223,1},
    {0x2F9F5,36224,1}, {0x2F9F6,36225,1}, {0x2F9F7,36226,1}, {0x2F9F8,36227,1}, {0x2F9F9,36228,1}, {0x2F9FA,36229,1},
    {0x2F9FB,36230,1}, {0x2F9FC,36231,1}, {0x2F9FD,36232,1}, {0x2F9FE,36233,1}, {0x2F9FF,36234,1}, {0x2FA00,36235,1},
    {0x2FA01,36236,1}, {0x2FA02,36237,1}, {0x2FA03,36238,1}, {0x2FA04,36239,1}, {0x2FA05,36240,1}, {0x2FA06,36241,1},
    {0x2FA07,36242,1}, {0x2FA08,36243,1}, {0x2FA09,36244,1}, {0x2FA0A,36245,1}, {0x2FA0B,36246,1}, {0x2FA0C,36247,1},
    {0x2FA0D,36248,1}, {0x2FA0E,36249,1}, {0x2FA0F,36250,1}, {0x2FA10,36251,1}, {0x2FA11,36252,1}, {0x2FA12,36253,1},
    {0x2FA13,36254,1}, {0x2FA14,36255,1}, {0x2FA15,36256,1}, {0x2FA16,36257,1}, {0x2FA17,36258,1}, {0x2FA18,36259,1},
    {0x2FA19,36260,1}, {0x2FA1A,36261,1}, {0x2FA1B,36262,1}, {0x2FA1C,36263,1}, {0x2FA1D,36264,1}, {0xE0100,36265,0},
    {0xE0101,36265,0}, {0xE0102,36265,0}, {0xE0103,36265,0}, {0xE0104,36265,0}, {0xE0105,36265,0}, {0xE0106,36265,0},
    {0xE0107,36265,0}, {0xE0108,36265,0}, {0xE0109,36265,0}, {0xE010A,36265,0}, {0xE010B,36265,0}, {0xE010C,36265,0},
    {0xE010D,36265,0}, {0xE010E,36265,0}, {0xE010F,36265,0}, {0xE0110,36265,0}, {0xE0111,36265,0}, {0xE0112,36265,0},
    {0xE0113,36265,0}, {0xE0114,36265,0}, {0xE0115,36265,0}, {0xE0116,36265,0}, {0xE0117,36265,0}, {0xE0118,36265,0},
    {0xE0119,36265,0}, {0xE011A,36265,0}, {0xE011B,36265,0}, {0xE011C,36265,0}, {0xE011D,36265,0}, {0xE011E,36265,0},
    {0xE011F,36265,0}, {0xE0120,36265,0}, {0xE0121,36265,0}, {0xE0122,36265,0}, {0xE0123,36265,0}, {0xE0124,36265,0},
    {0xE0125,36265,0}, {0xE0126,36265,0}, {0xE0127,36265,0}, {0xE0128,36265,0}, {0xE0129,36265,0}, {0xE012A,36265,0},
    {0xE012B,36265,0}, {0xE012C,36265,0}, {0xE012D,36265,0}, {0xE012E,36265,0}, {0xE012F,36265,0}, {0xE0130,36265,0},
    {0xE0131,36265,0}, {0xE0132,36265,0}, {0xE0133,36265,0}, {0xE0134,36265,0}, {0xE0135,36265,0}, {0xE0136,36265,0},
    {0xE0137,36265,0}, {0xE0138,36265,0}, {0xE0139,36265,0}, {0xE013A,36265,0}, {0xE013B,36265,0}, {0xE013C,36265,0},
    {0xE013D,36265,0}, {0xE013E,36265,0}, {0xE013F,36265,0}, {0xE0140,36265,0}, {0xE0141,36265,0}, {0xE0142,36265,0},
    {0xE0143,36265,0}, {0xE0144,36265,0}, {0xE0145,36265,0}, {0xE0146,36265,0}, {0xE0147,36265,0}, {0xE0148,36265,0},
    {0xE0149,36265,0}, {0xE014A,36265,0}, {0xE014B,36265,0}, {0xE014C,36265,0}, {0xE014D,36265,0}, {0xE014E,36265,0},
    {0xE014F,36265,0}, {0xE0150,36265,0}, {0xE0151,36265,0}, {0xE0152,36265,0}, {0xE0153,36265,0}, {0xE0154,36265,0},
    {0xE0155,36265,0}, {0xE0156,36265,0}, {0xE0157,36265,0}, {0xE0158,36265,0}, {0xE0159,36265,0}, {0xE015A,36265,0},
    {0xE015B,36265,0}, {0xE015C,36265,0}, {0xE015D,36265,0}, {0xE015E,36265,0}, {0xE015F,36265,0}, {0xE0160,36265,0},
    {0xE0161,36265,0}, {0xE0162,36265,0}, {0xE0163,36265,0}, {0xE0164,36265,0}, {0xE0165,36265,0}, {0xE0166,36265,0},
    {0xE0167,36265,0}, {0xE0168,36265,0}, {0xE0169,36265,0}, {0xE016A,36265,0}, {0xE016B,36265,0}, {0xE016C,36265,0},
    {0xE016D,36265,0}, {0xE016E,36265,0}, {0xE016F,36265,0}, {0xE0170,36265,0}, {0xE0171,36265,0}, {0xE0172,36265,0},
    {0xE0173,36265,0}, {0xE0174,36265,0}, {0xE0175,36265,0}, {0xE0176,36265,0}, {0xE0177,36265,0}, {0xE0178,36265,0},
    {0xE0179,36265,0}, {0xE017A,36265,0}, {0xE017B,36265,0}, {0xE017C,36265,0}, {0xE017D,36265,0}, {0xE017E,36265,0},
    {0xE017F,36265,0}, {0xE0180,36265,0}, {0xE0181,36265,0}, {0xE0182,36265,0}, {0xE0183,36265,0}, {0xE0184,36265,0},
    {0xE0185,36265,0}, {0xE0186,36265,0}, {0xE0187,36265,0}, {0xE0188,36265,0}, {0xE0189,36265,0}, {0xE018A,36265,0},
    {0xE018B,36265,0}, {0xE018C,36265,0}, {0xE018D,36265,0}, {0xE018E,36265,0}, {0xE018F,36265,0}, {0xE0190,36265,0},
    {0xE0191,36265,0}, {0xE0192,36265,0}, {0xE0193,36265,0}, {0xE0194,36265,0}, {0xE0195,36265,0}, {0xE0196,36265,0},
    {0xE0197,36265,0}, {0xE0198,36265,0}, {0xE0199,36265,0}, {0xE019A,36265,0}, {0xE019B,36265,0}, {0xE019C,36265,0},
    {0xE019D,36265,0}, {0xE019E,36265,0}, {0xE019F,36265,0}, {0xE01A0,36265,0}, {0xE01A1,36265,0}, {0xE01A2,36265,0},
    {0xE01A3,36265,0}, {0xE01A4,36265,0}, {0xE01A5,36265,0}, {0xE01A6,36265,0}, {0xE01A7,36265,0}, {0xE01A8,36265,0},
    {0xE01A9,36265,0}, {0xE01AA,36265,0}, {0xE01AB,36265,0}, {0xE01AC,36265,0}, {0xE01AD,36265,0}, {0xE01AE,36265,0},
    {0xE01AF,36265,0}, {0xE01B0,36265,0}, {0xE01B1,36265,0}, {0xE01B2,36265,0}, {0xE01B3,36265,0}, {0xE01B4,36265,0},
    {0xE01B5,36265,0}, {0xE01B6,36265,0}, {0xE01B7,36265,0}, {0xE01B8,36265,0}, {0xE01B9,36265,0}, {0xE01BA,36265,0},
    {0xE01BB,36265,0}, {0xE01BC,36265,0}, {0xE01BD,36265,0}, {0xE01BE,36265,0}, {0xE01BF,36265,0}, {0xE01C0,36265,0},
    {0xE01C1,36265,0}, {0xE01C2,36265,0}, {0xE01C3,36265,0}, {0xE01C4,36265,0}, {0xE01C5,36265,0}, {0xE01C6,36265,0},
    {0xE01C7,36265,0}, {0xE01C8,36265,0}, {0xE01C9,36265,0}, {0xE01CA,36265,0}, {0xE01CB,36265,0}, {0xE01CC,36265,0},
    {0xE01CD,36265,0}, {0xE01CE,36265,0}, {0xE01CF,36265,0}, {0xE01D0,36265,0}, {0xE01D1,36265,0}, {0xE01D2,36265,0},
    {0xE01D3,36265,0}, {0xE01D4,36265,0}, {0xE01D5,36265,0}, {0xE01D6,36265,0}, {0xE01D7,36265,0}, {0xE01D8,36265,0},
    {0xE01D9,36265,0}, {0xE01DA,36265,0}, {0xE01DB,36265,0}, {0xE01DC,36265,0}, {0xE01DD,36265,0}, {0xE01DE,36265,0},
    {0xE01DF,36265,0}, {0xE01E0,36265,0}, {0xE01E1,36265,0}, {0xE01E2,36265,0}, {0xE01E3,36265,0}, {0xE01E4,36265,0},
    {0xE01E5,36265,0}, {0xE01E6,36265,0}, {0xE01E7,36265,0}, {0xE01E8,36265,0}, {0xE01E9,36265,0}, {0xE01EA,36265,0},
    {0xE01EB,36265,0}, {0xE01EC,36265,0}, {0xE01ED,36265,0}, {0xE01EE,36265,0}, {0xE01EF,36265,0}
};
inline constexpr int kFold_n = 16253;

inline constexpr CpRange kPunct[] = {
    {0x21, 0x2F}, {0x3A, 0x40}, {0x5B, 0x60}, {0x7B, 0x7E},
    {0xA1, 0xA1}, {0xA7, 0xA7}, {0xAB, 0xAB}, {0xB6, 0xB7},
    {0xBB, 0xBB}, {0xBF, 0xBF}, {0x37E, 0x37E}, {0x387, 0x387},
    {0x55A, 0x55F}, {0x589, 0x58A}, {0x5BE, 0x5BE}, {0x5C0, 0x5C0},
    {0x5C3, 0x5C3}, {0x5C6, 0x5C6}, {0x5F3, 0x5F4}, {0x609, 0x60A},
    {0x60C, 0x60D}, {0x61B, 0x61B}, {0x61D, 0x61F}, {0x66A, 0x66D},
    {0x6D4, 0x6D4}, {0x700, 0x70D}, {0x7F7, 0x7F9}, {0x830, 0x83E},
    {0x85E, 0x85E}, {0x964, 0x965}, {0x970, 0x970}, {0x9FD, 0x9FD},
    {0xA76, 0xA76}, {0xAF0, 0xAF0}, {0xC77, 0xC77}, {0xC84, 0xC84},
    {0xDF4, 0xDF4}, {0xE4F, 0xE4F}, {0xE5A, 0xE5B}, {0xF04, 0xF12},
    {0xF14, 0xF14}, {0xF3A, 0xF3D}, {0xF85, 0xF85}, {0xFD0, 0xFD4},
    {0xFD9, 0xFDA}, {0x104A, 0x104F}, {0x10FB, 0x10FB}, {0x1360, 0x1368},
    {0x1400, 0x1400}, {0x166E, 0x166E}, {0x169B, 0x169C}, {0x16EB, 0x16ED},
    {0x1735, 0x1736}, {0x17D4, 0x17D6}, {0x17D8, 0x17DA}, {0x1800, 0x180A},
    {0x1944, 0x1945}, {0x1A1E, 0x1A1F}, {0x1AA0, 0x1AA6}, {0x1AA8, 0x1AAD},
    {0x1B5A, 0x1B60}, {0x1B7D, 0x1B7E}, {0x1BFC, 0x1BFF}, {0x1C3B, 0x1C3F},
    {0x1C7E, 0x1C7F}, {0x1CC0, 0x1CC7}, {0x1CD3, 0x1CD3}, {0x2010, 0x2027},
    {0x2030, 0x2043}, {0x2045, 0x2051}, {0x2053, 0x205E}, {0x207D, 0x207E},
    {0x208D, 0x208E}, {0x2308, 0x230B}, {0x2329, 0x232A}, {0x2768, 0x2775},
    {0x27C5, 0x27C6}, {0x27E6, 0x27EF}, {0x2983, 0x2998}, {0x29D8, 0x29DB},
    {0x29FC, 0x29FD}, {0x2CF9, 0x2CFC}, {0x2CFE, 0x2CFF}, {0x2D70, 0x2D70},
    {0x2E00, 0x2E2E}, {0x2E30, 0x2E4F}, {0x2E52, 0x2E5D}, {0x3001, 0x3003},
    {0x3008, 0x3011}, {0x3014, 0x301F}, {0x3030, 0x3030}, {0x303D, 0x303D},
    {0x30A0, 0x30A0}, {0x30FB, 0x30FB}, {0xA4FE, 0xA4FF}, {0xA60D, 0xA60F},
    {0xA673, 0xA673}, {0xA67E, 0xA67E}, {0xA6F2, 0xA6F7}, {0xA874, 0xA877},
    {0xA8CE, 0xA8CF}, {0xA8F8, 0xA8FA}, {0xA8FC, 0xA8FC}, {0xA92E, 0xA92F},
    {0xA95F, 0xA95F}, {0xA9C1, 0xA9CD}, {0xA9DE, 0xA9DF}, {0xAA5C, 0xAA5F},
    {0xAADE, 0xAADF}, {0xAAF0, 0xAAF1}, {0xABEB, 0xABEB}, {0xFD3E, 0xFD3F},
    {0xFE10, 0xFE19}, {0xFE30, 0xFE52}, {0xFE54, 0xFE61}, {0xFE63, 0xFE63},
    {0xFE68, 0xFE68}, {0xFE6A, 0xFE6B}, {0xFF01, 0xFF03}, {0xFF05, 0xFF0A},
    {0xFF0C, 0xFF0F}, {0xFF1A, 0xFF1B}, {0xFF1F, 0xFF20}, {0xFF3B, 0xFF3D},
    {0xFF3F, 0xFF3F}, {0xFF5B, 0xFF5B}, {0xFF5D, 0xFF5D}, {0xFF5F, 0xFF65},
    {0x10100, 0x10102}, {0x1039F, 0x1039F}, {0x103D0, 0x103D0}, {0x1056F, 0x1056F},
    {0x10857, 0x10857}, {0x1091F, 0x1091F}, {0x1093F, 0x1093F}, {0x10A50, 0x10A58},
    {0x10A7F, 0x10A7F}, {0x10AF0, 0x10AF6}, {0x10B39, 0x10B3F}, {0x10B99, 0x10B9C},
    {0x10EAD, 0x10EAD}, {0x10F55, 0x10F59}, {0x10F86, 0x10F89}, {0x11047, 0x1104D},
    {0x110BB, 0x110BC}, {0x110BE, 0x110C1}, {0x11140, 0x11143}, {0x11174, 0x11175},
    {0x111C5, 0x111C8}, {0x111CD, 0x111CD}, {0x111DB, 0x111DB}, {0x111DD, 0x111DF},
    {0x11238, 0x1123D}, {0x112A9, 0x112A9}, {0x1144B, 0x1144F}, {0x1145A, 0x1145B},
    {0x1145D, 0x1145D}, {0x114C6, 0x114C6}, {0x115C1, 0x115D7}, {0x11641, 0x11643},
    {0x11660, 0x1166C}, {0x116B9, 0x116B9}, {0x1173C, 0x1173E}, {0x1183B, 0x1183B},
    {0x11944, 0x11946}, {0x119E2, 0x119E2}, {0x11A3F, 0x11A46}, {0x11A9A, 0x11A9C},
    {0x11A9E, 0x11AA2}, {0x11B00, 0x11B09}, {0x11C41, 0x11C45}, {0x11C70, 0x11C71},
    {0x11EF7, 0x11EF8}, {0x11F43, 0x11F4F}, {0x11FFF, 0x11FFF}, {0x12470, 0x12474},
    {0x12FF1, 0x12FF2}, {0x16A6E, 0x16A6F}, {0x16AF5, 0x16AF5}, {0x16B37, 0x16B3B},
    {0x16B44, 0x16B44}, {0x16E97, 0x16E9A}, {0x16FE2, 0x16FE2}, {0x1BC9F, 0x1BC9F},
    {0x1DA87, 0x1DA8B}, {0x1E95E, 0x1E95F}
};
inline constexpr int kPunct_n = 186;

inline constexpr CpRange kControl[] = {
    {0x0, 0x8}, {0xB, 0xC}, {0xE, 0x1F}, {0x7F, 0x9F},
    {0xAD, 0xAD}, {0x378, 0x379}, {0x380, 0x383}, {0x38B, 0x38B},
    {0x38D, 0x38D}, {0x3A2, 0x3A2}, {0x530, 0x530}, {0x557, 0x558},
    {0x58B, 0x58C}, {0x590, 0x590}, {0x5C8, 0x5CF}, {0x5EB, 0x5EE},
    {0x5F5, 0x605}, {0x61C, 0x61C}, {0x6DD, 0x6DD}, {0x70E, 0x70F},
    {0x74B, 0x74C}, {0x7B2, 0x7BF}, {0x7FB, 0x7FC}, {0x82E, 0x82F},
    {0x83F, 0x83F}, {0x85C, 0x85D}, {0x85F, 0x85F}, {0x86B, 0x86F},
    {0x88F, 0x897}, {0x8E2, 0x8E2}, {0x984, 0x984}, {0x98D, 0x98E},
    {0x991, 0x992}, {0x9A9, 0x9A9}, {0x9B1, 0x9B1}, {0x9B3, 0x9B5},
    {0x9BA, 0x9BB}, {0x9C5, 0x9C6}, {0x9C9, 0x9CA}, {0x9CF, 0x9D6},
    {0x9D8, 0x9DB}, {0x9DE, 0x9DE}, {0x9E4, 0x9E5}, {0x9FF, 0xA00},
    {0xA04, 0xA04}, {0xA0B, 0xA0E}, {0xA11, 0xA12}, {0xA29, 0xA29},
    {0xA31, 0xA31}, {0xA34, 0xA34}, {0xA37, 0xA37}, {0xA3A, 0xA3B},
    {0xA3D, 0xA3D}, {0xA43, 0xA46}, {0xA49, 0xA4A}, {0xA4E, 0xA50},
    {0xA52, 0xA58}, {0xA5D, 0xA5D}, {0xA5F, 0xA65}, {0xA77, 0xA80},
    {0xA84, 0xA84}, {0xA8E, 0xA8E}, {0xA92, 0xA92}, {0xAA9, 0xAA9},
    {0xAB1, 0xAB1}, {0xAB4, 0xAB4}, {0xABA, 0xABB}, {0xAC6, 0xAC6},
    {0xACA, 0xACA}, {0xACE, 0xACF}, {0xAD1, 0xADF}, {0xAE4, 0xAE5},
    {0xAF2, 0xAF8}, {0xB00, 0xB00}, {0xB04, 0xB04}, {0xB0D, 0xB0E},
    {0xB11, 0xB12}, {0xB29, 0xB29}, {0xB31, 0xB31}, {0xB34, 0xB34},
    {0xB3A, 0xB3B}, {0xB45, 0xB46}, {0xB49, 0xB4A}, {0xB4E, 0xB54},
    {0xB58, 0xB5B}, {0xB5E, 0xB5E}, {0xB64, 0xB65}, {0xB78, 0xB81},
    {0xB84, 0xB84}, {0xB8B, 0xB8D}, {0xB91, 0xB91}, {0xB96, 0xB98},
    {0xB9B, 0xB9B}, {0xB9D, 0xB9D}, {0xBA0, 0xBA2}, {0xBA5, 0xBA7},
    {0xBAB, 0xBAD}, {0xBBA, 0xBBD}, {0xBC3, 0xBC5}, {0xBC9, 0xBC9},
    {0xBCE, 0xBCF}, {0xBD1, 0xBD6}, {0xBD8, 0xBE5}, {0xBFB, 0xBFF},
    {0xC0D, 0xC0D}, {0xC11, 0xC11}, {0xC29, 0xC29}, {0xC3A, 0xC3B},
    {0xC45, 0xC45}, {0xC49, 0xC49}, {0xC4E, 0xC54}, {0xC57, 0xC57},
    {0xC5B, 0xC5C}, {0xC5E, 0xC5F}, {0xC64, 0xC65}, {0xC70, 0xC76},
    {0xC8D, 0xC8D}, {0xC91, 0xC91}, {0xCA9, 0xCA9}, {0xCB4, 0xCB4},
    {0xCBA, 0xCBB}, {0xCC5, 0xCC5}, {0xCC9, 0xCC9}, {0xCCE, 0xCD4},
    {0xCD7, 0xCDC}, {0xCDF, 0xCDF}, {0xCE4, 0xCE5}, {0xCF0, 0xCF0},
    {0xCF4, 0xCFF}, {0xD0D, 0xD0D}, {0xD11, 0xD11}, {0xD45, 0xD45},
    {0xD49, 0xD49}, {0xD50, 0xD53}, {0xD64, 0xD65}, {0xD80, 0xD80},
    {0xD84, 0xD84}, {0xD97, 0xD99}, {0xDB2, 0xDB2}, {0xDBC, 0xDBC},
    {0xDBE, 0xDBF}, {0xDC7, 0xDC9}, {0xDCB, 0xDCE}, {0xDD5, 0xDD5},
    {0xDD7, 0xDD7}, {0xDE0, 0xDE5}, {0xDF0, 0xDF1}, {0xDF5, 0xE00},
    {0xE3B, 0xE3E}, {0xE5C, 0xE80}, {0xE83, 0xE83}, {0xE85, 0xE85},
    {0xE8B, 0xE8B}, {0xEA4, 0xEA4}, {0xEA6, 0xEA6}, {0xEBE, 0xEBF},
    {0xEC5, 0xEC5}, {0xEC7, 0xEC7}, {0xECF, 0xECF}, {0xEDA, 0xEDB},
    {0xEE0, 0xEFF}, {0xF48, 0xF48}, {0xF6D, 0xF70}, {0xF98, 0xF98},
    {0xFBD, 0xFBD}, {0xFCD, 0xFCD}, {0xFDB, 0xFFF}, {0x10C6, 0x10C6},
    {0x10C8, 0x10CC}, {0x10CE, 0x10CF}, {0x1249, 0x1249}, {0x124E, 0x124F},
    {0x1257, 0x1257}, {0x1259, 0x1259}, {0x125E, 0x125F}, {0x1289, 0x1289},
    {0x128E, 0x128F}, {0x12B1, 0x12B1}, {0x12B6, 0x12B7}, {0x12BF, 0x12BF},
    {0x12C1, 0x12C1}, {0x12C6, 0x12C7}, {0x12D7, 0x12D7}, {0x1311, 0x1311},
    {0x1316, 0x1317}, {0x135B, 0x135C}, {0x137D, 0x137F}, {0x139A, 0x139F},
    {0x13F6, 0x13F7}, {0x13FE, 0x13FF}, {0x169D, 0x169F}, {0x16F9, 0x16FF},
    {0x1716, 0x171E}, {0x1737, 0x173F}, {0x1754, 0x175F}, {0x176D, 0x176D},
    {0x1771, 0x1771}, {0x1774, 0x177F}, {0x17DE, 0x17DF}, {0x17EA, 0x17EF},
    {0x17FA, 0x17FF}, {0x180E, 0x180E}, {0x181A, 0x181F}, {0x1879, 0x187F},
    {0x18AB, 0x18AF}, {0x18F6, 0x18FF}, {0x191F, 0x191F}, {0x192C, 0x192F},
    {0x193C, 0x193F}, {0x1941, 0x1943}, {0x196E, 0x196F}, {0x1975, 0x197F},
    {0x19AC, 0x19AF}, {0x19CA, 0x19CF}, {0x19DB, 0x19DD}, {0x1A1C, 0x1A1D},
    {0x1A5F, 0x1A5F}, {0x1A7D, 0x1A7E}, {0x1A8A, 0x1A8F}, {0x1A9A, 0x1A9F},
    {0x1AAE, 0x1AAF}, {0x1ACF, 0x1AFF}, {0x1B4D, 0x1B4F}, {0x1B7F, 0x1B7F},
    {0x1BF4, 0x1BFB}, {0x1C38, 0x1C3A}, {0x1C4A, 0x1C4C}, {0x1C89, 0x1C8F},
    {0x1CBB, 0x1CBC}, {0x1CC8, 0x1CCF}, {0x1CFB, 0x1CFF}, {0x1F16, 0x1F17},
    {0x1F1E, 0x1F1F}, {0x1F46, 0x1F47}, {0x1F4E, 0x1F4F}, {0x1F58, 0x1F58},
    {0x1F5A, 0x1F5A}, {0x1F5C, 0x1F5C}, {0x1F5E, 0x1F5E}, {0x1F7E, 0x1F7F},
    {0x1FB5, 0x1FB5}, {0x1FC5, 0x1FC5}, {0x1FD4, 0x1FD5}, {0x1FDC, 0x1FDC},
    {0x1FF0, 0x1FF1}, {0x1FF5, 0x1FF5}, {0x1FFF, 0x1FFF}, {0x200B, 0x200F},
    {0x202A, 0x202E}, {0x2060, 0x206F}, {0x2072, 0x2073}, {0x208F, 0x208F},
    {0x209D, 0x209F}, {0x20C1, 0x20CF}, {0x20F1, 0x20FF}, {0x218C, 0x218F},
    {0x2427, 0x243F}, {0x244B, 0x245F}, {0x2B74, 0x2B75}, {0x2B96, 0x2B96},
    {0x2CF4, 0x2CF8}, {0x2D26, 0x2D26}, {0x2D28, 0x2D2C}, {0x2D2E, 0x2D2F},
    {0x2D68, 0x2D6E}, {0x2D71, 0x2D7E}, {0x2D97, 0x2D9F}, {0x2DA7, 0x2DA7},
    {0x2DAF, 0x2DAF}, {0x2DB7, 0x2DB7}, {0x2DBF, 0x2DBF}, {0x2DC7, 0x2DC7},
    {0x2DCF, 0x2DCF}, {0x2DD7, 0x2DD7}, {0x2DDF, 0x2DDF}, {0x2E5E, 0x2E7F},
    {0x2E9A, 0x2E9A}, {0x2EF4, 0x2EFF}, {0x2FD6, 0x2FEF}, {0x3040, 0x3040},
    {0x3097, 0x3098}, {0x3100, 0x3104}, {0x3130, 0x3130}, {0x318F, 0x318F},
    {0x31E4, 0x31EE}, {0x321F, 0x321F}, {0xA48D, 0xA48F}, {0xA4C7, 0xA4CF},
    {0xA62C, 0xA63F}, {0xA6F8, 0xA6FF}, {0xA7CB, 0xA7CF}, {0xA7D2, 0xA7D2},
    {0xA7D4, 0xA7D4}, {0xA7DA, 0xA7F1}, {0xA82D, 0xA82F}, {0xA83A, 0xA83F},
    {0xA878, 0xA87F}, {0xA8C6, 0xA8CD}, {0xA8DA, 0xA8DF}, {0xA954, 0xA95E},
    {0xA97D, 0xA97F}, {0xA9CE, 0xA9CE}, {0xA9DA, 0xA9DD}, {0xA9FF, 0xA9FF},
    {0xAA37, 0xAA3F}, {0xAA4E, 0xAA4F}, {0xAA5A, 0xAA5B}, {0xAAC3, 0xAADA},
    {0xAAF7, 0xAB00}, {0xAB07, 0xAB08}, {0xAB0F, 0xAB10}, {0xAB17, 0xAB1F},
    {0xAB27, 0xAB27}, {0xAB2F, 0xAB2F}, {0xAB6C, 0xAB6F}, {0xABEE, 0xABEF},
    {0xABFA, 0xABFF}, {0xD7A4, 0xD7AF}, {0xD7C7, 0xD7CA}, {0xD7FC, 0xF8FF},
    {0xFA6E, 0xFA6F}, {0xFADA, 0xFAFF}, {0xFB07, 0xFB12}, {0xFB18, 0xFB1C},
    {0xFB37, 0xFB37}, {0xFB3D, 0xFB3D}, {0xFB3F, 0xFB3F}, {0xFB42, 0xFB42},
    {0xFB45, 0xFB45}, {0xFBC3, 0xFBD2}, {0xFD90, 0xFD91}, {0xFDC8, 0xFDCE},
    {0xFDD0, 0xFDEF}, {0xFE1A, 0xFE1F}, {0xFE53, 0xFE53}, {0xFE67, 0xFE67},
    {0xFE6C, 0xFE6F}, {0xFE75, 0xFE75}, {0xFEFD, 0xFF00}, {0xFFBF, 0xFFC1},
    {0xFFC8, 0xFFC9}, {0xFFD0, 0xFFD1}, {0xFFD8, 0xFFD9}, {0xFFDD, 0xFFDF},
    {0xFFE7, 0xFFE7}, {0xFFEF, 0xFFFB}, {0xFFFE, 0xFFFF}, {0x1000C, 0x1000C},
    {0x10027, 0x10027}, {0x1003B, 0x1003B}, {0x1003E, 0x1003E}, {0x1004E, 0x1004F},
    {0x1005E, 0x1007F}, {0x100FB, 0x100FF}, {0x10103, 0x10106}, {0x10134, 0x10136},
    {0x1018F, 0x1018F}, {0x1019D, 0x1019F}, {0x101A1, 0x101CF}, {0x101FE, 0x1027F},
    {0x1029D, 0x1029F}, {0x102D1, 0x102DF}, {0x102FC, 0x102FF}, {0x10324, 0x1032C},
    {0x1034B, 0x1034F}, {0x1037B, 0x1037F}, {0x1039E, 0x1039E}, {0x103C4, 0x103C7},
    {0x103D6, 0x103FF}, {0x1049E, 0x1049F}, {0x104AA, 0x104AF}, {0x104D4, 0x104D7},
    {0x104FC, 0x104FF}, {0x10528, 0x1052F}, {0x10564, 0x1056E}, {0x1057B, 0x1057B},
    {0x1058B, 0x1058B}, {0x10593, 0x10593}, {0x10596, 0x10596}, {0x105A2, 0x105A2},
    {0x105B2, 0x105B2}, {0x105BA, 0x105BA}, {0x105BD, 0x105FF}, {0x10737, 0x1073F},
    {0x10756, 0x1075F}, {0x10768, 0x1077F}, {0x10786, 0x10786}, {0x107B1, 0x107B1},
    {0x107BB, 0x107FF}, {0x10806, 0x10807}, {0x10809, 0x10809}, {0x10836, 0x10836},
    {0x10839, 0x1083B}, {0x1083D, 0x1083E}, {0x10856, 0x10856}, {0x1089F, 0x108A6},
    {0x108B0, 0x108DF}, {0x108F3, 0x108F3}, {0x108F6, 0x108FA}, {0x1091C, 0x1091E},
    {0x1093A, 0x1093E}, {0x10940, 0x1097F}, {0x109B8, 0x109BB}, {0x109D0, 0x109D1},
    {0x10A04, 0x10A04}, {0x10A07, 0x10A0B}, {0x10A14, 0x10A14}, {0x10A18, 0x10A18},
    {0x10A36, 0x10A37}, {0x10A3B, 0x10A3E}, {0x10A49, 0x10A4F}, {0x10A59, 0x10A5F},
    {0x10AA0, 0x10ABF}, {0x10AE7, 0x10AEA}, {0x10AF7, 0x10AFF}, {0x10B36, 0x10B38},
    {0x10B56, 0x10B57}, {0x10B73, 0x10B77}, {0x10B92, 0x10B98}, {0x10B9D, 0x10BA8},
    {0x10BB0, 0x10BFF}, {0x10C49, 0x10C7F}, {0x10CB3, 0x10CBF}, {0x10CF3, 0x10CF9},
    {0x10D28, 0x10D2F}, {0x10D3A, 0x10E5F}, {0x10E7F, 0x10E7F}, {0x10EAA, 0x10EAA},
    {0x10EAE, 0x10EAF}, {0x10EB2, 0x10EFC}, {0x10F28, 0x10F2F}, {0x10F5A, 0x10F6F},
    {0x10F8A, 0x10FAF}, {0x10FCC, 0x10FDF}, {0x10FF7, 0x10FFF}, {0x1104E, 0x11051},
    {0x11076, 0x1107E}, {0x110BD, 0x110BD}, {0x110C3, 0x110CF}, {0x110E9, 0x110EF},
    {0x110FA, 0x110FF}, {0x11135, 0x11135}, {0x11148, 0x1114F}, {0x11177, 0x1117F},
    {0x111E0, 0x111E0}, {0x111F5, 0x111FF}, {0x11212, 0x11212}, {0x11242, 0x1127F},
    {0x11287, 0x11287}, {0x11289, 0x11289}, {0x1128E, 0x1128E}, {0x1129E, 0x1129E},
    {0x112AA, 0x112AF}, {0x112EB, 0x112EF}, {0x112FA, 0x112FF}, {0x11304, 0x11304},
    {0x1130D, 0x1130E}, {0x11311, 0x11312}, {0x11329, 0x11329}, {0x11331, 0x11331},
    {0x11334, 0x11334}, {0x1133A, 0x1133A}, {0x11345, 0x11346}, {0x11349, 0x1134A},
    {0x1134E, 0x1134F}, {0x11351, 0x11356}, {0x11358, 0x1135C}, {0x11364, 0x11365},
    {0x1136D, 0x1136F}, {0x11375, 0x113FF}, {0x1145C, 0x1145C}, {0x11462, 0x1147F},
    {0x114C8, 0x114CF}, {0x114DA, 0x1157F}, {0x115B6, 0x115B7}, {0x115DE, 0x115FF},
    {0x11645, 0x1164F}, {0x1165A, 0x1165F}, {0x1166D, 0x1167F}, {0x116BA, 0x116BF},
    {0x116CA, 0x116FF}, {0x1171B, 0x1171C}, {0x1172C, 0x1172F}, {0x11747, 0x117FF},
    {0x1183C, 0x1189F}, {0x118F3, 0x118FE}, {0x11907, 0x11908}, {0x1190A, 0x1190B},
    {0x11914, 0x11914}, {0x11917, 0x11917}, {0x11936, 0x11936}, {0x11939, 0x1193A},
    {0x11947, 0x1194F}, {0x1195A, 0x1199F}, {0x119A8, 0x119A9}, {0x119D8, 0x119D9},
    {0x119E5, 0x119FF}, {0x11A48, 0x11A4F}, {0x11AA3, 0x11AAF}, {0x11AF9, 0x11AFF},
    {0x11B0A, 0x11BFF}, {0x11C09, 0x11C09}, {0x11C37, 0x11C37}, {0x11C46, 0x11C4F},
    {0x11C6D, 0x11C6F}, {0x11C90, 0x11C91}, {0x11CA8, 0x11CA8}, {0x11CB7, 0x11CFF},
    {0x11D07, 0x11D07}, {0x11D0A, 0x11D0A}, {0x11D37, 0x11D39}, {0x11D3B, 0x11D3B},
    {0x11D3E, 0x11D3E}, {0x11D48, 0x11D4F}, {0x11D5A, 0x11D5F}, {0x11D66, 0x11D66},
    {0x11D69, 0x11D69}, {0x11D8F, 0x11D8F}, {0x11D92, 0x11D92}, {0x11D99, 0x11D9F},
    {0x11DAA, 0x11EDF}, {0x11EF9, 0x11EFF}, {0x11F11, 0x11F11}, {0x11F3B, 0x11F3D},
    {0x11F5A, 0x11FAF}, {0x11FB1, 0x11FBF}, {0x11FF2, 0x11FFE}, {0x1239A, 0x123FF},
    {0x1246F, 0x1246F}, {0x12475, 0x1247F}, {0x12544, 0x12F8F}, {0x12FF3, 0x12FFF},
    {0x13430, 0x1343F}, {0x13456, 0x143FF}, {0x14647, 0x167FF}, {0x16A39, 0x16A3F},
    {0x16A5F, 0x16A5F}, {0x16A6A, 0x16A6D}, {0x16ABF, 0x16ABF}, {0x16ACA, 0x16ACF},
    {0x16AEE, 0x16AEF}, {0x16AF6, 0x16AFF}, {0x16B46, 0x16B4F}, {0x16B5A, 0x16B5A},
    {0x16B62, 0x16B62}, {0x16B78, 0x16B7C}, {0x16B90, 0x16E3F}, {0x16E9B, 0x16EFF},
    {0x16F4B, 0x16F4E}, {0x16F88, 0x16F8E}, {0x16FA0, 0x16FDF}, {0x16FE5, 0x16FEF},
    {0x16FF2, 0x16FFF}, {0x187F8, 0x187FF}, {0x18CD6, 0x18CFF}, {0x18D09, 0x1AFEF},
    {0x1AFF4, 0x1AFF4}, {0x1AFFC, 0x1AFFC}, {0x1AFFF, 0x1AFFF}, {0x1B123, 0x1B131},
    {0x1B133, 0x1B14F}, {0x1B153, 0x1B154}, {0x1B156, 0x1B163}, {0x1B168, 0x1B16F},
    {0x1B2FC, 0x1BBFF}, {0x1BC6B, 0x1BC6F}, {0x1BC7D, 0x1BC7F}, {0x1BC89, 0x1BC8F},
    {0x1BC9A, 0x1BC9B}, {0x1BCA0, 0x1CEFF}, {0x1CF2E, 0x1CF2F}, {0x1CF47, 0x1CF4F},
    {0x1CFC4, 0x1CFFF}, {0x1D0F6, 0x1D0FF}, {0x1D127, 0x1D128}, {0x1D173, 0x1D17A},
    {0x1D1EB, 0x1D1FF}, {0x1D246, 0x1D2BF}, {0x1D2D4, 0x1D2DF}, {0x1D2F4, 0x1D2FF},
    {0x1D357, 0x1D35F}, {0x1D379, 0x1D3FF}, {0x1D455, 0x1D455}, {0x1D49D, 0x1D49D},
    {0x1D4A0, 0x1D4A1}, {0x1D4A3, 0x1D4A4}, {0x1D4A7, 0x1D4A8}, {0x1D4AD, 0x1D4AD},
    {0x1D4BA, 0x1D4BA}, {0x1D4BC, 0x1D4BC}, {0x1D4C4, 0x1D4C4}, {0x1D506, 0x1D506},
    {0x1D50B, 0x1D50C}, {0x1D515, 0x1D515}, {0x1D51D, 0x1D51D}, {0x1D53A, 0x1D53A},
    {0x1D53F, 0x1D53F}, {0x1D545, 0x1D545}, {0x1D547, 0x1D549}, {0x1D551, 0x1D551},
    {0x1D6A6, 0x1D6A7}, {0x1D7CC, 0x1D7CD}, {0x1DA8C, 0x1DA9A}, {0x1DAA0, 0x1DAA0},
    {0x1DAB0, 0x1DEFF}, {0x1DF1F, 0x1DF24}, {0x1DF2B, 0x1DFFF}, {0x1E007, 0x1E007},
    {0x1E019, 0x1E01A}, {0x1E022, 0x1E022}, {0x1E025, 0x1E025}, {0x1E02B, 0x1E02F},
    {0x1E06E, 0x1E08E}, {0x1E090, 0x1E0FF}, {0x1E12D, 0x1E12F}, {0x1E13E, 0x1E13F},
    {0x1E14A, 0x1E14D}, {0x1E150, 0x1E28F}, {0x1E2AF, 0x1E2BF}, {0x1E2FA, 0x1E2FE},
    {0x1E300, 0x1E4CF}, {0x1E4FA, 0x1E7DF}, {0x1E7E7, 0x1E7E7}, {0x1E7EC, 0x1E7EC},
    {0x1E7EF, 0x1E7EF}, {0x1E7FF, 0x1E7FF}, {0x1E8C5, 0x1E8C6}, {0x1E8D7, 0x1E8FF},
    {0x1E94C, 0x1E94F}, {0x1E95A, 0x1E95D}, {0x1E960, 0x1EC70}, {0x1ECB5, 0x1ED00},
    {0x1ED3E, 0x1EDFF}, {0x1EE04, 0x1EE04}, {0x1EE20, 0x1EE20}, {0x1EE23, 0x1EE23},
    {0x1EE25, 0x1EE26}, {0x1EE28, 0x1EE28}, {0x1EE33, 0x1EE33}, {0x1EE38, 0x1EE38},
    {0x1EE3A, 0x1EE3A}, {0x1EE3C, 0x1EE41}, {0x1EE43, 0x1EE46}, {0x1EE48, 0x1EE48},
    {0x1EE4A, 0x1EE4A}, {0x1EE4C, 0x1EE4C}, {0x1EE50, 0x1EE50}, {0x1EE53, 0x1EE53},
    {0x1EE55, 0x1EE56}, {0x1EE58, 0x1EE58}, {0x1EE5A, 0x1EE5A}, {0x1EE5C, 0x1EE5C},
    {0x1EE5E, 0x1EE5E}, {0x1EE60, 0x1EE60}, {0x1EE63, 0x1EE63}, {0x1EE65, 0x1EE66},
    {0x1EE6B, 0x1EE6B}, {0x1EE73, 0x1EE73}, {0x1EE78, 0x1EE78}, {0x1EE7D, 0x1EE7D},
    {0x1EE7F, 0x1EE7F}, {0x1EE8A, 0x1EE8A}, {0x1EE9C, 0x1EEA0}, {0x1EEA4, 0x1EEA4},
    {0x1EEAA, 0x1EEAA}, {0x1EEBC, 0x1EEEF}, {0x1EEF2, 0x1EFFF}, {0x1F02C, 0x1F02F},
    {0x1F094, 0x1F09F}, {0x1F0AF, 0x1F0B0}, {0x1F0C0, 0x1F0C0}, {0x1F0D0, 0x1F0D0},
    {0x1F0F6, 0x1F0FF}, {0x1F1AE, 0x1F1E5}, {0x1F203, 0x1F20F}, {0x1F23C, 0x1F23F},
    {0x1F249, 0x1F24F}, {0x1F252, 0x1F25F}, {0x1F266, 0x1F2FF}, {0x1F6D8, 0x1F6DB},
    {0x1F6ED, 0x1F6EF}, {0x1F6FD, 0x1F6FF}, {0x1F777, 0x1F77A}, {0x1F7DA, 0x1F7DF},
    {0x1F7EC, 0x1F7EF}, {0x1F7F1, 0x1F7FF}, {0x1F80C, 0x1F80F}, {0x1F848, 0x1F84F},
    {0x1F85A, 0x1F85F}, {0x1F888, 0x1F88F}, {0x1F8AE, 0x1F8AF}, {0x1F8B2, 0x1F8FF},
    {0x1FA54, 0x1FA5F}, {0x1FA6E, 0x1FA6F}, {0x1FA7D, 0x1FA7F}, {0x1FA89, 0x1FA8F},
    {0x1FABE, 0x1FABE}, {0x1FAC6, 0x1FACD}, {0x1FADC, 0x1FADF}, {0x1FAE9, 0x1FAEF},
    {0x1FAF9, 0x1FAFF}, {0x1FB93, 0x1FB93}, {0x1FBCB, 0x1FBEF}, {0x1FBFA, 0x1FFFF},
    {0x2A6E0, 0x2A6FF}, {0x2B73A, 0x2B73F}, {0x2B81E, 0x2B81F}, {0x2CEA2, 0x2CEAF},
    {0x2EBE1, 0x2EBEF}, {0x2EE5E, 0x2F7FF}, {0x2FA1E, 0x2FFFF}, {0x3134B, 0x3134F},
    {0x323B0, 0xE00FF}, {0xE01F0, 0x10FFFF}
};
inline constexpr int kControl_n = 714;

inline constexpr CpRange kSpace[] = {
    {0x9, 0xA}, {0xD, 0xD}, {0x20, 0x20}, {0xA0, 0xA0},
    {0x1680, 0x1680}, {0x2000, 0x200A}, {0x202F, 0x202F}, {0x205F, 0x205F},
    {0x3000, 0x3000}
};
inline constexpr int kSpace_n = 9;

}  // namespace bert_uni
